text,label,label_id,language_variant,language_id,is_synthetic
जेनरेटर सर्विस चार्ज ₹1500,capital_goods,0,Hindi (Devanagari),0,True
टाटा स्टील प्लेट 2 मीटर @ 2000/मीटर,capital_goods,0,Hindi (Devanagari),0,True
ऑफिस चेयर गोदरेज,capital_goods,0,Hindi (Devanagari),0,True
कंप्यूटर डेस्क मोदी फर्नीचर,capital_goods,0,Hindi (Devanagari),0,True
प्लांट मशीन पार्ट्स ₹7500,capital_goods,0,Hindi (Devanagari),0,True
डेल लैपटॉप ऑफिस के लिए,capital_goods,0,Hindi (Devanagari),0,True
फैक्ट्री टूल्स सेट 10 पीस,capital_goods,0,Hindi (Devanagari),0,True
ऑफिस एसी वोल्टास,capital_goods,0,Hindi (Devanagari),0,True
जनरेटर रिपेयरिंग ₹3000,capital_goods,0,Hindi (Devanagari),0,True
स्टील रॉड 5 किलो @ 120/किलो,capital_goods,0,Hindi (Devanagari),0,True
कंप्यूटर टेबल 2 नंबर,capital_goods,0,Hindi (Devanagari),0,True
फैक्ट्री मशीन स्पेयर पार्ट्स,capital_goods,0,Hindi (Devanagari),0,True
प्रिंटर कार्ट्रिज ₹1200,capital_goods,0,Hindi (Devanagari),0,True
ऑफिस फैन 3 नंबर,capital_goods,0,Hindi (Devanagari),0,True
कम्प्यूटर मॉनिटर एलजी,capital_goods,0,Hindi (Devanagari),0,True
कच्चा माल ट्रांसपोर्ट चार्ज ₹2000,capital_goods,0,Hindi (Devanagari),0,True
मशीन ऑयल 5 लीटर @ 400/लीटर,capital_goods,0,Hindi (Devanagari),0,True
ऑफिस कैबिनेट गोदरेज,capital_goods,0,Hindi (Devanagari),0,True
फैक्ट्री टूल्स रिपेयरिंग ₹1500,capital_goods,0,Hindi (Devanagari),0,True
कंप्यूटर रैम 4GB किंग्सटन,capital_goods,0,Hindi (Devanagari),0,True
प्लांट मशीन सर्विस चार्ज ₹5000,capital_goods,0,Hindi (Devanagari),0,True
ऑफिस टेबल फोल्डिंग,capital_goods,0,Hindi (Devanagari),0,True
जेनरेटर फ्यूल टैंक ₹2500,capital_goods,0,Hindi (Devanagari),0,True
स्टील पाइप 10 मीटर @ 150/मीटर,capital_goods,0,Hindi (Devanagari),0,True
कंप्यूटर कीबोर्ड डेल,capital_goods,0,Hindi (Devanagari),0,True
फैक्ट्री बेंच 5 नंबर,capital_goods,0,Hindi (Devanagari),0,True
ऑफिस प्रिंटर HP,capital_goods,0,Hindi (Devanagari),0,True
प्लांट मशीन बेल्ट ₹800,capital_goods,0,Hindi (Devanagari),0,True
कंप्यूटर माउस लोजिटेक,capital_goods,0,Hindi (Devanagari),0,True
फैक्ट्री वायर 20 मीटर @ 50/मीटर,capital_goods,0,Hindi (Devanagari),0,True
ऑफिस एसी फिल्टर ₹600,capital_goods,0,Hindi (Devanagari),0,True
जेनरेटर बैटरी ₹3500,capital_goods,0,Hindi (Devanagari),0,True
स्टील शीट 2 नंबर @ 500/नंबर,capital_goods,0,Hindi (Devanagari),0,True
कंप्यूटर प्रोसेसर इंटेल,capital_goods,0,Hindi (Devanagari),0,True
फैक्ट्री लैंप 10 पीस,capital_goods,0,Hindi (Devanagari),0,True
ऑफिस कुर्सी फोल्डिंग,capital_goods,0,Hindi (Devanagari),0,True
प्लांट मशीन ग्रीस ₹200,capital_goods,0,Hindi (Devanagari),0,True
कंप्यूटर हार्ड डिस्क 1TB,capital_goods,0,Hindi (Devanagari),0,True
फैक्ट्री पाइप 5 मीटर @ 100/मीटर,capital_goods,0,Hindi (Devanagari),0,True
ऑफिस टेबल ग्लास ₹1500,capital_goods,0,Hindi (Devanagari),0,True
जेनरेटर स्पेयर पार्ट्स ₹4000,capital_goods,0,Hindi (Devanagari),0,True
स्टील वायर 15 किलो @ 80/किलो,capital_goods,0,Hindi (Devanagari),0,True
कंप्यूटर स्पीकर लोजिटेक,capital_goods,0,Hindi (Devanagari),0,True
फैक्ट्री टूल्स बॉक्स ₹1200,capital_goods,0,Hindi (Devanagari),0,True
ऑफिस पंखा 2 नंबर,capital_goods,0,Hindi (Devanagari),0,True
प्लांट मशीन स्पेयर ₹6000,capital_goods,0,Hindi (Devanagari),0,True
कंप्यूटर प्रिंटर कार्ट्रिज ₹800,capital_goods,0,Hindi (Devanagari),0,True
फैक्ट्री बेंच 3 नंबर,capital_goods,0,Hindi (Devanagari),0,True
ऑफिस कैबिनेट वुडन ₹2500,capital_goods,0,Hindi (Devanagari),0,True
जेनरेटर रिपेयर @ 1500,capital_goods,0,Hindi (Devanagari),0,True
टाटा स्टील पाइप 5m @ 200/m,capital_goods,0,Hindi (Devanagari),0,True
ऑफिस चेयर 2 पीस,capital_goods,0,Hindi (Devanagari),0,True
देल लैपटॉप फॉर ऑफिस,capital_goods,0,Hindi (Devanagari),0,True
फैक्ट्री टूल्स सेट,capital_goods,0,Hindi (Devanagari),0,True
प्लांट मशीनरी स्पेयर पार्ट्स,capital_goods,0,Hindi (Devanagari),0,True
प्रिंटर कार्ट्रिज 2 पीस,capital_goods,0,Hindi (Devanagari),0,True
कंप्यूटर टेबल 1 नंबर,capital_goods,0,Hindi (Devanagari),0,True
जेनरेटर ऑयल 5 लीटर,capital_goods,0,Hindi (Devanagari),0,True
ऑफिस फर्नीचर बिल,capital_goods,0,Hindi (Devanagari),0,True
स्टील राॅड 3m @ 1200/m,capital_goods,0,Hindi (Devanagari),0,True
फैक्ट्री फैन 2 पीस,capital_goods,0,Hindi (Devanagari),0,True
टाटा पावर टूल्स,capital_goods,0,Hindi (Devanagari),0,True
ऑफिस एसी सर्विस चार्ज,capital_goods,0,Hindi (Devanagari),0,True
कंप्यूटर माउस 3 पीस,capital_goods,0,Hindi (Devanagari),0,True
प्लांट मशीनरी मेन्टेनेंस,capital_goods,0,Hindi (Devanagari),0,True
जेनरेटर फ्यूल टैंक,capital_goods,0,Hindi (Devanagari),0,True
ऑफिस प्रिंटर रिपेयर,capital_goods,0,Hindi (Devanagari),0,True
स्टील प्लेट 10kg,capital_goods,0,Hindi (Devanagari),0,True
फैक्ट्री सुरक्षा गियर,capital_goods,0,Hindi (Devanagari),0,True
टाटा मोटर पार्ट्स,capital_goods,0,Hindi (Devanagari),0,True
ऑफिस डेस्क 1 नंबर,capital_goods,0,Hindi (Devanagari),0,True
कंप्यूटर रैम 4GB,capital_goods,0,Hindi (Devanagari),0,True
प्लांट मशीनरी बीयरिंग,capital_goods,0,Hindi (Devanagari),0,True
जेनरेटर बैटरी चार्जर,capital_goods,0,Hindi (Devanagari),0,True
ऑफिस लैंप 2 पीस,capital_goods,0,Hindi (Devanagari),0,True
स्टील वायर 5m @ 50/m,capital_goods,0,Hindi (Devanagari),0,True
फैक्ट्री टूल बॉक्स,capital_goods,0,Hindi (Devanagari),0,True
टाटा जेनरेटर सर्विस,capital_goods,0,Hindi (Devanagari),0,True
ऑफिस फाइल कैबिनेट,capital_goods,0,Hindi (Devanagari),0,True
कंप्यूटर मॉनिटर 22 इंच,capital_goods,0,Hindi (Devanagari),0,True
प्लांट मशीनरी बेल्ट,capital_goods,0,Hindi (Devanagari),0,True
जेनरेटर वाटर पंप,capital_goods,0,Hindi (Devanagari),0,True
ऑफिस स्टेशनरी बिल,capital_goods,0,Hindi (Devanagari),0,True
स्टील नट बोल्ट सेट,capital_goods,0,Hindi (Devanagari),0,True
फैक्ट्री वर्क टेबल,capital_goods,0,Hindi (Devanagari),0,True
टाटा पावर कॉर्ड,capital_goods,0,Hindi (Devanagari),0,True
ऑफिस कुर्सी कुशन,capital_goods,0,Hindi (Devanagari),0,True
प्लांट मशीनरी ग्रीस,capital_goods,0,Hindi (Devanagari),0,True
जेनरेटर स्पेयर पार्ट्स,capital_goods,0,Hindi (Devanagari),0,True
ऑफिस प्रिंटर इंक,capital_goods,0,Hindi (Devanagari),0,True
स्टील स्क्रू ड्राइवर,capital_goods,0,Hindi (Devanagari),0,True
फैक्ट्री ग्लव्स 10 पीस,capital_goods,0,Hindi (Devanagari),0,True
टाटा जेनरेटर बेल्ट,capital_goods,0,Hindi (Devanagari),0,True
ऑफिस बुक शेल्फ,capital_goods,0,Hindi (Devanagari),0,True
कंप्यूटर कीबोर्ड 1 नंबर,capital_goods,0,Hindi (Devanagari),0,True
प्लांट मशीनरी पाइप,capital_goods,0,Hindi (Devanagari),0,True
जेनरेटर फ्यूल पंप,capital_goods,0,Hindi (Devanagari),0,True
जनरेटर मरम्मत शुल्क 2500 रुपये,capital_goods,0,Hindi (Devanagari),0,True
हवा कंप्रेसर खरीद - अम्बर इंडस्ट्रीज,capital_goods,0,Hindi (Devanagari),0,True
3 टेबल फैक्ट्री के लिए @ 4500 प्रति,capital_goods,0,Hindi (Devanagari),0,True
कंप्यूटर मॉनिटर डेल 22 इंच,capital_goods,0,Hindi (Devanagari),0,True
ऑफिस चेयर 5 नंबर ग्रीन कलर,capital_goods,0,Hindi (Devanagari),0,True
वेल्डिंग मशीन सुपरफास्ट ब्रांड,capital_goods,0,Hindi (Devanagari),0,True
प्रिंटर कार्ट्रिज HP 85A,capital_goods,0,Hindi (Devanagari),0,True
इलेक्ट्रिकल टूल्स सेट 12 पीस,capital_goods,0,Hindi (Devanagari),0,True
स्टील रैक 6 फीट x 4 फीट,capital_goods,0,Hindi (Devanagari),0,True
अकाउंट्स लैपटॉप लेनोवो आई5,capital_goods,0,Hindi (Devanagari),0,True
फैक्ट्री पंखे 3 नंबर @ 1800,capital_goods,0,Hindi (Devanagari),0,True
टाटा स्टील पाइप 10 मीटर,capital_goods,0,Hindi (Devanagari),0,True
ऑफिस अलमारी गोदरेज ब्रांड,capital_goods,0,Hindi (Devanagari),0,True
डीजल जनरेटर सेवा चार्ज,capital_goods,0,Hindi (Devanagari),0,True
कंप्यूटर टेबल मेटल फ्रेम,capital_goods,0,Hindi (Devanagari),0,True
वायर कटर स्टैनले ब्रांड,capital_goods,0,Hindi (Devanagari),0,True
2 CPU कैबिनेट इंटेल कोर,capital_goods,0,Hindi (Devanagari),0,True
फैक्स मशीन पुरानी रिपेयरिंग,capital_goods,0,Hindi (Devanagari),0,True
सिक्योरिटी कैमरा 4 चैनल DVR,capital_goods,0,Hindi (Devanagari),0,True
वाटर कूलर सिन्धु इलेक्ट्रिकल,capital_goods,0,Hindi (Devanagari),0,True
स्टील वर्कबेंच कस्टम मेड,capital_goods,0,Hindi (Devanagari),0,True
फाइल कैबिनेट 4 ड्रॉअर ब्लैक,capital_goods,0,Hindi (Devanagari),0,True
ट्रक क्रेन सेवा शुल्क 1 दिन,capital_goods,0,Hindi (Devanagari),0,True
बैटरी बैकअप 1500VA न्यू,capital_goods,0,Hindi (Devanagari),0,True
ड्रिल मशीन बॉश 10mm,capital_goods,0,Hindi (Devanagari),0,True
स्प्लिट AC 1.5 टन LG,capital_goods,0,Hindi (Devanagari),0,True
फैक्ट्री लाइटिंग फिटिंग्स 20 नंबर,capital_goods,0,Hindi (Devanagari),0,True
कंप्यूटर UPS 600VA माइक्रोटेक,capital_goods,0,Hindi (Devanagari),0,True
स्टेनलेस स्टील ट्रॉली 3 टायर,capital_goods,0,Hindi (Devanagari),0,True
प्रोजेक्टर इंफोकस ब्रांड ऑफिस,capital_goods,0,Hindi (Devanagari),0,True
फायर एक्स्टिंग्विशर रिफिल,capital_goods,0,Hindi (Devanagari),0,True
वर्कशॉप टूल बॉक्स लोकल,capital_goods,0,Hindi (Devanagari),0,True
सर्वर रैक 42U नेटवर्क,capital_goods,0,Hindi (Devanagari),0,True
ऑफिस सोफा सेट 3+1+1,capital_goods,0,Hindi (Devanagari),0,True
हैवी ड्यूटी ग्राइंडर मशीन,capital_goods,0,Hindi (Devanagari),0,True
टाटा हार्डवेयर बिल नवंबर,capital_goods,0,Hindi (Devanagari),0,True
2 प्रिंटर स्कैनर कॉम्बो,capital_goods,0,Hindi (Devanagari),0,True
फैक्ट्री गेट मोटर रिपेयर,capital_goods,0,Hindi (Devanagari),0,True
कंप्यूटर RAM 8GB किंग्स्टन,capital_goods,0,Hindi (Devanagari),0,True
वाटर प्यूरीफायर UV+RO,capital_goods,0,Hindi (Devanagari),0,True
स्टील शेल्फ यूनिट 5 लेयर,capital_goods,0,Hindi (Devanagari),0,True
लैपटॉप बैग सैमसन ब्रांड,capital_goods,0,Hindi (Devanagari),0,True
वायरलेस माउस लॉजिटेक 3 नंबर,capital_goods,0,Hindi (Devanagari),0,True
फैक्ट्री बेंच वाइस 6 इंच,capital_goods,0,Hindi (Devanagari),0,True
टेलीफोन सिस्टम 4 लाइन,capital_goods,0,Hindi (Devanagari),0,True
कैश काउंटर मशीन रिपेयर,capital_goods,0,Hindi (Devanagari),0,True
स्टील लॉकर 6 डोर,capital_goods,0,Hindi (Devanagari),0,True
बिजली मीटर डिजिटल नया,capital_goods,0,Hindi (Devanagari),0,True
फोटोकॉपी मशीन किराया जनवरी,capital_goods,0,Hindi (Devanagari),0,True
"मशीनरी खरीद - रु. 1,50,000",capital_goods,0,Hindi (Devanagari),0,True
कंप्यूटर डेल 5 नंबर,capital_goods,0,Hindi (Devanagari),0,True
ऑफिस टेबल 2 पीस,capital_goods,0,Hindi (Devanagari),0,True
जनरेटर किराया रु. 5000,capital_goods,0,Hindi (Devanagari),0,True
प्लांट मशीन मरम्मत,capital_goods,0,Hindi (Devanagari),0,True
प्रिंटर कार्ट्रिज 2 नंबर,capital_goods,0,Hindi (Devanagari),0,True
एसी 1.5 टन,capital_goods,0,Hindi (Devanagari),0,True
कुर्सी 5 नंबर @ 1200,capital_goods,0,Hindi (Devanagari),0,True
लैपटॉप एचपी रु. 45000,capital_goods,0,Hindi (Devanagari),0,True
स्टील रैक 3 पीस,capital_goods,0,Hindi (Devanagari),0,True
वेल्डिंग मशीन खरीद,capital_goods,0,Hindi (Devanagari),0,True
फाइल कैबिनेट 2 नंबर,capital_goods,0,Hindi (Devanagari),0,True
पंखा 3 नंबर @ 1500,capital_goods,0,Hindi (Devanagari),0,True
टाटा जनरेटर सर्विस,capital_goods,0,Hindi (Devanagari),0,True
ऑफिस चेयर 10 पीस,capital_goods,0,Hindi (Devanagari),0,True
प्रिंटर रु. 18000,capital_goods,0,Hindi (Devanagari),0,True
ड्रिल मशीन 1 नंबर,capital_goods,0,Hindi (Devanagari),0,True
सीसीटीवी कैमरा 4 नंबर,capital_goods,0,Hindi (Devanagari),0,True
एयर कंप्रेसर खरीद,capital_goods,0,Hindi (Devanagari),0,True
स्टील अलमारी 1 नंबर,capital_goods,0,Hindi (Devanagari),0,True
कंप्यूटर माउस 5 नंबर,capital_goods,0,Hindi (Devanagari),0,True
फैक्ट्री लाइटिंग,capital_goods,0,Hindi (Devanagari),0,True
टूल बॉक्स 1 नंबर,capital_goods,0,Hindi (Devanagari),0,True
स्कैनर रु. 7500,capital_goods,0,Hindi (Devanagari),0,True
टेबल फैन 2 नंबर,capital_goods,0,Hindi (Devanagari),0,True
वाटर कूलर 1 नंबर,capital_goods,0,Hindi (Devanagari),0,True
स्टील शेल्फ 2 पीस,capital_goods,0,Hindi (Devanagari),0,True
लैपटॉप स्टैंड 3 नंबर,capital_goods,0,Hindi (Devanagari),0,True
प्रोजेक्टर सोनी रु. 35000,capital_goods,0,Hindi (Devanagari),0,True
कुर्सी पैड 10 नंबर,capital_goods,0,Hindi (Devanagari),0,True
फैक्ट्री वेंटिलेशन,capital_goods,0,Hindi (Devanagari),0,True
स्टील गेट खरीद,capital_goods,0,Hindi (Devanagari),0,True
ऑफिस सोफा 1 नंबर,capital_goods,0,Hindi (Devanagari),0,True
प्रिंटर इंक 5 नंबर,capital_goods,0,Hindi (Devanagari),0,True
वाटर प्यूरीफायर 1 नंबर,capital_goods,0,Hindi (Devanagari),0,True
टेलीफोन सेट 2 नंबर,capital_goods,0,Hindi (Devanagari),0,True
कंप्यूटर सीपीयू 3 नंबर,capital_goods,0,Hindi (Devanagari),0,True
स्टील बेंच 4 पीस,capital_goods,0,Hindi (Devanagari),0,True
फैक्ट्री पंखा 6 नंबर,capital_goods,0,Hindi (Devanagari),0,True
ऑफिस कैबिनेट 1 नंबर,capital_goods,0,Hindi (Devanagari),0,True
डस्टबिन 5 नंबर,capital_goods,0,Hindi (Devanagari),0,True
स्टील लॉकर 2 नंबर,capital_goods,0,Hindi (Devanagari),0,True
कंप्यूटर मॉनिटर 2 नंबर,capital_goods,0,Hindi (Devanagari),0,True
वेल्डिंग रॉड 10 किलो,capital_goods,0,Hindi (Devanagari),0,True
ऑफिस शोरैक 1 नंबर,capital_goods,0,Hindi (Devanagari),0,True
फैक्ट्री बेंच 3 पीस,capital_goods,0,Hindi (Devanagari),0,True
"जेनरेटर रिपेयरिंग ₹15,000",capital_goods,0,Hindi (Devanagari),0,True
5 कंप्यूटर चेयर्स @ ₹1200,capital_goods,0,Hindi (Devanagari),0,True
टाटा स्टील मशीन पार्ट्स,capital_goods,0,Hindi (Devanagari),0,True
"ऑफिस फर्नीचर सेट ₹50,000",capital_goods,0,Hindi (Devanagari),0,True
डेल लैपटॉप 2 नंबर,capital_goods,0,Hindi (Devanagari),0,True
जेनरेटर सर्विसिंग ₹8000,capital_goods,0,Hindi (Devanagari),0,True
कार्यालय टेबल ₹7500,capital_goods,0,Hindi (Devanagari),0,True
कंप्यूटर टेबल 3 नंबर,capital_goods,0,Hindi (Devanagari),0,True
"प्लांट मशीनरी स्पेयर पार्ट्स ₹25,000",capital_goods,0,Hindi (Devanagari),0,True
"ऑफिस एसी 2 नंबर ₹35,000",capital_goods,0,Hindi (Devanagari),0,True
"फैक्टरी टूल्स ₹12,000",capital_goods,0,Hindi (Devanagari),0,True
कंप्यूटर मॉनिटर 5 नंबर,capital_goods,0,Hindi (Devanagari),0,True
प्रिंटर कार्ट्रिज ₹1500,capital_goods,0,Hindi (Devanagari),0,True
"टाटा जेनरेटर सर्विस ₹10,000",capital_goods,0,Hindi (Devanagari),0,True
ऑफिस चेयर 10 नंबर @ ₹800,capital_goods,0,Hindi (Devanagari),0,True
"फैक्टरी मशीन रिपेयर ₹18,000",capital_goods,0,Hindi (Devanagari),0,True
"डेल डेस्कटॉप कंप्यूटर ₹45,000",capital_goods,0,Hindi (Devanagari),0,True
स्टील रैक 2 नंबर @ ₹5000,capital_goods,0,Hindi (Devanagari),0,True
प्लांट मशीन ऑयल ₹3000,capital_goods,0,Hindi (Devanagari),0,True
ऑफिस कैबिनेट ₹7000,capital_goods,0,Hindi (Devanagari),0,True
फैक्टरी सुरक्षा गियर ₹8500,capital_goods,0,Hindi (Devanagari),0,True
कंप्यूटर माउस 10 नंबर @ ₹200,capital_goods,0,Hindi (Devanagari),0,True
"जेनरेटर फ्यूल टैंक ₹12,500",capital_goods,0,Hindi (Devanagari),0,True
"ऑफिस सोफा सेट ₹22,000",capital_goods,0,Hindi (Devanagari),0,True
फैक्टरी मशीन बेल्ट ₹1500,capital_goods,0,Hindi (Devanagari),0,True
"टाटा जेनरेटर स्पेयर ₹18,500",capital_goods,0,Hindi (Devanagari),0,True
कंप्यूटर कीबोर्ड 5 नंबर @ ₹500,capital_goods,0,Hindi (Devanagari),0,True
प्लांट मशीन फिल्टर ₹2500,capital_goods,0,Hindi (Devanagari),0,True
ऑफिस एलईडी लाइट 5 नंबर @ ₹1200,capital_goods,0,Hindi (Devanagari),0,True
फैक्टरी टूल बॉक्स ₹3000,capital_goods,0,Hindi (Devanagari),0,True
जेनरेटर बैटरी ₹6500,capital_goods,0,Hindi (Devanagari),0,True
ऑफिस बुकशेल्फ़ ₹4500,capital_goods,0,Hindi (Devanagari),0,True
फैक्टरी मशीन लुब्रिकेंट ₹2000,capital_goods,0,Hindi (Devanagari),0,True
कंप्यूटर स्पीकर 2 नंबर @ ₹1500,capital_goods,0,Hindi (Devanagari),0,True
प्लांट मशीन वाशर ₹1000,capital_goods,0,Hindi (Devanagari),0,True
ऑफिस पंखा 3 नंबर @ ₹1500,capital_goods,0,Hindi (Devanagari),0,True
फैक्टरी मशीन बोल्ट ₹500,capital_goods,0,Hindi (Devanagari),0,True
जेनरेटर ऑयल टैंक ₹8000,capital_goods,0,Hindi (Devanagari),0,True
ऑफिस कुर्सी 8 नंबर @ ₹600,capital_goods,0,Hindi (Devanagari),0,True
फैक्टरी मशीन वॉल्व ₹1200,capital_goods,0,Hindi (Devanagari),0,True
"कंप्यूटर यूपीएस ₹10,000",capital_goods,0,Hindi (Devanagari),0,True
प्लांट मशीन गास्केट ₹800,capital_goods,0,Hindi (Devanagari),0,True
ऑफिस टेलीफोन ₹2500,capital_goods,0,Hindi (Devanagari),0,True
फैक्टरी मशीन नट्स ₹300,capital_goods,0,Hindi (Devanagari),0,True
जेनरेटर एयर फिल्टर ₹1800,capital_goods,0,Hindi (Devanagari),0,True
"ऑफिस प्रिंटर ₹12,000",capital_goods,0,Hindi (Devanagari),0,True
फैक्टरी मशीन स्क्रू ₹200,capital_goods,0,Hindi (Devanagari),0,True
कंप्यूटर हेडफोन 5 नंबर @ ₹400,capital_goods,0,Hindi (Devanagari),0,True
प्लांट मशीन ओ-रिंग ₹500,capital_goods,0,Hindi (Devanagari),0,True
Lathe machine 1 piece @ 250000,capital_goods,0,Transliterated Hindi,1,True
Bosch drill machine invoice 12000,capital_goods,0,Transliterated Hindi,1,True
Office chair 4 pieces Steelcraft,capital_goods,0,Transliterated Hindi,1,True
Generator 10KVA Cummins,capital_goods,0,Transliterated Hindi,1,True
Computer table 2 pcs Wooden,capital_goods,0,Transliterated Hindi,1,True
Tata Steel machinery parts,capital_goods,0,Transliterated Hindi,1,True
Hydraulic press 1 unit 150000,capital_goods,0,Transliterated Hindi,1,True
Dell laptop for office 55000,capital_goods,0,Transliterated Hindi,1,True
Factory tool kit Bosch 5000,capital_goods,0,Transliterated Hindi,1,True
AC for office Voltas 1.5 ton,capital_goods,0,Transliterated Hindi,1,True
Welding machine 1 piece Esab,capital_goods,0,Transliterated Hindi,1,True
Office desk 3 pcs Wooden,capital_goods,0,Transliterated Hindi,1,True
Industrial fan 2 pcs Crompton,capital_goods,0,Transliterated Hindi,1,True
CNC machine 1 unit 450000,capital_goods,0,Transliterated Hindi,1,True
Printer HP LaserJet 12000,capital_goods,0,Transliterated Hindi,1,True
Tool cabinet 1 piece 8000,capital_goods,0,Transliterated Hindi,1,True
Grinding machine 1 piece Bosch,capital_goods,0,Transliterated Hindi,1,True
Office sofa set 20000,capital_goods,0,Transliterated Hindi,1,True
Air compressor 1 unit 25000,capital_goods,0,Transliterated Hindi,1,True
Plant machinery parts invoice,capital_goods,0,Transliterated Hindi,1,True
UPS for office 5KVA APC,capital_goods,0,Transliterated Hindi,1,True
Conveyor belt 10m 150/m,capital_goods,0,Transliterated Hindi,1,True
Drill bits set Bosch 2000,capital_goods,0,Transliterated Hindi,1,True
Factory crane 1 unit 300000,capital_goods,0,Transliterated Hindi,1,True
Office cabinet 2 pcs Wooden,capital_goods,0,Transliterated Hindi,1,True
Industrial heater 1 piece 15000,capital_goods,0,Transliterated Hindi,1,True
Tata Steel pipes 10m @ 500/m,capital_goods,0,Transliterated Hindi,1,True
Generator servicing 3000,capital_goods,0,Transliterated Hindi,1,True
Computer CPU Dell 25000,capital_goods,0,Transliterated Hindi,1,True
Factory trolley 3 pcs 5000,capital_goods,0,Transliterated Hindi,1,True
Welding rods 10kg Esab,capital_goods,0,Transliterated Hindi,1,True
Office table 4 pcs Wooden,capital_goods,0,Transliterated Hindi,1,True
Industrial fan 1 piece Crompton,capital_goods,0,Transliterated Hindi,1,True
Lathe machine parts 5000,capital_goods,0,Transliterated Hindi,1,True
AC servicing Voltas 2000,capital_goods,0,Transliterated Hindi,1,True
Printer cartridge HP 1500,capital_goods,0,Transliterated Hindi,1,True
Tool box 1 piece 3000,capital_goods,0,Transliterated Hindi,1,True
Grinding wheel 5 pcs Bosch,capital_goods,0,Transliterated Hindi,1,True
Office chair repair 1000,capital_goods,0,Transliterated Hindi,1,True
Air compressor parts 5000,capital_goods,0,Transliterated Hindi,1,True
Plant machinery oil 10L,capital_goods,0,Transliterated Hindi,1,True
UPS battery APC 4000,capital_goods,0,Transliterated Hindi,1,True
Conveyor belt motor 12000,capital_goods,0,Transliterated Hindi,1,True
Drill machine repair Bosch 2000,capital_goods,0,Transliterated Hindi,1,True
Factory crane rope 100m @ 50/m,capital_goods,0,Transliterated Hindi,1,True
Office cabinet lock 500,capital_goods,0,Transliterated Hindi,1,True
Industrial heater coil 3000,capital_goods,0,Transliterated Hindi,1,True
Tata Steel rods 20kg @ 200/kg,capital_goods,0,Transliterated Hindi,1,True
Generator oil 5L 1500,capital_goods,0,Transliterated Hindi,1,True
Computer RAM Dell 4000,capital_goods,0,Transliterated Hindi,1,True
"CNC machine for factory @ Rs 5,50,000",capital_goods,0,Transliterated Hindi,1,True
Godrej office furniture set,capital_goods,0,Transliterated Hindi,1,True
Generac generator invoice,capital_goods,0,Transliterated Hindi,1,True
Lenovo desktop for office use,capital_goods,0,Transliterated Hindi,1,True
Lathe machine purchase from Rajesh Tools,capital_goods,0,Transliterated Hindi,1,True
Welding equipment 2 sets,capital_goods,0,Transliterated Hindi,1,True
"Excel AC for office Rs 45,000",capital_goods,0,Transliterated Hindi,1,True
JCB spare parts invoice,capital_goods,0,Transliterated Hindi,1,True
"Bosch drill machine @ Rs 12,500",capital_goods,0,Transliterated Hindi,1,True
Steel racks for storage 5 units,capital_goods,0,Transliterated Hindi,1,True
Tata Hitachi excavator service,capital_goods,0,Transliterated Hindi,1,True
"Dell monitor for computer Rs 18,000",capital_goods,0,Transliterated Hindi,1,True
Air compressor 1 HP,capital_goods,0,Transliterated Hindi,1,True
"Office chairs 10 pcs @ Rs 2,500 each",capital_goods,0,Transliterated Hindi,1,True
Voltas AC installation,capital_goods,0,Transliterated Hindi,1,True
Hydraulic press machine invoice,capital_goods,0,Transliterated Hindi,1,True
"Samsung printer for office Rs 25,000",capital_goods,0,Transliterated Hindi,1,True
Factory conveyor belt system,capital_goods,0,Transliterated Hindi,1,True
"Office table 6 ft Rs 8,000",capital_goods,0,Transliterated Hindi,1,True
Industrial fan 3 pcs,capital_goods,0,Transliterated Hindi,1,True
LG washing machine for factory,capital_goods,0,Transliterated Hindi,1,True
Power tools from Bharat Tools,capital_goods,0,Transliterated Hindi,1,True
"UPS system for office Rs 30,000",capital_goods,0,Transliterated Hindi,1,True
Plant machinery maintenance,capital_goods,0,Transliterated Hindi,1,True
"Steel cutting saw Rs 15,000",capital_goods,0,Transliterated Hindi,1,True
"Office laptop Dell Rs 65,000",capital_goods,0,Transliterated Hindi,1,True
Generator spare parts invoice,capital_goods,0,Transliterated Hindi,1,True
"Factory safety equipment Rs 12,000",capital_goods,0,Transliterated Hindi,1,True
Office filing cabinet 2 pcs,capital_goods,0,Transliterated Hindi,1,True
CNC machine maintenance,capital_goods,0,Transliterated Hindi,1,True
"Industrial welding mask Rs 1,500",capital_goods,0,Transliterated Hindi,1,True
"Office projector Epson Rs 40,000",capital_goods,0,Transliterated Hindi,1,True
"Factory lighting setup Rs 18,000",capital_goods,0,Transliterated Hindi,1,True
Tata Steel invoice,capital_goods,0,Transliterated Hindi,1,True
Office printer toner 5 pcs,capital_goods,0,Transliterated Hindi,1,True
"Industrial grinder Rs 22,000",capital_goods,0,Transliterated Hindi,1,True
"Office sofa set Rs 35,000",capital_goods,0,Transliterated Hindi,1,True
Factory conveyor belt repair,capital_goods,0,Transliterated Hindi,1,True
"Office AC servicing Rs 3,000",capital_goods,0,Transliterated Hindi,1,True
Industrial drill bits 10 pcs,capital_goods,0,Transliterated Hindi,1,True
"Computer table Rs 6,500",capital_goods,0,Transliterated Hindi,1,True
"Factory flooring material Rs 50,000",capital_goods,0,Transliterated Hindi,1,True
"Office water cooler Rs 12,000",capital_goods,0,Transliterated Hindi,1,True
Plant machinery lubrication,capital_goods,0,Transliterated Hindi,1,True
Industrial gloves 20 pairs,capital_goods,0,Transliterated Hindi,1,True
"Office stationery rack Rs 4,500",capital_goods,0,Transliterated Hindi,1,True
"Factory exhaust fan Rs 8,000",capital_goods,0,Transliterated Hindi,1,True
"Office laptop bag Rs 1,200",capital_goods,0,Transliterated Hindi,1,True
Industrial safety helmet Rs 500,capital_goods,0,Transliterated Hindi,1,True
"Factory tool kit Rs 7,000",capital_goods,0,Transliterated Hindi,1,True
Lathe machine for factory,capital_goods,0,Transliterated Hindi,1,True
Bosch drill machine 1pc,capital_goods,0,Transliterated Hindi,1,True
Office chair 5nos @ 2500,capital_goods,0,Transliterated Hindi,1,True
Tally ERP 9 software license,capital_goods,0,Transliterated Hindi,1,True
Godrej steel almirah 2x,capital_goods,0,Transliterated Hindi,1,True
HP laptop i5 8GB ram,capital_goods,0,Transliterated Hindi,1,True
Genset repair service charge,capital_goods,0,Transliterated Hindi,1,True
Usha table fan 3 pieces,capital_goods,0,Transliterated Hindi,1,True
CCTV camera installation,capital_goods,0,Transliterated Hindi,1,True
Samsung printer invoice,capital_goods,0,Transliterated Hindi,1,True
Welding rods 10kg @ 400/kg,capital_goods,0,Transliterated Hindi,1,True
JCB spare parts bill,capital_goods,0,Transliterated Hindi,1,True
Steel workbench for factory,capital_goods,0,Transliterated Hindi,1,True
AC for office 1.5 ton,capital_goods,0,Transliterated Hindi,1,True
Wipro tubelight 20w 10pcs,capital_goods,0,Transliterated Hindi,1,True
Computer table wooden,capital_goods,0,Transliterated Hindi,1,True
Godrej filing cabinet,capital_goods,0,Transliterated Hindi,1,True
Amaron inverter battery,capital_goods,0,Transliterated Hindi,1,True
Mixer grinder for canteen,capital_goods,0,Transliterated Hindi,1,True
Industrial exhaust fan,capital_goods,0,Transliterated Hindi,1,True
Laptop bag dell original,capital_goods,0,Transliterated Hindi,1,True
Office sofa set 3+1+1,capital_goods,0,Transliterated Hindi,1,True
Voltas AC servicing,capital_goods,0,Transliterated Hindi,1,True
Hydraulic jack 10ton capacity,capital_goods,0,Transliterated Hindi,1,True
Steel rack 6ft x 4ft,capital_goods,0,Transliterated Hindi,1,True
Canon photocopier machine,capital_goods,0,Transliterated Hindi,1,True
Generator diesel 25kva,capital_goods,0,Transliterated Hindi,1,True
Croma bill for mouse,capital_goods,0,Transliterated Hindi,1,True
Table fan repair charge,capital_goods,0,Transliterated Hindi,1,True
Industrial weighing scale,capital_goods,0,Transliterated Hindi,1,True
Treadmill for office gym,capital_goods,0,Transliterated Hindi,1,True
Iron safe locker,capital_goods,0,Transliterated Hindi,1,True
LG AC 2ton split,capital_goods,0,Transliterated Hindi,1,True
Wooden desk for manager,capital_goods,0,Transliterated Hindi,1,True
V-Guard stabilizer 5kv,capital_goods,0,Transliterated Hindi,1,True
Office carpet 20sqft,capital_goods,0,Transliterated Hindi,1,True
Steel almirah 3 drawer,capital_goods,0,Transliterated Hindi,1,True
Lenovo thinkpad laptop,capital_goods,0,Transliterated Hindi,1,True
Water cooler for office,capital_goods,0,Transliterated Hindi,1,True
Havells geyser 15ltr,capital_goods,0,Transliterated Hindi,1,True
Industrial grinder machine,capital_goods,0,Transliterated Hindi,1,True
Office partition glass,capital_goods,0,Transliterated Hindi,1,True
Wipro bulb 40w 12pcs,capital_goods,0,Transliterated Hindi,1,True
Chair wheels replacement,capital_goods,0,Transliterated Hindi,1,True
Steel cupboard 4 shelf,capital_goods,0,Transliterated Hindi,1,True
Dell monitor 24inch,capital_goods,0,Transliterated Hindi,1,True
Generator service bill,capital_goods,0,Transliterated Hindi,1,True
Computer UPS 1kva,capital_goods,0,Transliterated Hindi,1,True
Office table 6ft,capital_goods,0,Transliterated Hindi,1,True
CNC machine purchase from Jindal Steel,capital_goods,0,Transliterated Hindi,1,True
Office chair 5 pcs @ 2500,capital_goods,0,Transliterated Hindi,1,True
Generator repair bill rs 15000,capital_goods,0,Transliterated Hindi,1,True
Laptop Dell Inspiron for office use,capital_goods,0,Transliterated Hindi,1,True
Factory tools kit from Bosch,capital_goods,0,Transliterated Hindi,1,True
Plant machinery spare parts invoice,capital_goods,0,Transliterated Hindi,1,True
Computer table 2 pcs @ 4500,capital_goods,0,Transliterated Hindi,1,True
Printer HP Deskjet 4150,capital_goods,0,Transliterated Hindi,1,True
Steel cutter machine purchase,capital_goods,0,Transliterated Hindi,1,True
Office furniture set rs 75000,capital_goods,0,Transliterated Hindi,1,True
Generator servicing bill rs 5000,capital_goods,0,Transliterated Hindi,1,True
Computer CPU i5 10th gen,capital_goods,0,Transliterated Hindi,1,True
Factory conveyor belt replacement,capital_goods,0,Transliterated Hindi,1,True
Plant machinery oil change bill,capital_goods,0,Transliterated Hindi,1,True
Table fan Usha 3 pcs @ 1200,capital_goods,0,Transliterated Hindi,1,True
Welding machine repair rs 3000,capital_goods,0,Transliterated Hindi,1,True
Office desk 1 pc rs 8500,capital_goods,0,Transliterated Hindi,1,True
Computer monitor LG 22 inch,capital_goods,0,Transliterated Hindi,1,True
Drilling machine Bosch 1 pc,capital_goods,0,Transliterated Hindi,1,True
Factory safety equipment purchase,capital_goods,0,Transliterated Hindi,1,True
Generator diesel 20 liters @ 90/l,capital_goods,0,Transliterated Hindi,1,True
Office laptop charger rs 1200,capital_goods,0,Transliterated Hindi,1,True
Steel grinding wheel 2 pcs @ 500,capital_goods,0,Transliterated Hindi,1,True
Plant machinery maintenance bill,capital_goods,0,Transliterated Hindi,1,True
Computer mouse Logitech 5 pcs,capital_goods,0,Transliterated Hindi,1,True
Factory forklift repair rs 25000,capital_goods,0,Transliterated Hindi,1,True
Office printer cartridge rs 1800,capital_goods,0,Transliterated Hindi,1,True
Generator battery replacement rs 4500,capital_goods,0,Transliterated Hindi,1,True
Computer RAM 8GB Kingston,capital_goods,0,Transliterated Hindi,1,True
Factory compressor purchase,capital_goods,0,Transliterated Hindi,1,True
Office AC servicing bill rs 3000,capital_goods,0,Transliterated Hindi,1,True
Plant machinery belt rs 1200,capital_goods,0,Transliterated Hindi,1,True
Computer keyboard Dell 2 pcs,capital_goods,0,Transliterated Hindi,1,True
Factory welding rods 5 kg @ 200/kg,capital_goods,0,Transliterated Hindi,1,True
Generator oil change rs 1500,capital_goods,0,Transliterated Hindi,1,True
Office projector Epson invoice,capital_goods,0,Transliterated Hindi,1,True
Steel cutting blade 3 pcs @ 300,capital_goods,0,Transliterated Hindi,1,True
Factory crane repair bill,capital_goods,0,Transliterated Hindi,1,True
Computer hard disk 1TB Seagate,capital_goods,0,Transliterated Hindi,1,True
Office almirah 1 pc rs 12000,capital_goods,0,Transliterated Hindi,1,True
Plant machinery motor purchase,capital_goods,0,Transliterated Hindi,1,True
Generator fuel tank rs 8000,capital_goods,0,Transliterated Hindi,1,True
Factory safety gloves 10 pairs,capital_goods,0,Transliterated Hindi,1,True
Office printer paper 5 reams,capital_goods,0,Transliterated Hindi,1,True
Computer UPS APC 1KVA,capital_goods,0,Transliterated Hindi,1,True
Factory drill bits set rs 1500,capital_goods,0,Transliterated Hindi,1,True
Office chair wheels replacement,capital_goods,0,Transliterated Hindi,1,True
Plant machinery grease rs 500,capital_goods,0,Transliterated Hindi,1,True
Computer antivirus renewal bill,capital_goods,0,Transliterated Hindi,1,True
"Lathe machine 1pc @ Rs 2,50,000",capital_goods,0,Transliterated Hindi,1,True
Godrej office cabinet 2nos,capital_goods,0,Transliterated Hindi,1,True
Tata generator 10KVA for factory,capital_goods,0,Transliterated Hindi,1,True
Dell Optiplex desktop for office,capital_goods,0,Transliterated Hindi,1,True
Hydraulic press machine repair,capital_goods,0,Transliterated Hindi,1,True
Steel workbench 3ft x 6ft,capital_goods,0,Transliterated Hindi,1,True
Office chair 5nos @ 3500,capital_goods,0,Transliterated Hindi,1,True
Havells AC 1.5 ton instalation,capital_goods,0,Transliterated Hindi,1,True
Laptop HP 15s for accountant,capital_goods,0,Transliterated Hindi,1,True
Factory safety gear lot,capital_goods,0,Transliterated Hindi,1,True
Welding machine 1pc 250A,capital_goods,0,Transliterated Hindi,1,True
Tally software renewal,capital_goods,0,Transliterated Hindi,1,True
CCTV camera 4ch system,capital_goods,0,Transliterated Hindi,1,True
Samsung printer M2020W,capital_goods,0,Transliterated Hindi,1,True
Industrial fan 3nos 24inch,capital_goods,0,Transliterated Hindi,1,True
Truck repair bill 15k,capital_goods,0,Transliterated Hindi,1,True
UPS Exide 2KVA for office,capital_goods,0,Transliterated Hindi,1,True
Steel almirah 6ft,capital_goods,0,Transliterated Hindi,1,True
Lenovo Thinkpad for manager,capital_goods,0,Transliterated Hindi,1,True
Lathe tool bits set,capital_goods,0,Transliterated Hindi,1,True
Godrej steel cupboard,capital_goods,0,Transliterated Hindi,1,True
Wipro tubelight 20nos,capital_goods,0,Transliterated Hindi,1,True
Concrete mixer machine,capital_goods,0,Transliterated Hindi,1,True
Office table 4nos,capital_goods,0,Transliterated Hindi,1,True
Canon printer ink 4cart,capital_goods,0,Transliterated Hindi,1,True
Amaron battery 150AH,capital_goods,0,Transliterated Hindi,1,True
Factory gate repair,capital_goods,0,Transliterated Hindi,1,True
Voltas AC 2ton split,capital_goods,0,Transliterated Hindi,1,True
Computer table 2nos,capital_goods,0,Transliterated Hindi,1,True
HMT machine oil 5ltr,capital_goods,0,Transliterated Hindi,1,True
LG washing machine,capital_goods,0,Transliterated Hindi,1,True
Steel rack 8ft x 4ft,capital_goods,0,Transliterated Hindi,1,True
Treadmill for office,capital_goods,0,Transliterated Hindi,1,True
V-Guard stabilizer,capital_goods,0,Transliterated Hindi,1,True
Croma fridge 300L,capital_goods,0,Transliterated Hindi,1,True
Grinder machine motor,capital_goods,0,Transliterated Hindi,1,True
Office sofa set,capital_goods,0,Transliterated Hindi,1,True
Tractor spare parts,capital_goods,0,Transliterated Hindi,1,True
Wipro bulb 10W 12nos,capital_goods,0,Transliterated Hindi,1,True
Rajkot diesel pump,capital_goods,0,Transliterated Hindi,1,True
Steel fabrication work,capital_goods,0,Transliterated Hindi,1,True
Laptop bag dell 1pc,capital_goods,0,Transliterated Hindi,1,True
Water purifier Kent,capital_goods,0,Transliterated Hindi,1,True
Cutting machine blade,capital_goods,0,Transliterated Hindi,1,True
Computer RAM upgrade,capital_goods,0,Transliterated Hindi,1,True
જનરેટર 5 KVA ખરીદી,capital_goods,0,Gujarati,2,True
ટાટા સ્ટીલ મશીનરી ઇન્વોઇસ,capital_goods,0,Gujarati,2,True
કમ્પ્યુટર ટેબલ 2 ટુકડા,capital_goods,0,Gujarati,2,True
ઓફિસ ચેર 10 પીસ રૂ. 15000,capital_goods,0,Gujarati,2,True
ફેક્ટરી ટૂલ્સ ખરીદી રૂ. 25000,capital_goods,0,Gujarati,2,True
ડેલ લેપટોપ ઓફિસ માટે,capital_goods,0,Gujarati,2,True
પ્લાન્ટ મશીનરી ઇન્સ્ટોલેશન ચાર્જ,capital_goods,0,Gujarati,2,True
પ્રિન્ટર કાર્ટ્રિજ 2 પીસ રૂ. 1200,capital_goods,0,Gujarati,2,True
ઓફિસ ફર્નિચર ખરીદી રૂ. 45000,capital_goods,0,Gujarati,2,True
જનરેટર સર્વિસ ચાર્જ રૂ. 2000,capital_goods,0,Gujarati,2,True
કમ્પ્યુટર 5 સેટ રૂ. 175000,capital_goods,0,Gujarati,2,True
ટૂલ્સ બૉક્સ ખરીદી રૂ. 3000,capital_goods,0,Gujarati,2,True
ઓફિસ એસી 2 પીસ રૂ. 55000,capital_goods,0,Gujarati,2,True
મશીન ઓઇલ 10 લિટર રૂ. 1500,capital_goods,0,Gujarati,2,True
ફેક્ટરી ફ્લોર મશીન ખરીદી,capital_goods,0,Gujarati,2,True
ટેબલ ફેન 3 પીસ રૂ. 4500,capital_goods,0,Gujarati,2,True
લેન્ડલાઇન ફોન ઇન્સ્ટોલેશન,capital_goods,0,Gujarati,2,True
ઓફિસ કેબિનેટ 1 પીસ રૂ. 8000,capital_goods,0,Gujarati,2,True
જનરેટર સ્પેર પાર્ટ્સ રૂ. 12000,capital_goods,0,Gujarati,2,True
કમ્પ્યુટર માઉસ 10 પીસ રૂ. 2500,capital_goods,0,Gujarati,2,True
ફેક્ટરી લાઇટિંગ ખરીદી રૂ. 18000,capital_goods,0,Gujarati,2,True
ઓફિસ ટેબલ 5 પીસ રૂ. 35000,capital_goods,0,Gujarati,2,True
પ્લાન્ટ મશીનરી મેન્ટેનન્સ રૂ. 5000,capital_goods,0,Gujarati,2,True
ડેસ્ક લેમ્પ 4 પીસ રૂ. 2000,capital_goods,0,Gujarati,2,True
જનરેટર ફ્યુઅલ ટૅંક ખરીદી,capital_goods,0,Gujarati,2,True
કમ્પ્યુટર મોનિટર 3 પીસ રૂ. 45000,capital_goods,0,Gujarati,2,True
ઓફિસ કુર્સી 8 પીસ રૂ. 16000,capital_goods,0,Gujarati,2,True
ફેક્ટરી સેફ્ટી ગિયર ખરીદી,capital_goods,0,Gujarati,2,True
ટેબલ ફેન સર્વિસ ચાર્જ રૂ. 1200,capital_goods,0,Gujarati,2,True
પ્લાન્ટ મશીનરી સ્પેર પાર્ટ્સ રૂ. 10000,capital_goods,0,Gujarati,2,True
ઓફિસ એસી સર્વિસ ચાર્જ રૂ. 3000,capital_goods,0,Gujarati,2,True
જનરેટર બેટરી 1 પીસ રૂ. 8000,capital_goods,0,Gujarati,2,True
કમ્પ્યુટર કેબલ 10 મીટર રૂ. 1500,capital_goods,0,Gujarati,2,True
ફેક્ટરી વેન્ટિલેશન સિસ્ટમ ખરીદી,capital_goods,0,Gujarati,2,True
ઓફિસ કેબિનેટ રેક 2 પીસ રૂ. 12000,capital_goods,0,Gujarati,2,True
ટૂલ્સ કિટ ખરીદી રૂ. 5000,capital_goods,0,Gujarati,2,True
પ્લાન્ટ મશીનરી ઓઇલ ફિલ્ટર રૂ. 2500,capital_goods,0,Gujarati,2,True
ઓફિસ ફેન 5 પીસ રૂ. 7500,capital_goods,0,Gujarati,2,True
જનરેટર સર્વિસ મેન્ટેનન્સ રૂ. 3500,capital_goods,0,Gujarati,2,True
કમ્પ્યુટર કી-બોર્ડ 5 પીસ રૂ. 5000,capital_goods,0,Gujarati,2,True
ફેક્ટરી સેફ્ટી શૂઝ ખરીદી,capital_goods,0,Gujarati,2,True
ઓફિસ ડેસ્ક 3 પીસ રૂ. 18000,capital_goods,0,Gujarati,2,True
પ્લાન્ટ મશીનરી બેલ્ટ રૂ. 3000,capital_goods,0,Gujarati,2,True
ઓફિસ એસી ફિલ્ટર રૂ. 2000,capital_goods,0,Gujarati,2,True
જનરેટર ફ્લયૂઅલ પંપ ખરીદી,capital_goods,0,Gujarati,2,True
કમ્પ્યુટર હેડફોન 4 પીસ રૂ. 4000,capital_goods,0,Gujarati,2,True
ફેક્ટરી પાઇપ લાઇન ખરીદી રૂ. 22000,capital_goods,0,Gujarati,2,True
ઓફિસ સોફા સેટ 1 પીસ રૂ. 25000,capital_goods,0,Gujarati,2,True
પ્લાન્ટ મશીનરી ગ્રીસ ખરીદી રૂ. 1500,capital_goods,0,Gujarati,2,True
"જનરેટર ખરીદી રૂ. 4૫,૦૦૦",capital_goods,0,Gujarati,2,True
"કાર્ખાનાની મશીન ઇન્વોઇસ રૂ. ૧,૨૦,૦૦૦",capital_goods,0,Gujarati,2,True
"ઓફિસ ફર્નિચર રૂ. ૨૫,૦૦૦",capital_goods,0,Gujarati,2,True
"ડેલ લેપટોપ ઓફિસ માટે રૂ. ૫૫,૦૦૦",capital_goods,0,Gujarati,2,True
"ટાટા સ્ટીલ ટૂલ્સ ઇન્વોઇસ રૂ. ૧૦,૦૦૦",capital_goods,0,Gujarati,2,True
"પ્લાન્ટ મશીનરી ખરીદી રૂ. ૮૦,૦૦૦",capital_goods,0,Gujarati,2,True
"ઓફિસ સમાન ખરીદી રૂ. ૧૫,૦૦૦",capital_goods,0,Gujarati,2,True
"કોમ્પ્યુટર સેટ ટોપ કંપની ઇન્વોઇસ રૂ. ૩૦,૦૦૦",capital_goods,0,Gujarati,2,True
"જનરેટર સ્પેર પાર્ટ્સ રૂ. ૧૨,૦૦૦",capital_goods,0,Gujarati,2,True
"ફેક્ટરી ટૂલ્સ ઇન્વોઇસ રૂ. ૧૮,૦૦૦",capital_goods,0,Gujarati,2,True
"ઓફિસ ડેસ્ક અને ચેર રૂ. ૨૦,૦૦૦",capital_goods,0,Gujarati,2,True
"લેનોવો લેપટોપ ખરીદી રૂ. ૪૦,૦૦૦",capital_goods,0,Gujarati,2,True
"પ્લાન્ટ સમાન ઇન્વોઇસ રૂ. ૯૦,૦૦૦",capital_goods,0,Gujarati,2,True
"જનરેટર સર્વિસ રૂ. ૫,૦૦૦",capital_goods,0,Gujarati,2,True
"ઓફિસ પ્રિન્ટર ખરીદી રૂ. ૧૨,૦૦૦",capital_goods,0,Gujarati,2,True
"કાર્ખાનાની મશીન સ્પેર પાર્ટ્સ રૂ. ૧૦,૦૦૦",capital_goods,0,Gujarati,2,True
"ફર્નિચર ખરીદી રૂ. ૨૨,૦૦૦",capital_goods,0,Gujarati,2,True
"કોમ્પ્યુટર મોનિટર રૂ. ૮,૦૦૦",capital_goods,0,Gujarati,2,True
"જનરેટર ઓઇલ ચેન્જ રૂ. ૩,૦૦૦",capital_goods,0,Gujarati,2,True
"ઓફિસ એસી ખરીદી રૂ. ૩૫,૦૦૦",capital_goods,0,Gujarati,2,True
"પ્લાન્ટ મશીનરી સર્વિસ રૂ. ૧૫,૦૦૦",capital_goods,0,Gujarati,2,True
"ફેક્ટરી ટૂલ્સ ખરીદી રૂ. ૧૦,૦૦૦",capital_goods,0,Gujarati,2,True
"ઓફિસ ચેર ખરીદી રૂ. ૫,૦૦૦",capital_goods,0,Gujarati,2,True
"ડેલ ડેસ્કટોપ ખરીદી રૂ. ૨૫,૦૦૦",capital_goods,0,Gujarati,2,True
"જનરેટર બેટરી રૂ. ૭,૦૦૦",capital_goods,0,Gujarati,2,True
"ઓફિસ ફાઇલ કેબિનેટ રૂ. ૬,૦૦૦",capital_goods,0,Gujarati,2,True
"પ્લાન્ટ મશીનરી સ્પેર પાર્ટ્સ રૂ. ૧૨,૦૦૦",capital_goods,0,Gujarati,2,True
"ઓફિસ ટેબલ ખરીદી રૂ. ૮,૦૦૦",capital_goods,0,Gujarati,2,True
"ફેક્ટરી ટૂલ્સ સર્વિસ રૂ. ૪,૦૦૦",capital_goods,0,Gujarati,2,True
"જનરેટર ફિલ્ટર રૂ. ૨,૦૦૦",capital_goods,0,Gujarati,2,True
"ઓફિસ નોટબુક ખરીદી રૂ. ૧૦,૦૦૦",capital_goods,0,Gujarati,2,True
"પ્લાન્ટ મશીનરી ઓઇલ રૂ. ૩,૦૦૦",capital_goods,0,Gujarati,2,True
"ફર્નિચર સર્વિસ રૂ. ૨,૦૦૦",capital_goods,0,Gujarati,2,True
"ઓફિસ કોમ્પ્યુટર એક્સેસરીઝ રૂ. ૫,૦૦૦",capital_goods,0,Gujarati,2,True
"જનરેટર સર્વિસ ચાર્જ રૂ. ૬,૦૦૦",capital_goods,0,Gujarati,2,True
"ઓફિસ એર કન્ડીશનર સર્વિસ રૂ. ૪,૦૦૦",capital_goods,0,Gujarati,2,True
"પ્લાન્ટ મશીનરી સપ્લાય રૂ. ૧૦,૦૦૦",capital_goods,0,Gujarati,2,True
"ફેક્ટરી ટૂલ્સ સપ્લાય રૂ. ૩,૦૦૦",capital_goods,0,Gujarati,2,True
"ઓફિસ ડેસ્ક લેમ્પ રૂ. ૧,૫૦૦",capital_goods,0,Gujarati,2,True
"જનરેટર બેલ્ટ રૂ. ૧,૦૦૦",capital_goods,0,Gujarati,2,True
"ઓફિસ સ્કેનર ખરીદી રૂ. ૭,૦૦૦",capital_goods,0,Gujarati,2,True
"પ્લાન્ટ મશીનરી બોલ્ટ્સ રૂ. ૨,૦૦૦",capital_goods,0,Gujarati,2,True
"ફર્નિચર પેન્ટ રૂ. ૧,૦૦૦",capital_goods,0,Gujarati,2,True
"ઓફિસ કેબલ્સ ખરીદી રૂ. ૨,૦૦૦",capital_goods,0,Gujarati,2,True
જનરેટર ફ્યુઝ રૂ. ૫૦૦,capital_goods,0,Gujarati,2,True
"ઓફિસ કપબોર્ડ રૂ. ૩,૦૦૦",capital_goods,0,Gujarati,2,True
"પ્લાન્ટ મશીનરી ગ્રીસ રૂ. ૧,૦૦૦",capital_goods,0,Gujarati,2,True
"ફેક્ટરી ટૂલ્સ બોક્સ રૂ. ૨,૦૦૦",capital_goods,0,Gujarati,2,True
5 કમ્પ્યુટર ડેસ્ક @ 2500/પીસ,capital_goods,0,Gujarati,2,True
ઓફિસ ચેર 3 પીસ રૂ. 4500,capital_goods,0,Gujarati,2,True
જનરેટર સર્વિસિંગ ચાર્જ,capital_goods,0,Gujarati,2,True
ફેક્ટરી ટૂલ્સ ખરીદી,capital_goods,0,Gujarati,2,True
ડેલ લેપટોપ રૂ. 55000,capital_goods,0,Gujarati,2,True
2 એસી યુનિટ ઇન્સ્ટોલેશન,capital_goods,0,Gujarati,2,True
ઓફિસ ટેબલ મોડર્ન ફર્નિચર,capital_goods,0,Gujarati,2,True
પ્લાન્ટ મશીન સ્પેર પાર્ટ્સ,capital_goods,0,Gujarati,2,True
3 પીસ સ્ટીલ કેબિનેટ રૂ. 12000,capital_goods,0,Gujarati,2,True
ઇન્વર્ટર બેટરી રિપ્લેસમેન્ટ,capital_goods,0,Gujarati,2,True
ફાઇલ કેબિનેટ ગોદરેજ,capital_goods,0,Gujarati,2,True
પ્રિન્ટર કાર્ટ્રિજ રિફિલ,capital_goods,0,Gujarati,2,True
10 એલઇડી બલ્બ ખરીદી,capital_goods,0,Gujarati,2,True
ઓફિસ સોફા સેટ રૂ. 18000,capital_goods,0,Gujarati,2,True
ટ્ર0લી વ્હીલ રિપેર,capital_goods,0,Gujarati,2,True
સીસી કેમેરા ઇન્સ્ટોલેશન,capital_goods,0,Gujarati,2,True
ફેક્ટરી ફ્લોર મશીન,capital_goods,0,Gujarati,2,True
એચપી ડેસ્કજેટ પ્રિન્ટર,capital_goods,0,Gujarati,2,True
સ્ટીલ રેક 2 પીસ @ 3200,capital_goods,0,Gujarati,2,True
એસી રિપેરિંગ ચાર્જ,capital_goods,0,Gujarati,2,True
કોમ્પ્યુટર ટેબલ વુડન,capital_goods,0,Gujarati,2,True
જનરેટર ઓઇલ ચેન્જ,capital_goods,0,Gujarati,2,True
ઓફિસ પ્રિન્ટર પેપર,capital_goods,0,Gujarati,2,True
3 પીસ સ્ટીલ ચેર,capital_goods,0,Gujarati,2,True
ફેન રિપેરિંગ ચાર્જ,capital_goods,0,Gujarati,2,True
ટેલિકોમ ઇન્વોઇસ,capital_goods,0,Gujarati,2,True
ફેક્ટરી લાઇટિંગ ફિક્સ્ચર,capital_goods,0,Gujarati,2,True
એલઇડી પેનલ 2 પીસ,capital_goods,0,Gujarati,2,True
કોમ્પ્યુટર માઉસ 5 પીસ,capital_goods,0,Gujarati,2,True
ઓફિસ એર કન્ડીશનર,capital_goods,0,Gujarati,2,True
સ્ટીલ શેલ્ફ 4 ફીટ,capital_goods,0,Gujarati,2,True
ફેક્ટરી સેફ્ટી ટૂલ્સ,capital_goods,0,Gujarati,2,True
ડેસ્ક લેમ્પ ખરીદી,capital_goods,0,Gujarati,2,True
પ્લાન્ટ મશીન મેન્ટેનન્સ,capital_goods,0,Gujarati,2,True
ઓફિસ કપબોર્ડ વુડન,capital_goods,0,Gujarati,2,True
જનરેટર ફ્યુઅલ ચાર્જ,capital_goods,0,Gujarati,2,True
કોમ્પ્યુટર ટાવર કેબિનેટ,capital_goods,0,Gujarati,2,True
ફેક્ટરી વેન્ટિલેશન ફેન,capital_goods,0,Gujarati,2,True
સ્ટીલ ગેટ હિંગ્સ,capital_goods,0,Gujarati,2,True
ઓફિસ પ્રોજેક્ટર સ્ક્રીન,capital_goods,0,Gujarati,2,True
3 પીસ પ્લાસ્ટિક ચેર,capital_goods,0,Gujarati,2,True
ફેક્ટરી વોટર પંપ,capital_goods,0,Gujarati,2,True
એસી ગેસ રિફિલ,capital_goods,0,Gujarati,2,True
ઓફિસ કાગળ શ્રેડર,capital_goods,0,Gujarati,2,True
સ્ટીલ વર્કબેન્ચ 1 પીસ,capital_goods,0,Gujarati,2,True
ફેક્ટરી કન્વેયર બેલ્ટ,capital_goods,0,Gujarati,2,True
કોમ્પ્યુટર યુપીએસ બેટરી,capital_goods,0,Gujarati,2,True
ઓફિસ બુકશેલ્ફ વુડન,capital_goods,0,Gujarati,2,True
જનરેટર સર્વિસિંગ,capital_goods,0,Gujarati,2,True
5 કમ્પ્યુટર ડેલ ઇન્સ્પિરોન,capital_goods,0,Gujarati,2,True
ઓફિસ ટેબલ 2 નંબર @ 8500,capital_goods,0,Gujarati,2,True
"જનરેટર 10KVA કિંમત 1,20,000",capital_goods,0,Gujarati,2,True
ફેક્ટરી ટૂલ્સ સેટ rs 4500,capital_goods,0,Gujarati,2,True
એસી 1.5 ટન બ્લુ સ્ટાર,capital_goods,0,Gujarati,2,True
પ્રિન્ટર એચપી ડેસ્કજેટ,capital_goods,0,Gujarati,2,True
સ્ટીલ શેલ્ફ 3 નંબર @ 2000,capital_goods,0,Gujarati,2,True
ઓફિસ ચેર 10 પીસ,capital_goods,0,Gujarati,2,True
વોટર કૂલર 20L rs 8000,capital_goods,0,Gujarati,2,True
માઇક્રોવેવ ઓવન IFB,capital_goods,0,Gujarati,2,True
કમ્પ્યુટર ટેબલ 4 નંબર,capital_goods,0,Gujarati,2,True
ફેક્ટરી મશીન સ્પેર પાર્ટ્સ,capital_goods,0,Gujarati,2,True
એલઇડી બલ્બ 20W 10 પીસ,capital_goods,0,Gujarati,2,True
એર કમ્પ્રેસર 5HP rs 25000,capital_goods,0,Gujarati,2,True
ટેલિફોન સિસ્ટમ એવાયા,capital_goods,0,Gujarati,2,True
સ્ટીલ કબાટ 2 નંબર @ 12000,capital_goods,0,Gujarati,2,True
લેપટોપ લેનોવો આઇડિયાપેડ,capital_goods,0,Gujarati,2,True
પાવર ટૂલ્સ બોશ બ્રાન્ડ,capital_goods,0,Gujarati,2,True
3D પ્રિન્ટર મશીન rs 75000,capital_goods,0,Gujarati,2,True
ફાઇલ કબાટ 5 નંબર @ 3500,capital_goods,0,Gujarati,2,True
સીસી કેમેરા હિકવિઝન,capital_goods,0,Gujarati,2,True
એક્સેલ ફાઇલ 10 બોક્સ rs 500,capital_goods,0,Gujarati,2,True
એસી સ્પ્લિટ 2 ટન લજ,capital_goods,0,Gujarati,2,True
ઓફિસ સોફા સેટ rs 18000,capital_goods,0,Gujarati,2,True
વેલ્ડિંગ મશીન 10A,capital_goods,0,Gujarati,2,True
કુલર પેડ્સ્ટલ 2 નંબર,capital_goods,0,Gujarati,2,True
ટેબલ ફેન યુએસએચએ,capital_goods,0,Gujarati,2,True
સ્કેનર મશીન એપસન,capital_goods,0,Gujarati,2,True
ફાયર એક્સ્ટિંગ્વિશર 5KG,capital_goods,0,Gujarati,2,True
ડિજિટલ વેઇટિંગ મશીન,capital_goods,0,Gujarati,2,True
ઓફિસ કબાટ ગોદરેજ,capital_goods,0,Gujarati,2,True
પ્રોજેક્ટર બેનક્યુ rs 45000,capital_goods,0,Gujarati,2,True
સ્ટીલ ડેસ્ક 3 નંબર @ 7000,capital_goods,0,Gujarati,2,True
ઇલેક્ટ્રિક સ્ક્રૂડ્રાઇવર,capital_goods,0,Gujarati,2,True
કોપિયર મશીન કેનોન,capital_goods,0,Gujarati,2,True
ફાઇલ રેક મેટલ 4 નંબર,capital_goods,0,Gujarati,2,True
એલઇડી ટ્યુબ 15W 20 પીસ,capital_goods,0,Gujarati,2,True
એર પમ્પ હવાલદાર,capital_goods,0,Gujarati,2,True
ઓફિસ સ્ટુલ 15 પીસ rs 6000,capital_goods,0,Gujarati,2,True
ડિજિટલ કેમેરા સોની,capital_goods,0,Gujarati,2,True
સ્ટીલ ગેટ 1 નંબર rs 25000,capital_goods,0,Gujarati,2,True
પાવર બેંક 20000mAh,capital_goods,0,Gujarati,2,True
ફેક્ટરી લાઇટિંગ સિસ્ટમ,capital_goods,0,Gujarati,2,True
એસી સર્વિસિંગ ચાર્જ,capital_goods,0,Gujarati,2,True
કમ્પ્યુટર માઉસ 10 પીસ,capital_goods,0,Gujarati,2,True
ફાયર સેફ્ટી કિટ rs 3500,capital_goods,0,Gujarati,2,True
ડ્રિલ મશીન બ્લેક & ડેકર,capital_goods,0,Gujarati,2,True
ફેક્ટરી મશીનરી પાર્ટસ,capital_goods,0,Gujarati,2,True
જનરેટર સેર્વિસિંગ ચાર્જ,capital_goods,0,Gujarati,2,True
ઓફિસ ચેર 2 પીસ @ 2500,capital_goods,0,Gujarati,2,True
ટાટા સ્ટીલ પ્લેટ 5kg,capital_goods,0,Gujarati,2,True
કોમ્પ્યુટર ટેબલ ફોર ઓફિસ,capital_goods,0,Gujarati,2,True
Dell લેપટોપ ખરીદી,capital_goods,0,Gujarati,2,True
પ્લાન્ટ મશીન ઓઇલ સપ્લાય,capital_goods,0,Gujarati,2,True
ફેક્ટરી ટૂલ બૉક્સ,capital_goods,0,Gujarati,2,True
ઓફિસ એ.સી. રિપેરિંગ,capital_goods,0,Gujarati,2,True
સ્ટીલ રોડ 2m @ 1200/m,capital_goods,0,Gujarati,2,True
જનરેટર ફ્યુઅલ ખર્ચ,capital_goods,0,Gujarati,2,True
કમ્પ્યુટર માઉસ 3 પીસ,capital_goods,0,Gujarati,2,True
ઓફિસ ફર્નિચર ડિલિવરી ચાર્જ,capital_goods,0,Gujarati,2,True
ટાટા મશીન ઇન્સ્ટોલેશન,capital_goods,0,Gujarati,2,True
ફેક્ટરી સેફટી હેલ્મેટ,capital_goods,0,Gujarati,2,True
ઓફિસ પ્રિન્ટર કાર્ટ્રીજ,capital_goods,0,Gujarati,2,True
જનરેટર સ્પેર પાર્ટસ,capital_goods,0,Gujarati,2,True
ટાટા પ્લાન્ટ ઇક્વિપમેન્ટ,capital_goods,0,Gujarati,2,True
ઓફિસ ડેસ્ક લેમ્પ,capital_goods,0,Gujarati,2,True
ફેક્ટરી બેન્ચ વાઇસ,capital_goods,0,Gujarati,2,True
ઓફિસ કેબિનેટ ખરીદી,capital_goods,0,Gujarati,2,True
જનરેટર ઓઇલ ફિલ્ટર,capital_goods,0,Gujarati,2,True
ટાટા મશીન મેન્ટેનન્સ,capital_goods,0,Gujarati,2,True
ઓફિસ ફેન રિપેરિંગ,capital_goods,0,Gujarati,2,True
ફેક્ટરી પાવર ટૂલસ,capital_goods,0,Gujarati,2,True
જનરેટર બેટરી રિપ્લેસમેન્ટ,capital_goods,0,Gujarati,2,True
ટાટા સ્પેર પાર્ટસ,capital_goods,0,Gujarati,2,True
ઓફિસ સ્ટેપલર મશીન,capital_goods,0,Gujarati,2,True
ફેક્ટરી સ્ટીલ કટર,capital_goods,0,Gujarati,2,True
ઓફિસ ચેર કસ્ટમાઇઝેશન,capital_goods,0,Gujarati,2,True
જનરેટર ટ્રાન્સપોર્ટ ચાર્જ,capital_goods,0,Gujarati,2,True
ટાટા ઇલેક્ટ્રિકલ ટૂલસ,capital_goods,0,Gujarati,2,True
ઓફિસ મોનિટર સ્ટેન્ડ,capital_goods,0,Gujarati,2,True
ફેક્ટરી ડ્રિલ મશીન,capital_goods,0,Gujarati,2,True
ઓફિસ પ્રિન્ટર પેપર રોલ,capital_goods,0,Gujarati,2,True
જનરેટર કન્નેક્શન વાયર,capital_goods,0,Gujarati,2,True
ટાટા પ્લાન્ટ ઇન્સ્પેક્શન,capital_goods,0,Gujarati,2,True
ઓફિસ કીબોર્ડ ક્લીનિંગ,capital_goods,0,Gujarati,2,True
ફેક્ટરી સ્પેર ટૂલસ,capital_goods,0,Gujarati,2,True
ઓફિસ નોટબુક સ્ટેન્ડ,capital_goods,0,Gujarati,2,True
જનરેટર ગેસ ફિલિંગ,capital_goods,0,Gujarati,2,True
ટાટા મશીન લુબ્રિકન્ટ,capital_goods,0,Gujarati,2,True
ઓફિસ પેન હોલ્ડર,capital_goods,0,Gujarati,2,True
ફેક્ટરી સ્ટીલ કટિંગ બ્લેડ,capital_goods,0,Gujarati,2,True
ઓફિસ કોપી મશીન સેર્વિસિંગ,capital_goods,0,Gujarati,2,True
જનરેટર બેલ્ટ રિપ્લેસમેન્ટ,capital_goods,0,Gujarati,2,True
ટાટા પ્લાન્ટ વાઇબ્રેટર,capital_goods,0,Gujarati,2,True
ઓફિસ ટેબલ લેમ્પ બલ્બ,capital_goods,0,Gujarati,2,True
Godrej almirah for office,capital_goods,0,Code-mixed Hindi-English,3,True
Tata Hitachi excavator spare parts,capital_goods,0,Code-mixed Hindi-English,3,True
5 HP Crompton motor,capital_goods,0,Code-mixed Hindi-English,3,True
Laptop Dell Vostro 15 rs 45000,capital_goods,0,Code-mixed Hindi-English,3,True
Office chair 4 pcs @ 2500,capital_goods,0,Code-mixed Hindi-English,3,True
JCB machine service bill,capital_goods,0,Code-mixed Hindi-English,3,True
Generator diesel filling 20L,capital_goods,0,Code-mixed Hindi-English,3,True
Steel rack for warehouse,capital_goods,0,Code-mixed Hindi-English,3,True
Bosch drill machine,capital_goods,0,Code-mixed Hindi-English,3,True
AC installation labour charge,capital_goods,0,Code-mixed Hindi-English,3,True
Tally ERP9 software renewal,capital_goods,0,Code-mixed Hindi-English,3,True
Printer Canon 2900 toner,capital_goods,0,Code-mixed Hindi-English,3,True
Factory safety gloves 10 pairs,capital_goods,0,Code-mixed Hindi-English,3,True
Wipro tubelight 20W 10 pieces,capital_goods,0,Code-mixed Hindi-English,3,True
Hydraulic jack repair,capital_goods,0,Code-mixed Hindi-English,3,True
Samsung monitor 24inch,capital_goods,0,Code-mixed Hindi-English,3,True
Welding rods 5kg,capital_goods,0,Code-mixed Hindi-English,3,True
Godrej filing cabinet,capital_goods,0,Code-mixed Hindi-English,3,True
Laptop bag hp original,capital_goods,0,Code-mixed Hindi-English,3,True
3M earplugs for workers,capital_goods,0,Code-mixed Hindi-English,3,True
Office table wooden 6ft,capital_goods,0,Code-mixed Hindi-English,3,True
Amaron battery 150Ah,capital_goods,0,Code-mixed Hindi-English,3,True
CCTV camera installation,capital_goods,0,Code-mixed Hindi-English,3,True
Truck tyre 10R20 1pc,capital_goods,0,Code-mixed Hindi-English,3,True
Havells exhaust fan,capital_goods,0,Code-mixed Hindi-English,3,True
UPS Microtek 1KVA,capital_goods,0,Code-mixed Hindi-English,3,True
Industrial fan 16inch,capital_goods,0,Code-mixed Hindi-English,3,True
Keyboard mouse combo logitech,capital_goods,0,Code-mixed Hindi-English,3,True
Steel almirah 4ft,capital_goods,0,Code-mixed Hindi-English,3,True
Bajaj mixer grinder,capital_goods,0,Code-mixed Hindi-English,3,True
Construction helmet 5nos,capital_goods,0,Code-mixed Hindi-English,3,True
Wheelbarrow for site,capital_goods,0,Code-mixed Hindi-English,3,True
Treadmill for office gym,capital_goods,0,Code-mixed Hindi-English,3,True
Water cooler repair,capital_goods,0,Code-mixed Hindi-English,3,True
LG AC 1.5ton,capital_goods,0,Code-mixed Hindi-English,3,True
Office sofa set,capital_goods,0,Code-mixed Hindi-English,3,True
Fire extinguisher refill,capital_goods,0,Code-mixed Hindi-English,3,True
Voltas split AC installation,capital_goods,0,Code-mixed Hindi-English,3,True
Iron safe locker,capital_goods,0,Code-mixed Hindi-English,3,True
Photocopier xerox machine,capital_goods,0,Code-mixed Hindi-English,3,True
Industrial weighing scale,capital_goods,0,Code-mixed Hindi-English,3,True
Site measuring tape 5m,capital_goods,0,Code-mixed Hindi-English,3,True
Office water dispenser,capital_goods,0,Code-mixed Hindi-English,3,True
Angle grinder machine,capital_goods,0,Code-mixed Hindi-English,3,True
Steel fabrication material,capital_goods,0,Code-mixed Hindi-English,3,True
Computer table adjustable,capital_goods,0,Code-mixed Hindi-English,3,True
HMT lathe machine parts,capital_goods,0,Code-mixed Hindi-English,3,True
Office carpet 10x12ft,capital_goods,0,Code-mixed Hindi-English,3,True
Electric scissor lift,capital_goods,0,Code-mixed Hindi-English,3,True
Concrete mixer machine,capital_goods,0,Code-mixed Hindi-English,3,True
Lathe machine kharida rs 120000,capital_goods,0,Code-mixed Hindi-English,3,True
Bosch drill machine for factory,capital_goods,0,Code-mixed Hindi-English,3,True
Office chair 2 nos @ 3500,capital_goods,0,Code-mixed Hindi-English,3,True
Tata generator invoice rs 250000,capital_goods,0,Code-mixed Hindi-English,3,True
Dell desktop for accounts dept,capital_goods,0,Code-mixed Hindi-English,3,True
Steel cutting tool 5 pcs @ 800,capital_goods,0,Code-mixed Hindi-English,3,True
Godrej almirah for office rs 15000,capital_goods,0,Code-mixed Hindi-English,3,True
Plant machinery maintenance bill,capital_goods,0,Code-mixed Hindi-English,3,True
HP printer cartridge 2 pcs rs 1200,capital_goods,0,Code-mixed Hindi-English,3,True
UPS battery replacement rs 4500,capital_goods,0,Code-mixed Hindi-English,3,True
Factory conveyor belt 10m @ 2000/m,capital_goods,0,Code-mixed Hindi-English,3,True
Office table 1 no rs 8000,capital_goods,0,Code-mixed Hindi-English,3,True
JCB spare parts invoice rs 32000,capital_goods,0,Code-mixed Hindi-English,3,True
Lenovo laptop for manager rs 55000,capital_goods,0,Code-mixed Hindi-English,3,True
Welding machine repair charge,capital_goods,0,Code-mixed Hindi-English,3,True
Iron rod 50kg @ 60/kg,capital_goods,0,Code-mixed Hindi-English,3,True
Godrej filing cabinet rs 7000,capital_goods,0,Code-mixed Hindi-English,3,True
Generator fuel expense rs 3000,capital_goods,0,Code-mixed Hindi-English,3,True
Tata steel sheet 2mm thickness,capital_goods,0,Code-mixed Hindi-English,3,True
Office AC installation charge,capital_goods,0,Code-mixed Hindi-English,3,True
Factory safety helmet 10 pcs @ 200,capital_goods,0,Code-mixed Hindi-English,3,True
Samsung monitor for reception rs 15000,capital_goods,0,Code-mixed Hindi-English,3,True
Lathe tool replacement rs 2500,capital_goods,0,Code-mixed Hindi-English,3,True
Office sofa set rs 22000,capital_goods,0,Code-mixed Hindi-English,3,True
Plant machinery oil 5 liters @ 400,capital_goods,0,Code-mixed Hindi-English,3,True
Bosch grinder machine rs 18000,capital_goods,0,Code-mixed Hindi-English,3,True
Steel pipe 3m @ 500/m,capital_goods,0,Code-mixed Hindi-English,3,True
Office printer paper 5 reams rs 1000,capital_goods,0,Code-mixed Hindi-English,3,True
Factory fan repair bill rs 1200,capital_goods,0,Code-mixed Hindi-English,3,True
Tata motors invoice for forklift,capital_goods,0,Code-mixed Hindi-English,3,True
Office water cooler rs 18000,capital_goods,0,Code-mixed Hindi-English,3,True
Factory gloves 20 pairs @ 50,capital_goods,0,Code-mixed Hindi-English,3,True
Dell server for IT dept rs 90000,capital_goods,0,Code-mixed Hindi-English,3,True
Plant machinery belt rs 4500,capital_goods,0,Code-mixed Hindi-English,3,True
Office whiteboard rs 3000,capital_goods,0,Code-mixed Hindi-English,3,True
Factory ladder 1 no rs 2500,capital_goods,0,Code-mixed Hindi-English,3,True
Godrej steel cupboard rs 12000,capital_goods,0,Code-mixed Hindi-English,3,True
Generator servicing charge rs 5000,capital_goods,0,Code-mixed Hindi-English,3,True
Tata steel rod 100kg @ 65/kg,capital_goods,0,Code-mixed Hindi-English,3,True
Office chair wheel replacement rs 200,capital_goods,0,Code-mixed Hindi-English,3,True
Factory toolbox 1 no rs 1500,capital_goods,0,Code-mixed Hindi-English,3,True
HP laptop for sales team rs 60000,capital_goods,0,Code-mixed Hindi-English,3,True
Lathe machine oil 2 liters @ 300,capital_goods,0,Code-mixed Hindi-English,3,True
Office table lamp rs 1200,capital_goods,0,Code-mixed Hindi-English,3,True
Factory safety shoes 5 pairs @ 800,capital_goods,0,Code-mixed Hindi-English,3,True
Bosch welding machine rs 22000,capital_goods,0,Code-mixed Hindi-English,3,True
Steel plate 4mm thickness rs 5000,capital_goods,0,Code-mixed Hindi-English,3,True
Office AC repair bill rs 3500,capital_goods,0,Code-mixed Hindi-English,3,True
Factory drill bit 10 pcs @ 150,capital_goods,0,Code-mixed Hindi-English,3,True
Tata generator spare parts rs 18000,capital_goods,0,Code-mixed Hindi-English,3,True
Generator repair Rs 7500,capital_goods,0,Code-mixed Hindi-English,3,True
Office chair kharida,capital_goods,0,Code-mixed Hindi-English,3,True
Tata Steel machine parts,capital_goods,0,Code-mixed Hindi-English,3,True
Dell laptop for office,capital_goods,0,Code-mixed Hindi-English,3,True
Factory tools rs 4500,capital_goods,0,Code-mixed Hindi-English,3,True
Plant machinery spare parts,capital_goods,0,Code-mixed Hindi-English,3,True
5 kg steel rods @ 200/kg,capital_goods,0,Code-mixed Hindi-English,3,True
Computer table purchase,capital_goods,0,Code-mixed Hindi-English,3,True
Generator oil Rs 1200,capital_goods,0,Code-mixed Hindi-English,3,True
Office printer HP,capital_goods,0,Code-mixed Hindi-English,3,True
Factory safety equipment,capital_goods,0,Code-mixed Hindi-English,3,True
Machinery maintenance Rs 8000,capital_goods,0,Code-mixed Hindi-English,3,True
2 reams A4 paper,capital_goods,0,Code-mixed Hindi-English,3,True
Steel cutting machine,capital_goods,0,Code-mixed Hindi-English,3,True
Office desk repair,capital_goods,0,Code-mixed Hindi-English,3,True
Tata generator invoice,capital_goods,0,Code-mixed Hindi-English,3,True
Plant tool kit,capital_goods,0,Code-mixed Hindi-English,3,True
Computer RAM upgrade,capital_goods,0,Code-mixed Hindi-English,3,True
Office furniture delivery,capital_goods,0,Code-mixed Hindi-English,3,True
Factory fan Rs 2500,capital_goods,0,Code-mixed Hindi-English,3,True
Generator battery replacement,capital_goods,0,Code-mixed Hindi-English,3,True
Steel sheets 10 pieces,capital_goods,0,Code-mixed Hindi-English,3,True
Office AC servicing,capital_goods,0,Code-mixed Hindi-English,3,True
Machinery oil Rs 600,capital_goods,0,Code-mixed Hindi-English,3,True
Plant welding machine,capital_goods,0,Code-mixed Hindi-English,3,True
Computer UPS Rs 3000,capital_goods,0,Code-mixed Hindi-English,3,True
Office sofa purchase,capital_goods,0,Code-mixed Hindi-English,3,True
Factory gloves rs 500,capital_goods,0,Code-mixed Hindi-English,3,True
Generator belt change,capital_goods,0,Code-mixed Hindi-English,3,True
Steel pipes 5m @ 300/m,capital_goods,0,Code-mixed Hindi-English,3,True
Office printer cartridge,capital_goods,0,Code-mixed Hindi-English,3,True
Plant machinery repair,capital_goods,0,Code-mixed Hindi-English,3,True
Computer antivirus Rs 1200,capital_goods,0,Code-mixed Hindi-English,3,True
Office table Rs 4500,capital_goods,0,Code-mixed Hindi-English,3,True
Factory mask rs 200,capital_goods,0,Code-mixed Hindi-English,3,True
Generator servicing Rs 1500,capital_goods,0,Code-mixed Hindi-English,3,True
Steel plates 3 pieces,capital_goods,0,Code-mixed Hindi-English,3,True
Office laptop bag,capital_goods,0,Code-mixed Hindi-English,3,True
Plant safety helmet,capital_goods,0,Code-mixed Hindi-English,3,True
Machinery grease Rs 400,capital_goods,0,Code-mixed Hindi-English,3,True
Office chair Rs 1800,capital_goods,0,Code-mixed Hindi-English,3,True
Factory apron rs 300,capital_goods,0,Code-mixed Hindi-English,3,True
Generator spare parts,capital_goods,0,Code-mixed Hindi-English,3,True
Steel cutter Rs 2500,capital_goods,0,Code-mixed Hindi-English,3,True
Office desk Rs 3200,capital_goods,0,Code-mixed Hindi-English,3,True
Plant machinery oil,capital_goods,0,Code-mixed Hindi-English,3,True
Computer mouse Rs 150,capital_goods,0,Code-mixed Hindi-English,3,True
Office cabinet Rs 5000,capital_goods,0,Code-mixed Hindi-English,3,True
Factory boots rs 800,capital_goods,0,Code-mixed Hindi-English,3,True
CNC machine khareeda 2 lakh,capital_goods,0,Code-mixed Hindi-English,3,True
Godrej filing cabinet for office,capital_goods,0,Code-mixed Hindi-English,3,True
Tata generators invoice rs 1.5 lakh,capital_goods,0,Code-mixed Hindi-English,3,True
5 office chairs khareeda,capital_goods,0,Code-mixed Hindi-English,3,True
Laptop Dell Inspiron for office use,capital_goods,0,Code-mixed Hindi-English,3,True
Factory tools rs 25000,capital_goods,0,Code-mixed Hindi-English,3,True
Plant machinery maintenance invoice,capital_goods,0,Code-mixed Hindi-English,3,True
2 HP printers khareeda,capital_goods,0,Code-mixed Hindi-English,3,True
Office table khareeda rs 12000,capital_goods,0,Code-mixed Hindi-English,3,True
Tata Steel rods 10m @ 500/m,capital_goods,0,Code-mixed Hindi-English,3,True
AC for office rs 35000,capital_goods,0,Code-mixed Hindi-English,3,True
Generator diesel engine khareeda,capital_goods,0,Code-mixed Hindi-English,3,True
Lenovo desktop for office use,capital_goods,0,Code-mixed Hindi-English,3,True
Factory conveyor belt rs 75000,capital_goods,0,Code-mixed Hindi-English,3,True
Office furniture khareeda rs 45000,capital_goods,0,Code-mixed Hindi-English,3,True
Welding machine khareeda rs 18000,capital_goods,0,Code-mixed Hindi-English,3,True
Hydraulic press machine invoice,capital_goods,0,Code-mixed Hindi-English,3,True
Air compressor khareeda rs 22000,capital_goods,0,Code-mixed Hindi-English,3,True
Office sofa set khareeda,capital_goods,0,Code-mixed Hindi-English,3,True
Factory machinery spare parts rs 30000,capital_goods,0,Code-mixed Hindi-English,3,True
HP LaserJet printer khareeda,capital_goods,0,Code-mixed Hindi-English,3,True
Steel cutting machine invoice,capital_goods,0,Code-mixed Hindi-English,3,True
Office projector khareeda rs 28000,capital_goods,0,Code-mixed Hindi-English,3,True
Factory drilling machine rs 40000,capital_goods,0,Code-mixed Hindi-English,3,True
Office laptop bag khareeda,capital_goods,0,Code-mixed Hindi-English,3,True
Tata Motors invoice for forklift,capital_goods,0,Code-mixed Hindi-English,3,True
Industrial fan khareeda rs 15000,capital_goods,0,Code-mixed Hindi-English,3,True
Office printer toner rs 5000,capital_goods,0,Code-mixed Hindi-English,3,True
Factory safety equipment invoice,capital_goods,0,Code-mixed Hindi-English,3,True
Office desk khareeda rs 8000,capital_goods,0,Code-mixed Hindi-English,3,True
Lathe machine khareeda rs 1.2 lakh,capital_goods,0,Code-mixed Hindi-English,3,True
Office wifi router khareeda,capital_goods,0,Code-mixed Hindi-English,3,True
Factory welding rods rs 12000,capital_goods,0,Code-mixed Hindi-English,3,True
Office computer table khareeda,capital_goods,0,Code-mixed Hindi-English,3,True
Generator servicing invoice rs 10000,capital_goods,0,Code-mixed Hindi-English,3,True
Steel sheet khareeda 5m @ 800/m,capital_goods,0,Code-mixed Hindi-English,3,True
Office printer paper rs 2000,capital_goods,0,Code-mixed Hindi-English,3,True
Factory crane machine invoice,capital_goods,0,Code-mixed Hindi-English,3,True
Office chair cushion khareeda,capital_goods,0,Code-mixed Hindi-English,3,True
Tata Steel invoice for machinery,capital_goods,0,Code-mixed Hindi-English,3,True
Factory storage rack khareeda,capital_goods,0,Code-mixed Hindi-English,3,True
Office laptop stand khareeda,capital_goods,0,Code-mixed Hindi-English,3,True
Factory compressor repair rs 15000,capital_goods,0,Code-mixed Hindi-English,3,True
Office filing cabinet khareeda,capital_goods,0,Code-mixed Hindi-English,3,True
Generator spare parts invoice,capital_goods,0,Code-mixed Hindi-English,3,True
Factory tools kit khareeda rs 18000,capital_goods,0,Code-mixed Hindi-English,3,True
Office printer cartridge rs 3000,capital_goods,0,Code-mixed Hindi-English,3,True
Steel pipe khareeda 3m @ 1200/m,capital_goods,0,Code-mixed Hindi-English,3,True
Factory machinery oil rs 5000,capital_goods,0,Code-mixed Hindi-English,3,True
Office desk lamp khareeda,capital_goods,0,Code-mixed Hindi-English,3,True
Machine oil rs 1200,capital_goods,0,Code-mixed Hindi-English,3,True
Laptop table purchase,capital_goods,0,Code-mixed Hindi-English,3,True
5 chairs for staff,capital_goods,0,Code-mixed Hindi-English,3,True
Generator service charge,capital_goods,0,Code-mixed Hindi-English,3,True
Steel cutter blade rs 450,capital_goods,0,Code-mixed Hindi-English,3,True
Computer table kharida,capital_goods,0,Code-mixed Hindi-English,3,True
Tata Steel invoice,capital_goods,0,Code-mixed Hindi-English,3,True
Printer toner cartridge rs 800,capital_goods,0,Code-mixed Hindi-English,3,True
Office chair repair,capital_goods,0,Code-mixed Hindi-English,3,True
Welding machine rs 15000,capital_goods,0,Code-mixed Hindi-English,3,True
Factory tool kit purchase,capital_goods,0,Code-mixed Hindi-English,3,True
Electrical panel installation,capital_goods,0,Code-mixed Hindi-English,3,True
Office desk for manager,capital_goods,0,Code-mixed Hindi-English,3,True
Fan regulator rs 250,capital_goods,0,Code-mixed Hindi-English,3,True
Table lamp kharida,capital_goods,0,Code-mixed Hindi-English,3,True
Calculator rs 300,capital_goods,0,Code-mixed Hindi-English,3,True
UPS battery replacement,capital_goods,0,Code-mixed Hindi-English,3,True
Steel rod 2m @ 1200/m,capital_goods,0,Code-mixed Hindi-English,3,True
Toolbox for workshop,capital_goods,0,Code-mixed Hindi-English,3,True
Office sofa set purchase,capital_goods,0,Code-mixed Hindi-English,3,True
Computer CPU rs 20000,capital_goods,0,Code-mixed Hindi-English,3,True
Generator fuel rs 500,capital_goods,0,Code-mixed Hindi-English,3,True
Chair wheels rs 150,capital_goods,0,Code-mixed Hindi-English,3,True
File cabinet kharida,capital_goods,0,Code-mixed Hindi-English,3,True
Keyboard mouse combo rs 800,capital_goods,0,Code-mixed Hindi-English,3,True
Monitor stand rs 400,capital_goods,0,Code-mixed Hindi-English,3,True
Desk organizer purchase,capital_goods,0,Code-mixed Hindi-English,3,True
Factory safety gloves rs 300,capital_goods,0,Code-mixed Hindi-English,3,True
Whiteboard for meeting room,capital_goods,0,Code-mixed Hindi-English,3,True
Office tea machine rs 2500,capital_goods,0,Code-mixed Hindi-English,3,True
Toolkit bag rs 1200,capital_goods,0,Code-mixed Hindi-English,3,True
Plant machinery maintenance,capital_goods,0,Code-mixed Hindi-English,3,True
Office laptop charger rs 800,capital_goods,0,Code-mixed Hindi-English,3,True
Chair cushion rs 500,capital_goods,0,Code-mixed Hindi-English,3,True
Office printer repair,capital_goods,0,Code-mixed Hindi-English,3,True
Factory tool belt rs 600,capital_goods,0,Code-mixed Hindi-English,3,True
Desk lamp kharida,capital_goods,0,Code-mixed Hindi-English,3,True
Monitor riser stand rs 300,capital_goods,0,Code-mixed Hindi-English,3,True
Office table cloth rs 200,capital_goods,0,Code-mixed Hindi-English,3,True
Factory tool sharpening,capital_goods,0,Code-mixed Hindi-English,3,True
Computer antivirus software rs 1000,capital_goods,0,Code-mixed Hindi-English,3,True
Office cabinet lock rs 150,capital_goods,0,Code-mixed Hindi-English,3,True
Plant machinery oil rs 800,capital_goods,0,Code-mixed Hindi-English,3,True
Office chair armrest rs 300,capital_goods,0,Code-mixed Hindi-English,3,True
लेखा शुल्क एबीसी अकाउंटेंट्स,input_services,1,Hindi (Devanagari),0,True
कूरियर चार्ज 250 रुपये,input_services,1,Hindi (Devanagari),0,True
विज्ञापन खर्च टाइम्स ऑफ इंडिया,input_services,1,Hindi (Devanagari),0,True
सॉफ्टवेयर सब्सक्रिप्शन ज़ोहो,input_services,1,Hindi (Devanagari),0,True
परामर्श शुल्क मिस्टर शर्मा,input_services,1,Hindi (Devanagari),0,True
रखरखाव अनुबंध एलएंडटी,input_services,1,Hindi (Devanagari),0,True
सुरक्षा सेवा शुल्क 5000 रुपये,input_services,1,Hindi (Devanagari),0,True
कानूनी सेवाएं एडवोकेट जैन,input_services,1,Hindi (Devanagari),0,True
ऑफिस के लिए डेल लैपटॉप,input_services,1,Hindi (Devanagari),0,True
स्टेशनरी खर्च 1200 रुपये,input_services,1,Hindi (Devanagari),0,True
सॉफ्टवेयर अपडेट चार्ज,input_services,1,Hindi (Devanagari),0,True
विज्ञापन खर्च फेसबुक,input_services,1,Hindi (Devanagari),0,True
कूरियर चार्ज डीएचएल,input_services,1,Hindi (Devanagari),0,True
लेखा शुल्क 3000 रुपये,input_services,1,Hindi (Devanagari),0,True
परामर्श शुल्क एमसीए श्रीवास्तव,input_services,1,Hindi (Devanagari),0,True
सुरक्षा गार्ड वेतन,input_services,1,Hindi (Devanagari),0,True
विज्ञापन खर्च गूगल एड्स,input_services,1,Hindi (Devanagari),0,True
सॉफ्टवेयर लाइसेंस फीस,input_services,1,Hindi (Devanagari),0,True
रखरखाव अनुबंध वोल्टास,input_services,1,Hindi (Devanagari),0,True
कानूनी सलाह शुल्क,input_services,1,Hindi (Devanagari),0,True
ऑफिस स्टेशनरी खर्च,input_services,1,Hindi (Devanagari),0,True
कूरियर चार्ज ब्लू डार्ट,input_services,1,Hindi (Devanagari),0,True
लेखा शुल्क श्री अग्रवाल,input_services,1,Hindi (Devanagari),0,True
सॉफ्टवेयर सब्सक्रिप्शन टैली,input_services,1,Hindi (Devanagari),0,True
परामर्श शुल्क 5000 रुपये,input_services,1,Hindi (Devanagari),0,True
सुरक्षा सेवा अनुबंध,input_services,1,Hindi (Devanagari),0,True
विज्ञापन खर्च इंस्टाग्राम,input_services,1,Hindi (Devanagari),0,True
सॉफ्टवेयर अपग्रेड चार्ज,input_services,1,Hindi (Devanagari),0,True
रखरखाव शुल्क 2000 रुपये,input_services,1,Hindi (Devanagari),0,True
कानूनी परामर्श शुल्क,input_services,1,Hindi (Devanagari),0,True
ऑफिस आपूर्ति खर्च,input_services,1,Hindi (Devanagari),0,True
कूरियर चार्ज फेडेक्स,input_services,1,Hindi (Devanagari),0,True
लेखा शुल्क एसएमई सलाहकार,input_services,1,Hindi (Devanagari),0,True
सॉफ्टवेयर लाइसेंस रिन्यूअल,input_services,1,Hindi (Devanagari),0,True
परामर्श शुल्क श्री मिश्रा,input_services,1,Hindi (Devanagari),0,True
सुरक्षा गार्ड वेतन 6000 रुपये,input_services,1,Hindi (Devanagari),0,True
विज्ञापन खर्च यूट्यूब,input_services,1,Hindi (Devanagari),0,True
सॉफ्टवेयर सपोर्ट चार्ज,input_services,1,Hindi (Devanagari),0,True
रखरखाव अनुबंध सीमेंस,input_services,1,Hindi (Devanagari),0,True
कानूनी सलाह शुल्क 4000 रुपये,input_services,1,Hindi (Devanagari),0,True
ऑफिस स्टेशनरी खर्च 800 रुपये,input_services,1,Hindi (Devanagari),0,True
कूरियर चार्ज इंडिया पोस्ट,input_services,1,Hindi (Devanagari),0,True
लेखा शुल्क श्रीमती शर्मा,input_services,1,Hindi (Devanagari),0,True
सॉफ्टवेयर सब्सक्रिप्शन माइक्रोसॉफ्ट,input_services,1,Hindi (Devanagari),0,True
परामर्श शुल्क श्री गुप्ता,input_services,1,Hindi (Devanagari),0,True
सुरक्षा सेवा शुल्क 7000 रुपये,input_services,1,Hindi (Devanagari),0,True
विज्ञापन खर्च लिंक्डइन,input_services,1,Hindi (Devanagari),0,True
सॉफ्टवेयर अपडेट शुल्क,input_services,1,Hindi (Devanagari),0,True
रखरखाव अनुबंध हवेल्स,input_services,1,Hindi (Devanagari),0,True
चार्टर्ड अकाउंटेंट फीस 5000 रुपये,input_services,1,Hindi (Devanagari),0,True
डीएचएल कूरियर सेवा,input_services,1,Hindi (Devanagari),0,True
फेसबुक विज्ञापन 3000 रुपये,input_services,1,Hindi (Devanagari),0,True
माइक्रोसॉफ्ट 365 सदस्यता,input_services,1,Hindi (Devanagari),0,True
बिज़नेस कंसल्टेंसी शुल्क,input_services,1,Hindi (Devanagari),0,True
जनरल मैनेजमेंट फीस,input_services,1,Hindi (Devanagari),0,True
टाटा स्टील इनवॉइस,input_services,1,Hindi (Devanagari),0,True
डेल लैपटॉप ऑफिस के लिए,input_services,1,Hindi (Devanagari),0,True
5 किलो दाल,input_services,1,Hindi (Devanagari),0,True
2 रीम A4 पेपर,input_services,1,Hindi (Devanagari),0,True
स्टेशनरी 500 रुपये,input_services,1,Hindi (Devanagari),0,True
स्टील रॉड 2m @ 1200/m,input_services,1,Hindi (Devanagari),0,True
पेशेवर फीस अप्रैल 2023,input_services,1,Hindi (Devanagari),0,True
वकील फीस,input_services,1,Hindi (Devanagari),0,True
गूगल एडवर्ड्स शुल्क,input_services,1,Hindi (Devanagari),0,True
ऑफिस 365 सब्सक्रिप्शन,input_services,1,Hindi (Devanagari),0,True
टेक्निकल कंसल्टेंसी फीस,input_services,1,Hindi (Devanagari),0,True
बिल्डिंग मेनटेनेंस अनुबंध,input_services,1,Hindi (Devanagari),0,True
गार्ड सर्विसेज मार्च 2023,input_services,1,Hindi (Devanagari),0,True
एसबीआई अकाउंट फीस,input_services,1,Hindi (Devanagari),0,True
एचपी प्रिंटर सर्विस,input_services,1,Hindi (Devanagari),0,True
कागज़ 10 रीम @ 200/रीम,input_services,1,Hindi (Devanagari),0,True
इंटरनेट बिल 1200 रुपये,input_services,1,Hindi (Devanagari),0,True
लेगल एडवाइस फीस,input_services,1,Hindi (Devanagari),0,True
फेडेक्स कूरियर चार्ज,input_services,1,Hindi (Devanagari),0,True
यूट्यूब विज्ञापन 1500 रुपये,input_services,1,Hindi (Devanagari),0,True
जूला सब्सक्रिप्शन,input_services,1,Hindi (Devanagari),0,True
फाइनेंस कंसल्टेंसी फीस,input_services,1,Hindi (Devanagari),0,True
एसी सर्विसिंग अनुबंध,input_services,1,Hindi (Devanagari),0,True
सिक्योरिटी गार्ड शुल्क,input_services,1,Hindi (Devanagari),0,True
आयकर परामर्श फीस,input_services,1,Hindi (Devanagari),0,True
वक़ील फीस अप्रैल 2023,input_services,1,Hindi (Devanagari),0,True
डीटीडीसी कूरियर 300 रुपये,input_services,1,Hindi (Devanagari),0,True
इंस्टाग्राम विज्ञापन 2000 रुपये,input_services,1,Hindi (Devanagari),0,True
एडोब क्रिएटिव क्लाउड सब्सक्रिप्शन,input_services,1,Hindi (Devanagari),0,True
मार्केटिंग कंसल्टेंसी फीस,input_services,1,Hindi (Devanagari),0,True
इलेक्ट्रिक मेनटेनेंस अनुबंध,input_services,1,Hindi (Devanagari),0,True
नाइट गार्ड सर्विस,input_services,1,Hindi (Devanagari),0,True
कंपनी रजिस्ट्रेशन फीस,input_services,1,Hindi (Devanagari),0,True
कानूनी सलाह फीस,input_services,1,Hindi (Devanagari),0,True
ब्लू डार्ट कूरियर 400 रुपये,input_services,1,Hindi (Devanagari),0,True
लिंक्डइन विज्ञापन 2500 रुपये,input_services,1,Hindi (Devanagari),0,True
ज़ोहो सब्सक्रिप्शन,input_services,1,Hindi (Devanagari),0,True
प्रोजेक्ट कंसल्टेंसी फीस,input_services,1,Hindi (Devanagari),0,True
प्लंबिंग मेनटेनेंस अनुबंध,input_services,1,Hindi (Devanagari),0,True
डे सिक्योरिटी गार्ड शुल्क,input_services,1,Hindi (Devanagari),0,True
लेखा सेवाएं - शर्मा एंड कंपनी,input_services,1,Hindi (Devanagari),0,True
डाक सेवा - 5 पार्सल @ 200/पीस,input_services,1,Hindi (Devanagari),0,True
फेसबुक विज्ञापन - 5000 रुपये,input_services,1,Hindi (Devanagari),0,True
टैली सब्सक्रिप्शन - 1 वर्ष,input_services,1,Hindi (Devanagari),0,True
सलाहकार फीस - मार्केटिंग विशेषज्ञ,input_services,1,Hindi (Devanagari),0,True
पेशेवर शुल्क - सीए राजीव,input_services,1,Hindi (Devanagari),0,True
एसी मरम्मत अनुबंध - वोल्टास,input_services,1,Hindi (Devanagari),0,True
सुरक्षा गार्ड सेवाएं - 2 गार्ड @ 15000/माह,input_services,1,Hindi (Devanagari),0,True
कानूनी दस्तावेज़ तैयारी,input_services,1,Hindi (Devanagari),0,True
कूरियर चार्ज - ब्लू डार्ट 250 रुपये,input_services,1,Hindi (Devanagari),0,True
गूगल एड्स खर्च - 3000,input_services,1,Hindi (Devanagari),0,True
ज़ोहो सदस्यता शुल्क,input_services,1,Hindi (Devanagari),0,True
व्यवसाय सलाहकार सेवाएं,input_services,1,Hindi (Devanagari),0,True
चार्टर्ड अकाउंटेंट फीस,input_services,1,Hindi (Devanagari),0,True
कंप्यूटर रखरखाव अनुबंध - एचपी,input_services,1,Hindi (Devanagari),0,True
प्रहरी सेवाएं - नाइट शिफ्ट,input_services,1,Hindi (Devanagari),0,True
टैक्स फाइलिंग शुल्क,input_services,1,Hindi (Devanagari),0,True
डीटीडीसी कूरियर - 3 किलो @ 180,input_services,1,Hindi (Devanagari),0,True
अखबार विज्ञापन - टाइम्स ऑफ इंडिया,input_services,1,Hindi (Devanagari),0,True
माइक्रोसॉफ्ट 365 सब्सक्रिप्शन,input_services,1,Hindi (Devanagari),0,True
मैनेजमेंट कंसल्टेंसी,input_services,1,Hindi (Devanagari),0,True
ऑडिट फीस - गुप्ता एंड संस,input_services,1,Hindi (Devanagari),0,True
लिफ्ट मरम्मत अनुबंध,input_services,1,Hindi (Devanagari),0,True
सिक्योरिटी एजेंसी भुगतान,input_services,1,Hindi (Devanagari),0,True
बैंक लेनदेन शुल्क,input_services,1,Hindi (Devanagari),0,True
फेडेक्स अंतर्राष्ट्रीय शिपिंग,input_services,1,Hindi (Devanagari),0,True
यूट्यूब प्रचार - 7000 रुपये,input_services,1,Hindi (Devanagari),0,True
क्विकबुक्स सॉफ्टवेयर,input_services,1,Hindi (Devanagari),0,True
व्यापार सलाहकार शुल्क,input_services,1,Hindi (Devanagari),0,True
कानूनी परामर्श - श्रीवास्तव एडवोकेट,input_services,1,Hindi (Devanagari),0,True
फायर सिस्टम रखरखाव,input_services,1,Hindi (Devanagari),0,True
गार्ड वेतन - जनवरी 2024,input_services,1,Hindi (Devanagari),0,True
जीएसटी रिटर्न फाइलिंग शुल्क,input_services,1,Hindi (Devanagari),0,True
इंडिया पोस्ट रजिस्टर्ड डाक,input_services,1,Hindi (Devanagari),0,True
इंस्टाग्राम प्रमोशन - 4500,input_services,1,Hindi (Devanagari),0,True
एडोब क्रिएटिव क्लाउड,input_services,1,Hindi (Devanagari),0,True
बिजनेस प्लानिंग कंसल्टेंट,input_services,1,Hindi (Devanagari),0,True
जनरेटर सर्विसिंग अनुबंध,input_services,1,Hindi (Devanagari),0,True
सीसीटीवी मॉनिटरिंग सेवाएं,input_services,1,Hindi (Devanagari),0,True
नोटरी शुल्क - 2 दस्तावेज़,input_services,1,Hindi (Devanagari),0,True
अमेज़न शिपिंग लागत,input_services,1,Hindi (Devanagari),0,True
लोकल न्यूज़पेपर एड - 1200,input_services,1,Hindi (Devanagari),0,True
स्लैक प्रीमियम सदस्यता,input_services,1,Hindi (Devanagari),0,True
फाइनेंशियल एडवाइज़र फीस,input_services,1,Hindi (Devanagari),0,True
पेटेंट फाइलिंग शुल्क,input_services,1,Hindi (Devanagari),0,True
वाटर कूलर सर्विसिंग,input_services,1,Hindi (Devanagari),0,True
वॉचमैन सैलरी - दिसंबर,input_services,1,Hindi (Devanagari),0,True
पेटीएम पेमेंट गेटवे चार्ज,input_services,1,Hindi (Devanagari),0,True
लेखा शुल्क जनवरी 2024,input_services,1,Hindi (Devanagari),0,True
कूरियर शुल्क फेडक्स,input_services,1,Hindi (Devanagari),0,True
विज्ञापन टाइम्स ऑफ इंडिया,input_services,1,Hindi (Devanagari),0,True
सॉफ्टवेयर सदस्यता टीम्स,input_services,1,Hindi (Devanagari),0,True
पेशेवर शुल्क सीए के लिए,input_services,1,Hindi (Devanagari),0,True
रखरखाव अनुबंध लेनोवो,input_services,1,Hindi (Devanagari),0,True
सुरक्षा सेवाएं एसआईएस,input_services,1,Hindi (Devanagari),0,True
वकील शुल्क श्रीमान शर्मा,input_services,1,Hindi (Devanagari),0,True
लेखा सेवाएं rs 5000,input_services,1,Hindi (Devanagari),0,True
कूरियर शुल्क 5 पार्सल @ 100/पार्सल,input_services,1,Hindi (Devanagari),0,True
विज्ञापन Google Ads,input_services,1,Hindi (Devanagari),0,True
सॉफ्टवेयर सदस्यता Z0h0,input_services,1,Hindi (Devanagari),0,True
पेशेवर शुल्क आउडिटर,input_services,1,Hindi (Devanagari),0,True
रखरखाव अनुबंध डेल,input_services,1,Hindi (Devanagari),0,True
सुरक्षा सेवाएं टाटा पावर,input_services,1,Hindi (Devanagari),0,True
लेखा शुल्क फरवरी 2024,input_services,1,Hindi (Devanagari),0,True
कूरियर शुल्क डीएचएल,input_services,1,Hindi (Devanagari),0,True
विज्ञापन फेसबुक,input_services,1,Hindi (Devanagari),0,True
सॉफ्टवेयर सदस्यता ओफिस 365,input_services,1,Hindi (Devanagari),0,True
पेशेवर शुल्क टैक्स सलाहकार,input_services,1,Hindi (Devanagari),0,True
रखरखाव अनुबंध एचपी,input_services,1,Hindi (Devanagari),0,True
सुरक्षा सेवाएं सीआईएसएफ,input_services,1,Hindi (Devanagari),0,True
लेखा सेवाएं rs 3000,input_services,1,Hindi (Devanagari),0,True
कूरियर शुल्क ब्लू डार्ट,input_services,1,Hindi (Devanagari),0,True
विज्ञापन इंस्टाग्राम,input_services,1,Hindi (Devanagari),0,True
सॉफ्टवेयर सदस्यता एडोब,input_services,1,Hindi (Devanagari),0,True
पेशेवर शुल्क वित्तीय सलाहकार,input_services,1,Hindi (Devanagari),0,True
रखरखाव अनुबंध एप्पल,input_services,1,Hindi (Devanagari),0,True
सुरक्षा सेवाएं प्राइवेट गार्ड,input_services,1,Hindi (Devanagari),0,True
लेखा शुल्क मार्च 2024,input_services,1,Hindi (Devanagari),0,True
कूरियर शुल्क डीटीडीसी,input_services,1,Hindi (Devanagari),0,True
विज्ञापन यूट्यूब,input_services,1,Hindi (Devanagari),0,True
सॉफ्टवेयर सदस्यता स्लैक,input_services,1,Hindi (Devanagari),0,True
पेशेवर शुल्क कानूनी सलाहकार,input_services,1,Hindi (Devanagari),0,True
रखरखाव अनुबंध सैमसंग,input_services,1,Hindi (Devanagari),0,True
सुरक्षा सेवाएं एसएसबी,input_services,1,Hindi (Devanagari),0,True
लेखा सेवाएं rs 4000,input_services,1,Hindi (Devanagari),0,True
कूरियर शुल्क इंडिया पोस्ट,input_services,1,Hindi (Devanagari),0,True
विज्ञापन लिंक्डइन,input_services,1,Hindi (Devanagari),0,True
सॉफ्टवेयर सदस्यता गूगल वर्कस्पेस,input_services,1,Hindi (Devanagari),0,True
पेशेवर शुल्क बैंकिंग सलाहकार,input_services,1,Hindi (Devanagari),0,True
रखरखाव अनुबंध आईबीएम,input_services,1,Hindi (Devanagari),0,True
लेखा शुल्क अप्रैल 2024,input_services,1,Hindi (Devanagari),0,True
कूरियर शुल्क एक्सप्रेस बीमल,input_services,1,Hindi (Devanagari),0,True
विज्ञापन ट्विटर,input_services,1,Hindi (Devanagari),0,True
सॉफ्टवेयर सदस्यता ड्रॉपबॉक्स,input_services,1,Hindi (Devanagari),0,True
पेशेवर शुल्क बीमा सलाहकार,input_services,1,Hindi (Devanagari),0,True
रखरखाव अनुबंध एसर,input_services,1,Hindi (Devanagari),0,True
वकील की फीस ₹5000,input_services,1,Hindi (Devanagari),0,True
टाटा कंसल्टेंसी चार्ज,input_services,1,Hindi (Devanagari),0,True
कूरियर शुल्क ₹200,input_services,1,Hindi (Devanagari),0,True
Google Ads खर्च,input_services,1,Hindi (Devanagari),0,True
Zoho सब्सक्रिप्शन फीस,input_services,1,Hindi (Devanagari),0,True
अकाउंटिंग सर्विसेज,input_services,1,Hindi (Devanagari),0,True
वकील से परामर्श शुल्क,input_services,1,Hindi (Devanagari),0,True
इंटरनेट बिल ₹1200,input_services,1,Hindi (Devanagari),0,True
सॉफ्टवेयर अपडेट फीस,input_services,1,Hindi (Devanagari),0,True
टाटा सुरक्षा सेवाएं,input_services,1,Hindi (Devanagari),0,True
फ्लिपकार्ट विज्ञापन खर्च,input_services,1,Hindi (Devanagari),0,True
सॉफ्टवेयर लाइसेंस फीस ₹15000,input_services,1,Hindi (Devanagari),0,True
डेल कंप्यूटर मेंटेनेंस,input_services,1,Hindi (Devanagari),0,True
कंसल्टेंसी फीस ₹10000,input_services,1,Hindi (Devanagari),0,True
पोस्टल कूरियर शुल्क,input_services,1,Hindi (Devanagari),0,True
ऑफिस सिक्योरिटी सर्विसेज,input_services,1,Hindi (Devanagari),0,True
टैक्स कंसल्टेंसी शुल्क,input_services,1,Hindi (Devanagari),0,True
विज्ञापन खर्च ₹5000,input_services,1,Hindi (Devanagari),0,True
सॉफ्टवेयर सपोर्ट शुल्क,input_services,1,Hindi (Devanagari),0,True
वकील से दस्तावेज़ तैयार कराने का शुल्क,input_services,1,Hindi (Devanagari),0,True
टाटा कंसल्टेंसी रिपोर्ट फीस,input_services,1,Hindi (Devanagari),0,True
Google Workspace सब्सक्रिप्शन,input_services,1,Hindi (Devanagari),0,True
ऑफिस सुरक्षा गार्ड शुल्क,input_services,1,Hindi (Devanagari),0,True
अकाउंटिंग ऑडिट फीस,input_services,1,Hindi (Devanagari),0,True
कंसल्टेंसी रिपोर्ट शुल्क ₹7500,input_services,1,Hindi (Devanagari),0,True
डेल लैपटॉप रिपेयर चार्ज,input_services,1,Hindi (Devanagari),0,True
टाटा सिक्योरिटी गार्ड शुल्क,input_services,1,Hindi (Devanagari),0,True
फ्लिपकार्ट विज्ञापन खर्च ₹3000,input_services,1,Hindi (Devanagari),0,True
सॉफ्टवेयर अपडेट शुल्क ₹2000,input_services,1,Hindi (Devanagari),0,True
वकील से परामर्श फीस ₹2500,input_services,1,Hindi (Devanagari),0,True
कूरियर सेवा शुल्क ₹150,input_services,1,Hindi (Devanagari),0,True
Google Ads खर्च ₹4500,input_services,1,Hindi (Devanagari),0,True
Zoho सब्सक्रिप्शन चार्ज ₹1200,input_services,1,Hindi (Devanagari),0,True
अकाउंटिंग सर्विसेज फीस ₹3000,input_services,1,Hindi (Devanagari),0,True
टाटा कंसल्टेंसी रिपोर्ट फीस ₹5000,input_services,1,Hindi (Devanagari),0,True
फेडेक्स कूरियर शुल्क ₹300,input_services,1,Hindi (Devanagari),0,True
सॉफ्टवेयर लाइसेंस फीस ₹10000,input_services,1,Hindi (Devanagari),0,True
डेल कंप्यूटर मेंटेनेंस चार्ज ₹2000,input_services,1,Hindi (Devanagari),0,True
कंसल्टेंसी फीस ₹8000,input_services,1,Hindi (Devanagari),0,True
पोस्टल कूरियर शुल्क ₹100,input_services,1,Hindi (Devanagari),0,True
ऑफिस सिक्योरिटी सर्विसेज ₹5000,input_services,1,Hindi (Devanagari),0,True
टैक्स कंसल्टेंसी शुल्क ₹4000,input_services,1,Hindi (Devanagari),0,True
विज्ञापन खर्च ₹6000,input_services,1,Hindi (Devanagari),0,True
सॉफ्टवेयर सपोर्ट शुल्क ₹1500,input_services,1,Hindi (Devanagari),0,True
वकील से दस्तावेज़ तैयार कराने का शुल्क ₹3000,input_services,1,Hindi (Devanagari),0,True
टाटा कंसल्टेंसी रिपोर्ट फीस ₹7000,input_services,1,Hindi (Devanagari),0,True
फेडेक्स कूरियर चार्ज ₹250,input_services,1,Hindi (Devanagari),0,True
Google Workspace सब्सक्रिप्शन ₹1000,input_services,1,Hindi (Devanagari),0,True
CA fees for annual audit,input_services,1,Transliterated Hindi,1,True
Legal consultation - Sharma & Co.,input_services,1,Transliterated Hindi,1,True
Courier charges - DTDC,input_services,1,Transliterated Hindi,1,True
Facebook ads campaign - Rs 5000,input_services,1,Transliterated Hindi,1,True
QuickBooks subscription renewal,input_services,1,Transliterated Hindi,1,True
Consultancy fees - ABC Consultants,input_services,1,Transliterated Hindi,1,True
Professional fees - CA Mehta,input_services,1,Transliterated Hindi,1,True
AC maintenance contract - Voltas,input_services,1,Transliterated Hindi,1,True
Security services - Eagle Guards,input_services,1,Transliterated Hindi,1,True
Invoice from Tata Steel,input_services,1,Transliterated Hindi,1,True
Dell laptop for office use,input_services,1,Transliterated Hindi,1,True
5 kg dal purchase,input_services,1,Transliterated Hindi,1,True
2 reams A4 paper,input_services,1,Transliterated Hindi,1,True
Monthly accounting charges - Rs 2000,input_services,1,Transliterated Hindi,1,True
Legal notice drafting fees,input_services,1,Transliterated Hindi,1,True
Bluedart courier charges,input_services,1,Transliterated Hindi,1,True
Google Ads payment - Rs 3000,input_services,1,Transliterated Hindi,1,True
Microsoft Office subscription,input_services,1,Transliterated Hindi,1,True
Business strategy consultancy,input_services,1,Transliterated Hindi,1,True
CA Rajesh annual fees,input_services,1,Transliterated Hindi,1,True
Elevator maintenance - Kone,input_services,1,Transliterated Hindi,1,True
Night security guard payment,input_services,1,Transliterated Hindi,1,True
Invoice from Jindal Steel,input_services,1,Transliterated Hindi,1,True
HP printer toner cartridges,input_services,1,Transliterated Hindi,1,True
10 kg atta purchase,input_services,1,Transliterated Hindi,1,True
Legal agreement drafting,input_services,1,Transliterated Hindi,1,True
FedEx courier bill,input_services,1,Transliterated Hindi,1,True
Instagram ads campaign,input_services,1,Transliterated Hindi,1,True
Adobe Creative Cloud subscription,input_services,1,Transliterated Hindi,1,True
Tax consultancy fees,input_services,1,Transliterated Hindi,1,True
CA Sunil monthly charges,input_services,1,Transliterated Hindi,1,True
Fire extinguisher servicing,input_services,1,Transliterated Hindi,1,True
Security camera installation,input_services,1,Transliterated Hindi,1,True
Invoice from SAIL,input_services,1,Transliterated Hindi,1,True
Lenovo desktop for office,input_services,1,Transliterated Hindi,1,True
20 kg sugar purchase,input_services,1,Transliterated Hindi,1,True
Legal contract review,input_services,1,Transliterated Hindi,1,True
Professional courier charges,input_services,1,Transliterated Hindi,1,True
YouTube ads payment,input_services,1,Transliterated Hindi,1,True
Zoom subscription renewal,input_services,1,Transliterated Hindi,1,True
Marketing consultancy fees,input_services,1,Transliterated Hindi,1,True
CA Ramesh annual audit,input_services,1,Transliterated Hindi,1,True
Generator maintenance,input_services,1,Transliterated Hindi,1,True
Security alarm system,input_services,1,Transliterated Hindi,1,True
Invoice from Essar Steel,input_services,1,Transliterated Hindi,1,True
Canon printer repair,input_services,1,Transliterated Hindi,1,True
15 kg rice purchase,input_services,1,Transliterated Hindi,1,True
Legal documentation charges,input_services,1,Transliterated Hindi,1,True
DHL courier bill,input_services,1,Transliterated Hindi,1,True
CA fees for ITR filing,input_services,1,Transliterated Hindi,1,True
Legal consultation Adv Sharma,input_services,1,Transliterated Hindi,1,True
Courier charges Delhi-Mumbai,input_services,1,Transliterated Hindi,1,True
Facebook ads Rs 2000,input_services,1,Transliterated Hindi,1,True
Zoho subscription 1 year,input_services,1,Transliterated Hindi,1,True
Business consultant fee,input_services,1,Transliterated Hindi,1,True
Chartered accountant service,input_services,1,Transliterated Hindi,1,True
AC repair contract,input_services,1,Transliterated Hindi,1,True
Security guard salary,input_services,1,Transliterated Hindi,1,True
Tally software renewal,input_services,1,Transliterated Hindi,1,True
Lawyer fee property doc,input_services,1,Transliterated Hindi,1,True
BlueDart courier 5kg,input_services,1,Transliterated Hindi,1,True
Google ads campaign,input_services,1,Transliterated Hindi,1,True
Microsoft 365 subs,input_services,1,Transliterated Hindi,1,True
Management consultant,input_services,1,Transliterated Hindi,1,True
Audit fees FY 2023,input_services,1,Transliterated Hindi,1,True
Night watchman wages,input_services,1,Transliterated Hindi,1,True
Quickbooks subscription,input_services,1,Transliterated Hindi,1,True
Notary charges doc,input_services,1,Transliterated Hindi,1,True
DTDC courier 3pkts,input_services,1,Transliterated Hindi,1,True
Instagram promotion,input_services,1,Transliterated Hindi,1,True
Adobe CC license,input_services,1,Transliterated Hindi,1,True
Tax advisor fees,input_services,1,Transliterated Hindi,1,True
Building maintenance,input_services,1,Transliterated Hindi,1,True
Security camera install,input_services,1,Transliterated Hindi,1,True
GST filing charges,input_services,1,Transliterated Hindi,1,True
Court case lawyer,input_services,1,Transliterated Hindi,1,True
FedEx intl shipment,input_services,1,Transliterated Hindi,1,True
LinkedIn ads Rs1500,input_services,1,Transliterated Hindi,1,True
Antivirus renewal,input_services,1,Transliterated Hindi,1,True
Business coach fees,input_services,1,Transliterated Hindi,1,True
CA for GST work,input_services,1,Transliterated Hindi,1,True
Elevator servicing,input_services,1,Transliterated Hindi,1,True
Guard uniform Rs800,input_services,1,Transliterated Hindi,1,True
Dell laptop repair,input_services,1,Transliterated Hindi,1,True
Legal notice drafting,input_services,1,Transliterated Hindi,1,True
Local courier 10pkts,input_services,1,Transliterated Hindi,1,True
YouTube ads Rs3k,input_services,1,Transliterated Hindi,1,True
Zoom pro plan,input_services,1,Transliterated Hindi,1,True
HR consultant month,input_services,1,Transliterated Hindi,1,True
Account finalization,input_services,1,Transliterated Hindi,1,True
Fire extinguisher refill,input_services,1,Transliterated Hindi,1,True
CCTV maintenance,input_services,1,Transliterated Hindi,1,True
Trademark lawyer,input_services,1,Transliterated Hindi,1,True
Amazon shipment 2kg,input_services,1,Transliterated Hindi,1,True
Newspaper ad Rs1200,input_services,1,Transliterated Hindi,1,True
Canon printer service,input_services,1,Transliterated Hindi,1,True
Payroll consultant,input_services,1,Transliterated Hindi,1,True
Bank audit charges,input_services,1,Transliterated Hindi,1,True
CA fees for audit Rs 5000,input_services,1,Transliterated Hindi,1,True
Courier charges Delhi to Mumbai Rs 250,input_services,1,Transliterated Hindi,1,True
Facebook ads campaign Rs 12000,input_services,1,Transliterated Hindi,1,True
Zoom subscription monthly Rs 1500,input_services,1,Transliterated Hindi,1,True
Legal consultation Adv Sharma Rs 3000,input_services,1,Transliterated Hindi,1,True
Office cleaning service Jan-Mar Rs 4500,input_services,1,Transliterated Hindi,1,True
Tally software license renewal Rs 8000,input_services,1,Transliterated Hindi,1,True
Security guard salary March Rs 6000,input_services,1,Transliterated Hindi,1,True
Consultancy fees for GST filing Rs 2000,input_services,1,Transliterated Hindi,1,True
Printing press bill for flyers Rs 3500,input_services,1,Transliterated Hindi,1,True
CA for annual returns Rs 7000,input_services,1,Transliterated Hindi,1,True
Courier Bangalore to Chennai Rs 180,input_services,1,Transliterated Hindi,1,True
Google ads campaign Rs 10000,input_services,1,Transliterated Hindi,1,True
Microsoft Office 365 subscription Rs 2500,input_services,1,Transliterated Hindi,1,True
Legal notice drafting Rs 1500,input_services,1,Transliterated Hindi,1,True
AMC for AC maintenance Rs 6000,input_services,1,Transliterated Hindi,1,True
QuickBooks subscription Rs 3000,input_services,1,Transliterated Hindi,1,True
Night security guard April Rs 5500,input_services,1,Transliterated Hindi,1,True
Professional fees for trademark Rs 4500,input_services,1,Transliterated Hindi,1,True
Brochure printing Rs 2800,input_services,1,Transliterated Hindi,1,True
CA for GST audit Rs 6500,input_services,1,Transliterated Hindi,1,True
Courier Pune to Ahmedabad Rs 220,input_services,1,Transliterated Hindi,1,True
Instagram ads Rs 8000,input_services,1,Transliterated Hindi,1,True
Adobe Creative Cloud Rs 4000,input_services,1,Transliterated Hindi,1,True
Legal agreement drafting Rs 2500,input_services,1,Transliterated Hindi,1,True
Generator servicing Rs 3500,input_services,1,Transliterated Hindi,1,True
Zoho subscription Rs 2000,input_services,1,Transliterated Hindi,1,True
Day security guard May Rs 5000,input_services,1,Transliterated Hindi,1,True
Consultancy for loan application Rs 3000,input_services,1,Transliterated Hindi,1,True
Poster printing Rs 1500,input_services,1,Transliterated Hindi,1,True
CA for TDS filing Rs 5500,input_services,1,Transliterated Hindi,1,True
Courier Hyderabad to Jaipur Rs 200,input_services,1,Transliterated Hindi,1,True
LinkedIn ads Rs 5000,input_services,1,Transliterated Hindi,1,True
Slack subscription Rs 1200,input_services,1,Transliterated Hindi,1,True
Legal opinion on contract Rs 1800,input_services,1,Transliterated Hindi,1,True
AMC for elevator Rs 7000,input_services,1,Transliterated Hindi,1,True
FreshBooks invoice Rs 2500,input_services,1,Transliterated Hindi,1,True
Security guard June Rs 6000,input_services,1,Transliterated Hindi,1,True
Professional fees for patent Rs 5000,input_services,1,Transliterated Hindi,1,True
Business card printing Rs 1000,input_services,1,Transliterated Hindi,1,True
CA for ROC filing Rs 6000,input_services,1,Transliterated Hindi,1,True
Courier Kolkata to Surat Rs 210,input_services,1,Transliterated Hindi,1,True
Twitter ads Rs 3000,input_services,1,Transliterated Hindi,1,True
Dropbox storage Rs 1500,input_services,1,Transliterated Hindi,1,True
Legal drafting for partnership Rs 2200,input_services,1,Transliterated Hindi,1,True
Fire extinguisher servicing Rs 800,input_services,1,Transliterated Hindi,1,True
HubSpot subscription Rs 3500,input_services,1,Transliterated Hindi,1,True
Guard salary July Rs 5500,input_services,1,Transliterated Hindi,1,True
Consultancy for export Rs 4000,input_services,1,Transliterated Hindi,1,True
Leaflet printing Rs 2000,input_services,1,Transliterated Hindi,1,True
CA naukri.com subscription 3 months,input_services,1,Transliterated Hindi,1,True
Legal consultation Adv. Sharma,input_services,1,Transliterated Hindi,1,True
Courier charges Bluedart Delhi-Mumbai,input_services,1,Transliterated Hindi,1,True
Quickbooks accounting software annual fee,input_services,1,Transliterated Hindi,1,True
Office maintenance contract for Jan-Mar,input_services,1,Transliterated Hindi,1,True
Security guard services KK Security,input_services,1,Transliterated Hindi,1,True
Facebook ad campaign rs 2500,input_services,1,Transliterated Hindi,1,True
Chartered accountant fees FY 2023-24,input_services,1,Transliterated Hindi,1,True
GST filing charges CA Mehta,input_services,1,Transliterated Hindi,1,True
Courier Rs 120 Mumbai-Pune,input_services,1,Transliterated Hindi,1,True
Adobe Creative Cloud subscription 1 year,input_services,1,Transliterated Hindi,1,True
Professional fees Adv. Gupta,input_services,1,Transliterated Hindi,1,True
Office printer servicing HP,input_services,1,Transliterated Hindi,1,True
Shop CCTV installation SecureVision,input_services,1,Transliterated Hindi,1,True
Google Ads campaign rs 3000,input_services,1,Transliterated Hindi,1,True
Tax consultancy ABC Consultants,input_services,1,Transliterated Hindi,1,True
Courier charges 5kg FedEx,input_services,1,Transliterated Hindi,1,True
Annual audit fees CA Patel,input_services,1,Transliterated Hindi,1,True
Office cleaning services CleanPro,input_services,1,Transliterated Hindi,1,True
Legal notice drafting Adv. Singh,input_services,1,Transliterated Hindi,1,True
Courier charges DHL Bangalore-Chennai,input_services,1,Transliterated Hindi,1,True
Microsoft Office subscription Rs 1500,input_services,1,Transliterated Hindi,1,True
Office AC servicing Voltas,input_services,1,Transliterated Hindi,1,True
Shop security alarm installation SafeZone,input_services,1,Transliterated Hindi,1,True
LinkedIn ad campaign rs 1800,input_services,1,Transliterated Hindi,1,True
Income tax filing charges CA Desai,input_services,1,Transliterated Hindi,1,True
Courier Rs 240 Delhi-Kolkata,input_services,1,Transliterated Hindi,1,True
Annual Zoom subscription,input_services,1,Transliterated Hindi,1,True
Office furniture repair fees,input_services,1,Transliterated Hindi,1,True
Shop fire extinguisher servicing FireSafe,input_services,1,Transliterated Hindi,1,True
Instagram ad campaign rs 2200,input_services,1,Transliterated Hindi,1,True
Company registration fees LegalZoom,input_services,1,Transliterated Hindi,1,True
Courier charges 3kg DTDC,input_services,1,Transliterated Hindi,1,True
Annual Quick Heal Antivirus,input_services,1,Transliterated Hindi,1,True
Office plumbing repairs,input_services,1,Transliterated Hindi,1,True
Shop CCTV maintenance SecureVision,input_services,1,Transliterated Hindi,1,True
Twitter ad campaign rs 1500,input_services,1,Transliterated Hindi,1,True
Trademark filing charges Adv. Mehta,input_services,1,Transliterated Hindi,1,True
Courier Rs 180 Mumbai-Ahmedabad,input_services,1,Transliterated Hindi,1,True
Annual Dropbox subscription,input_services,1,Transliterated Hindi,1,True
Office electrical repairs,input_services,1,Transliterated Hindi,1,True
Shop security guard uniform KK Security,input_services,1,Transliterated Hindi,1,True
YouTube ad campaign rs 2000,input_services,1,Transliterated Hindi,1,True
GST compliance charges CA Shah,input_services,1,Transliterated Hindi,1,True
Courier charges 2kg UPS,input_services,1,Transliterated Hindi,1,True
Annual Canva Pro subscription,input_services,1,Transliterated Hindi,1,True
Office pest control services PestFree,input_services,1,Transliterated Hindi,1,True
Shop fire safety audit FireSafe,input_services,1,Transliterated Hindi,1,True
CA fees for FY 2023-24,input_services,1,Transliterated Hindi,1,True
Legal consultation ABC Law Firm,input_services,1,Transliterated Hindi,1,True
Courier charges for Mumbai delivery,input_services,1,Transliterated Hindi,1,True
Facebook ads Rs 5000,input_services,1,Transliterated Hindi,1,True
Zoho CRM subscription monthly,input_services,1,Transliterated Hindi,1,True
Consultancy fees for tax planning,input_services,1,Transliterated Hindi,1,True
Professional fees for audit,input_services,1,Transliterated Hindi,1,True
AC maintenance contract with Voltas,input_services,1,Transliterated Hindi,1,True
Security guard services for Feb,input_services,1,Transliterated Hindi,1,True
Tally software renewal Rs 12000,input_services,1,Transliterated Hindi,1,True
Courier parcel to Delhi Rs 250,input_services,1,Transliterated Hindi,1,True
Google Ads campaign Rs 8000,input_services,1,Transliterated Hindi,1,True
Lawyer fees for contract drafting,input_services,1,Transliterated Hindi,1,True
Accounting services for March,input_services,1,Transliterated Hindi,1,True
Microsoft Office 365 subscription,input_services,1,Transliterated Hindi,1,True
Elevator AMC with Johnson Controls,input_services,1,Transliterated Hindi,1,True
Security camera installation Rs 15000,input_services,1,Transliterated Hindi,1,True
Courier charges for Bangalore,input_services,1,Transliterated Hindi,1,True
CA GST filing fees,input_services,1,Transliterated Hindi,1,True
Social media ads Rs 3000,input_services,1,Transliterated Hindi,1,True
Consultancy for loan application,input_services,1,Transliterated Hindi,1,True
Professional fees for trademark filing,input_services,1,Transliterated Hindi,1,True
Fire extinguisher maintenance Rs 2000,input_services,1,Transliterated Hindi,1,True
Courier for Chennai Rs 180,input_services,1,Transliterated Hindi,1,True
Window cleaning services Rs 1500,input_services,1,Transliterated Hindi,1,True
Legal advice for partnership deed,input_services,1,Transliterated Hindi,1,True
Accounting software license renewal,input_services,1,Transliterated Hindi,1,True
Courier charges for Kolkata Rs 300,input_services,1,Transliterated Hindi,1,True
Facebook marketing Rs 7000,input_services,1,Transliterated Hindi,1,True
Consultant fees for HR policies,input_services,1,Transliterated Hindi,1,True
Professional fees for company registration,input_services,1,Transliterated Hindi,1,True
Gate security services Rs 5000,input_services,1,Transliterated Hindi,1,True
Courier for Hyderabad Rs 220,input_services,1,Transliterated Hindi,1,True
Tata Steel invoice Rs 45000,input_services,1,Transliterated Hindi,1,True
Dell laptop for office Rs 55000,input_services,1,Transliterated Hindi,1,True
Zomato ads Rs 2000,input_services,1,Transliterated Hindi,1,True
Legal document verification fees,input_services,1,Transliterated Hindi,1,True
Accounting services for GST filing,input_services,1,Transliterated Hindi,1,True
Courier charges for Pune Rs 270,input_services,1,Transliterated Hindi,1,True
Google Workspace subscription Rs 1500,input_services,1,Transliterated Hindi,1,True
Consultancy for export documentation,input_services,1,Transliterated Hindi,1,True
Professional fees for legal compliance,input_services,1,Transliterated Hindi,1,True
UPS maintenance contract Rs 3000,input_services,1,Transliterated Hindi,1,True
Courier for Ahmedabad Rs 200,input_services,1,Transliterated Hindi,1,True
Swiggy ads Rs 2500,input_services,1,Transliterated Hindi,1,True
Legal fees for property registration,input_services,1,Transliterated Hindi,1,True
Accounting software upgrade Rs 8000,input_services,1,Transliterated Hindi,1,True
એકાઉન્ટિંગ ફીસ રૂ. 2500,input_services,1,Gujarati,2,True
લીગલ સર્વિસ ઇન્વોઇસ ગુજરાત લૉ કંપની,input_services,1,Gujarati,2,True
કૂરિયર ચાર્જ Rs 300,input_services,1,Gujarati,2,True
અડવર્ટાઇઝિંગ ફીસ રૂ. 5000,input_services,1,Gujarati,2,True
સોફ્ટવેર સબ્સ્ક્રિપ્શન Zoho રૂ. 1200,input_services,1,Gujarati,2,True
કન્સલ્ટન્સી ફીસ રૂ. 8000,input_services,1,Gujarati,2,True
પ્રોફેશનલ ફીસ રૂ. 1500,input_services,1,Gujarati,2,True
મેઇન્ટેનન્સ કોન્ટ્રાક્ટ રૂ. 3500,input_services,1,Gujarati,2,True
સિક્યુરિટી સર્વિસ રૂ. 2000,input_services,1,Gujarati,2,True
ટાટા સ્ટીલ ઇન્વોઇસ રૂ. 4500,input_services,1,Gujarati,2,True
ડેલ લેપટોપ ફોર ઓફિસ રૂ. 45000,input_services,1,Gujarati,2,True
એકાઉન્ટિંગ ફીસ રૂ. 3000,input_services,1,Gujarati,2,True
લીગલ સર્વિસ ઇન્વોઇસ રૂ. 5000,input_services,1,Gujarati,2,True
કૂરિયર ચાર્જ Rs 250,input_services,1,Gujarati,2,True
અડવર્ટાઇઝિંગ ફીસ રૂ. 4000,input_services,1,Gujarati,2,True
સોફ્ટવેર સબ્સ્ક્રિપ્શન Microsoft રૂ. 1500,input_services,1,Gujarati,2,True
કન્સલ્ટન્સી ફીસ રૂ. 7000,input_services,1,Gujarati,2,True
પ્રોફેશનલ ફીસ રૂ. 2000,input_services,1,Gujarati,2,True
મેઇન્ટેનન્સ કોન્ટ્રાક્ટ રૂ. 4000,input_services,1,Gujarati,2,True
સિક્યુરિટી સર્વિસ રૂ. 2500,input_services,1,Gujarati,2,True
ટાટા પાવર ઇન્વોઇસ રૂ. 5000,input_services,1,Gujarati,2,True
ડેલ ડેસ્કટોપ ફોર ઓફિસ રૂ. 35000,input_services,1,Gujarati,2,True
એકાઉન્ટિંગ ફીસ રૂ. 3500,input_services,1,Gujarati,2,True
લીગલ સર્વિસ ઇન્વોઇસ રૂ. 6000,input_services,1,Gujarati,2,True
કૂરિયર ચાર્જ Rs 350,input_services,1,Gujarati,2,True
અડવર્ટાઇઝિંગ ફીસ રૂ. 6000,input_services,1,Gujarati,2,True
સોફ્ટવેર સબ્સ્ક્રિપ્શન Adobe રૂ. 2000,input_services,1,Gujarati,2,True
કન્સલ્ટન્સી ફીસ રૂ. 9000,input_services,1,Gujarati,2,True
પ્રોફેશનલ ફીસ રૂ. 2500,input_services,1,Gujarati,2,True
મેઇન્ટેનન્સ કોન્ટ્રાક્ટ રૂ. 4500,input_services,1,Gujarati,2,True
સિક્યુરિટી સર્વિસ રૂ. 3000,input_services,1,Gujarati,2,True
ટાટા મોટર્સ ઇન્વોઇસ રૂ. 5500,input_services,1,Gujarati,2,True
ડેલ મોનિટર ફોર ઓફિસ રૂ. 15000,input_services,1,Gujarati,2,True
એકાઉન્ટિંગ ફીસ રૂ. 4000,input_services,1,Gujarati,2,True
લીગલ સર્વિસ ઇન્વોઇસ રૂ. 7000,input_services,1,Gujarati,2,True
કૂરિયર ચાર્જ Rs 400,input_services,1,Gujarati,2,True
અડવર્ટાઇઝિંગ ફીસ રૂ. 7000,input_services,1,Gujarati,2,True
સોફ્ટવેર સબ્સ્ક્રિપ્શન QuickBooks રૂ. 2500,input_services,1,Gujarati,2,True
કન્સલ્ટન્સી ફીસ રૂ. 10000,input_services,1,Gujarati,2,True
પ્રોફેશનલ ફીસ રૂ. 3000,input_services,1,Gujarati,2,True
મેઇન્ટેનન્સ કોન્ટ્રાક્ટ રૂ. 5000,input_services,1,Gujarati,2,True
સિક્યુરિટી સર્વિસ રૂ. 3500,input_services,1,Gujarati,2,True
ટાટા કેમિકલ્સ ઇન્વોઇસ રૂ. 6000,input_services,1,Gujarati,2,True
ડેલ પ્રિન્ટર ફોર ઓફિસ રૂ. 20000,input_services,1,Gujarati,2,True
એકાઉન્ટિંગ ફીસ રૂ. 4500,input_services,1,Gujarati,2,True
લીગલ સર્વિસ ઇન્વોઇસ રૂ. 8000,input_services,1,Gujarati,2,True
કૂરિયર ચાર્જ Rs 450,input_services,1,Gujarati,2,True
અડવર્ટાઇઝિંગ ફીસ રૂ. 8000,input_services,1,Gujarati,2,True
સોફ્ટવેર સબ્સ્ક્રિપ્શન Salesforce રૂ. 3000,input_services,1,Gujarati,2,True
એકાઉન્ટિંગ ફીસ Rs 2000,input_services,1,Gujarati,2,True
કાનૂની સેવાઓ માટે શ્રી ગુજરાત લો ફર્મ,input_services,1,Gujarati,2,True
કોરિયર ચાર્જ Rs 150,input_services,1,Gujarati,2,True
એડવર્ટાઇઝિંગ માટે શ્રી મહેન્દ્ર એજન્સી,input_services,1,Gujarati,2,True
સોફ્ટવેર સબ્સ્ક્રિપ્શન ડેલ ઇન્વૉઇસ,input_services,1,Gujarati,2,True
કન્સલ્ટન્સી ફીસ Rs 5000,input_services,1,Gujarati,2,True
પ્રોફેશનલ ફીસ માટે શ્રી પટેલ એન્ડ કો,input_services,1,Gujarati,2,True
મેઇન્ટેનન્સ કન્ટ્રાક્ટ Rs 1200,input_services,1,Gujarati,2,True
સિક્યોરિટી સેવાઓ માટે શ્રી ગુર્જર સિક્યોરિટી,input_services,1,Gujarati,2,True
એકાઉન્ટિંગ સેવાઓ Rs 3000,input_services,1,Gujarati,2,True
લિગલ કન્સલ્ટન્સી માટે શ્રી દેસાઇ લો ફર્મ,input_services,1,Gujarati,2,True
કોરિયર ચાર્જ Rs 250,input_services,1,Gujarati,2,True
એડવર્ટાઇઝિંગ માટે શ્રી પટેલ એજન્સી,input_services,1,Gujarati,2,True
સોફ્ટવેર સબ્સ્ક્રિપ્શન Rs 1500,input_services,1,Gujarati,2,True
કન્સલ્ટન્સી ફીસ માટે શ્રી મહેન્દ્ર કન્સલ્ટન્સી,input_services,1,Gujarati,2,True
પ્રોફેશનલ ફીસ Rs 4000,input_services,1,Gujarati,2,True
મેઇન્ટેનન્સ કન્ટ્રાક્ટ માટે શ્રી શાહ એન્ડ કો,input_services,1,Gujarati,2,True
સિક્યોરિટી સેવાઓ Rs 1800,input_services,1,Gujarati,2,True
એકાઉન્ટિંગ ફીસ માટે શ્રી ગુજરાત એકાઉન્ટન્ટ,input_services,1,Gujarati,2,True
કાનૂની સેવાઓ Rs 3500,input_services,1,Gujarati,2,True
કોરિયર ચાર્જ માટે શ્રી દેલિવરી સેવાઓ,input_services,1,Gujarati,2,True
એડવર્ટાઇઝિંગ Rs 2200,input_services,1,Gujarati,2,True
સોફ્ટવેર સબ્સ્ક્રિપ્શન માટે શ્રી ટેક સોલ્યુશન,input_services,1,Gujarati,2,True
કન્સલ્ટન્સી ફીસ Rs 6000,input_services,1,Gujarati,2,True
પ્રોફેશનલ ફીસ માટે શ્રી શેઠ એન્ડ કો,input_services,1,Gujarati,2,True
મેઇન્ટેનન્સ કન્ટ્રાક્ટ Rs 1500,input_services,1,Gujarati,2,True
સિક્યોરિટી સેવાઓ માટે શ્રી ગુજરાત સિક્યોરિટી,input_services,1,Gujarati,2,True
એકાઉન્ટિંગ ફીસ Rs 2500,input_services,1,Gujarati,2,True
કાનૂની સેવાઓ માટે શ્રી પટેલ લો ફર્મ,input_services,1,Gujarati,2,True
કોરિયર ચાર્જ Rs 300,input_services,1,Gujarati,2,True
એડવર્ટાઇઝિંગ માટે શ્રી ગુજરાત એજન્સી,input_services,1,Gujarati,2,True
સોફ્ટવેર સબ્સ્ક્રિપ્શન Rs 2000,input_services,1,Gujarati,2,True
કન્સલ્ટન્સી ફીસ માટે શ્રી દેસાઇ કન્સલ્ટન્સી,input_services,1,Gujarati,2,True
પ્રોફેશનલ ફીસ Rs 4500,input_services,1,Gujarati,2,True
મેઇન્ટેનન્સ કન્ટ્રાક્ટ માટે શ્રી શાહ મેઇન્ટેનન્સ,input_services,1,Gujarati,2,True
સિક્યોરિટી સેવાઓ Rs 2000,input_services,1,Gujarati,2,True
એકાઉન્ટિંગ ફીસ માટે શ્રી પટેલ એકાઉન્ટન્ટ,input_services,1,Gujarati,2,True
કાનૂની સેવાઓ Rs 4000,input_services,1,Gujarati,2,True
કોરિયર ચાર્જ માટે શ્રી ફાસ્ટ ડેલિવરી,input_services,1,Gujarati,2,True
એડવર્ટાઇઝિંગ Rs 2500,input_services,1,Gujarati,2,True
સોફ્ટવેર સબ્સ્ક્રિપ્શન માટે શ્રી ઇન્ફો સોલ્યુશન,input_services,1,Gujarati,2,True
કન્સલ્ટન્સી ફીસ Rs 7000,input_services,1,Gujarati,2,True
પ્રોફેશનલ ફીસ માટે શ્રી શેઠ પ્રોફેશનલ સેવાઓ,input_services,1,Gujarati,2,True
મેઇન્ટેનન્સ કન્ટ્રાક્ટ Rs 1800,input_services,1,Gujarati,2,True
સિક્યોરિટી સેવાઓ માટે શ્રી ગુજરાત સિક્યોરિટી સોલ્યુશન,input_services,1,Gujarati,2,True
એકાઉન્ટિંગ ફીસ Rs 3000,input_services,1,Gujarati,2,True
કોરિયર ચાર્જ Rs 350,input_services,1,Gujarati,2,True
એકાઉન્ટિંગ ફીસ મિત્તલ સીએ માટે,input_services,1,Gujarati,2,True
કોરિયર ચાર્જ (બ્લુડાર્ટ) - 2 પાર્સલ,input_services,1,Gujarati,2,True
જાહેરાત ફીસ ટાઇમ્સ ઓફ ઇન્ડિયામાં,input_services,1,Gujarati,2,True
ઝીઓ સબ્સ્ક્રિપ્શન 3 મહિના માટે,input_services,1,Gujarati,2,True
કન્સલ્ટન્સી ફીસ એબીસી ટેકનોલોજી,input_services,1,Gujarati,2,True
વકીલ ફીસ અદાલત કેસ માટે,input_services,1,Gujarati,2,True
સોફ્ટવેર મેન્ટેનન્સ કોન્ટ્રાક્ટ (ટેલી),input_services,1,Gujarati,2,True
સિક્યોરિટી સર્વિસ ચાર્જ - શિયાળુ સિક્યોરિટી,input_services,1,Gujarati,2,True
ઓફિસ ક્લીનિંગ સર્વિસ 1 મહિનો,input_services,1,Gujarati,2,True
એમએસ ઓફિસ 365 સબ્સ્ક્રિપ્શન,input_services,1,Gujarati,2,True
ટાટા સ્ટીલ ઇન્વોઇસ - સ્ટીલ રોડ 5m @ 200/m,input_services,1,Gujarati,2,True
ડેલ લેપટોપ ઓફિસ માટે,input_services,1,Gujarati,2,True
ફોન પેપર 2 રીમ,input_services,1,Gujarati,2,True
એડોબી ક્રિએટિવ ક્લાઉડ સબ્સ્ક્રિપ્શન,input_services,1,Gujarati,2,True
કોરિયર ચાર્જ (ડીએચએલ) - 1 પાર્સલ,input_services,1,Gujarati,2,True
સ્ટેશનરી rs 750,input_services,1,Gujarati,2,True
એકાઉન્ટિંગ સર્વિસ મહેતા અને કંપની,input_services,1,Gujarati,2,True
જાહેરાત ફીસ ફેસબુક પર,input_services,1,Gujarati,2,True
એસએપી સોફ્ટવેર લાયસન્સ,input_services,1,Gujarati,2,True
વકીલ ફીસ લીગલ નોટિસ માટે,input_services,1,Gujarati,2,True
એસી સર્વિસિંગ ચાર્જ,input_services,1,Gujarati,2,True
ગાર્ડ સર્વિસ ચાર્જ (શિયાળુ),input_services,1,Gujarati,2,True
ઓફિસ રેન્ટ 1 મહિનો,input_services,1,Gujarati,2,True
ટાટા કોમ્યુનિકેશન બિલ,input_services,1,Gujarati,2,True
પ્રિન્ટર કાર્ટ્રિજ 2 પીસ,input_services,1,Gujarati,2,True
ગૂગલ વર્કસ્પેસ સબ્સ્ક્રિપ્શન,input_services,1,Gujarati,2,True
કોરિયર ચાર્જ (ફેડએક્સ) - 3 પાર્સલ,input_services,1,Gujarati,2,True
સ્ટેશનરી rs 1200,input_services,1,Gujarati,2,True
એકાઉન્ટિંગ ફીસ પટેલ સીએ,input_services,1,Gujarati,2,True
જાહેરાત ફીસ ગૂગલ એડવર્ડ્સ,input_services,1,Gujarati,2,True
ઝીઓ બિઝનેસ સબ્સ્ક્રિપ્શન,input_services,1,Gujarati,2,True
કન્સલ્ટન્સી ફીસ એક્સવાયઝed કંપની,input_services,1,Gujarati,2,True
વકીલ ફીસ કોન્ટ્રાક્ટ ડ્રાફ્ટિંગ,input_services,1,Gujarati,2,True
સોફ્ટવેર અપડેટ ફીસ (ટેલી),input_services,1,Gujarati,2,True
સિક્યોરિટી ગાર્ડ સર્વિસ 2 મહિના,input_services,1,Gujarati,2,True
ઓફિસ ક્લીનર ચાર્જ,input_services,1,Gujarati,2,True
માઇક્રોસોફ્ટ એઝ્યોર સબ્સ્ક્રિપ્શન,input_services,1,Gujarati,2,True
ટાટા સ્ટીલ ઇન્વોઇસ - એન્ગલ 3m @ 150/m,input_services,1,Gujarati,2,True
લેનોવો ડેસ્કટોપ ઓફિસ માટે,input_services,1,Gujarati,2,True
પ્રિન્ટિંગ પેપર 5 રીમ,input_services,1,Gujarati,2,True
કેનવા પ્રો સબ્સ્ક્રિપ્શન,input_services,1,Gujarati,2,True
કોરિયર ચાર્જ (ઇકોનોમી) - 1 પાર્સલ,input_services,1,Gujarati,2,True
સ્ટેશનરી rs 900,input_services,1,Gujarati,2,True
એકાઉન્ટિંગ સર્વિસ શાહ અને અસોસિયેટ્સ,input_services,1,Gujarati,2,True
જાહેરાત ફીસ ઇન્સ્ટાગ્રામ પર,input_services,1,Gujarati,2,True
ઓરેકલ સોફ્ટવેર લાયસન્સ,input_services,1,Gujarati,2,True
વકીલ ફીસ પ્રોપર્ટી રજિસ્ટ્રેશન,input_services,1,Gujarati,2,True
પીએસી રિપેરિંગ ચાર્જ,input_services,1,Gujarati,2,True
નાઇટ ગાર્ડ સર્વિસ ચાર્જ,input_services,1,Gujarati,2,True
એકાઉન્ટિંગ ફી ટી.જે. કન્સલ્ટન્સી,input_services,1,Gujarati,2,True
કouરિયર ચાર્જ એએમએસ,input_services,1,Gujarati,2,True
વકીલ ફી રાજેશ શાહ,input_services,1,Gujarati,2,True
એડવર્ટાઈઝિંગ બિલ ટીવી9,input_services,1,Gujarati,2,True
ઓફિસ સોફ્ટવેર સબ્સ્ક્રિપ્શન માઇક્રોસોફ્ટ 365,input_services,1,Gujarati,2,True
કન્સલ્ટન્સી ફી શ્રી ચંદ્ર,input_services,1,Gujarati,2,True
પ્રોફેશનલ ફી સી.એ. મેહુલ,input_services,1,Gujarati,2,True
મેન્ટેનન્સ કન્ટ્રાક્ટ એસિલ,input_services,1,Gujarati,2,True
સિક્યોરિટી સર્વિસિસ શિયાળા સિક્યોરિટી,input_services,1,Gujarati,2,True
એકાઉન્ટિંગ ફી રૂ. 2000,input_services,1,Gujarati,2,True
કouરિયર બિલ એએમએસ,input_services,1,Gujarati,2,True
વકીલ ફી રૂ. 5000,input_services,1,Gujarati,2,True
એડવર્ટાઈઝિંગ ચાર્જ ટીવી9,input_services,1,Gujarati,2,True
ઓફિસ સોફ્ટવેર સબ્સ્ક્રિપ્શન ગૂગલ વર્કસ્પેસ,input_services,1,Gujarati,2,True
કન્સલ્ટન્સી ફી રૂ. 10000,input_services,1,Gujarati,2,True
પ્રોફેશનલ ફી એસ.એસ. પટેલ,input_services,1,Gujarati,2,True
મેન્ટેનન્સ કન્ટ્રાક્ટ એસિલ રૂ. 12000,input_services,1,Gujarati,2,True
સિક્યોરિટી સર્વિસિસ રૂ. 8000,input_services,1,Gujarati,2,True
એકાઉન્ટિંગ ફી એઆર કન્સલ્ટન્સી,input_services,1,Gujarati,2,True
કouરિયર બિલ રૂ. 300,input_services,1,Gujarati,2,True
વકીલ ફી એસ.કે. ગાંધી,input_services,1,Gujarati,2,True
એડવર્ટાઈઝિંગ બિલ ટીવી9 રૂ. 15000,input_services,1,Gujarati,2,True
ઓફિસ સોફ્ટવેર સબ્સ્ક્રિપ્શન માઇક્રોસોફ્ટ 365 રૂ. 5000,input_services,1,Gujarati,2,True
કન્સલ્ટન્સી ફી એસ.એસ. પટેલ,input_services,1,Gujarati,2,True
પ્રોફેશનલ ફી રૂ. 7000,input_services,1,Gujarati,2,True
મેન્ટેનન્સ કન્ટ્રાક્ટ એસિલ રૂ. 10000,input_services,1,Gujarati,2,True
સિક્યોરિટી સર્વિસિસ રૂ. 6000,input_services,1,Gujarati,2,True
એકાઉન્ટિંગ ફી એસ.એસ. પટેલ,input_services,1,Gujarati,2,True
કouરિયર બિલ એએમએસ રૂ. 250,input_services,1,Gujarati,2,True
વકીલ ફી રૂ. 4000,input_services,1,Gujarati,2,True
એડવર્ટાઈઝિંગ ચાર્જ ટીવી9 રૂ. 12000,input_services,1,Gujarati,2,True
ઓફિસ સોફ્ટવેર સબ્સ્ક્રિપ્શન ગૂગલ વર્કસ્પેસ રૂ. 3000,input_services,1,Gujarati,2,True
કન્સલ્ટન્સી ફી રૂ. 8000,input_services,1,Gujarati,2,True
પ્રોફેશનલ ફી એસ.એસ. પટેલ રૂ. 6000,input_services,1,Gujarati,2,True
મેન્ટેનન્સ કન્ટ્રાક્ટ એસિલ રૂ. 8000,input_services,1,Gujarati,2,True
સિક્યોરિટી સર્વિસિસ રૂ. 5000,input_services,1,Gujarati,2,True
એકાઉન્ટિંગ ફી એઆર કન્સલ્ટન્સી રૂ. 1500,input_services,1,Gujarati,2,True
કouરિયર બિલ એએમએસ રૂ. 200,input_services,1,Gujarati,2,True
વકીલ ફી એસ.કે. ગાંધી રૂ. 3000,input_services,1,Gujarati,2,True
એડવર્ટાઈઝિંગ બિલ ટીવી9 રૂ. 10000,input_services,1,Gujarati,2,True
ઓફિસ સોફ્ટવેર સબ્સ્ક્રિપ્શન માઇક્રોસોફ્ટ 365 રૂ. 4000,input_services,1,Gujarati,2,True
કન્સલ્ટન્સી ફી એસ.એસ. પટેલ રૂ. 7000,input_services,1,Gujarati,2,True
પ્રોફેશનલ ફી રૂ. 5000,input_services,1,Gujarati,2,True
મેન્ટેનન્સ કન્ટ્રાક્ટ એસિલ રૂ. 6000,input_services,1,Gujarati,2,True
સિક્યોરિટી સર્વિસિસ રૂ. 4000,input_services,1,Gujarati,2,True
એકાઉન્ટિંગ ફી એઆર કન્સલ્ટન્સી રૂ. 1000,input_services,1,Gujarati,2,True
કouરિયર બિલ એએમએસ રૂ. 150,input_services,1,Gujarati,2,True
વકીલ ફી એસ.કે. ગાંધી રૂ. 2000,input_services,1,Gujarati,2,True
એકાઉન્ટિંગ ફીસ માટે રામેશ પટેલ,input_services,1,Gujarati,2,True
કાનૂની સલાહ માટે 5000 રૂપિયા,input_services,1,Gujarati,2,True
ડી.એચ.એફ.એલ કુરિયર ચાર્જ,input_services,1,Gujarati,2,True
ફેસબુક જાહેરાત માટે 2000 રૂપિયા,input_services,1,Gujarati,2,True
ઝoho સબ્સ્ક્રિપ્શન 3 મહિના માટે,input_services,1,Gujarati,2,True
મેનેજમેન્ટ કન્સલ્ટન્સી ફીસ,input_services,1,Gujarati,2,True
સી.એ. જયેશ શાહની પ્રોફેશનલ ફીસ,input_services,1,Gujarati,2,True
એસી સર્વિસિંગ કોન્ટ્રાક્ટ,input_services,1,Gujarati,2,True
ટાટા સ્ટીલનું બિલ 15000 રૂપિયા,input_services,1,Gujarati,2,True
ઓફિસ માટે 3 ડેલ લેપટોપ,input_services,1,Gujarati,2,True
સ્ટેશનરી 500 રૂપિયા,input_services,1,Gujarati,2,True
સ્ટીલ રોડ 2m @ 1200/m,input_services,1,Gujarati,2,True
5 kg દાળ ખરીદી,input_services,1,Gujarati,2,True
A4 પેપર 2 રીમ,input_services,1,Gujarati,2,True
મહેન્દ્રા ટ્રક ડિઝલ 50 લિટર,input_services,1,Gujarati,2,True
ફોન્ટ 0ffice સ0ftware રીન્યુઅલ,input_services,1,Gujarati,2,True
ગ0ગલ એડ્સ ક્રેડિટ 5000,input_services,1,Gujarati,2,True
એમ.આર.એફ. ટાયર 4 પીસ,input_services,1,Gujarati,2,True
જી.એસ.ટી કન્સલ્ટન્સી ફીસ,input_services,1,Gujarati,2,True
બિલ્ડીંગ મેન્ટેનન્સ ક0ન્ટ્રાક્ટ,input_services,1,Gujarati,2,True
શ્રી રામ સિક્યોરિટી સર્વિસિસ,input_services,1,Gujarati,2,True
ટેલિક0મ બિલ પેમેન્ટ,input_services,1,Gujarati,2,True
ઇન્ટરનેટ બિલ 6 મહિના,input_services,1,Gujarati,2,True
એસ.બી.આઈ. લોન પ્રોસેસીંગ ફી,input_services,1,Gujarati,2,True
ઓફિસ ક્લીનીંગ સર્વિસ,input_services,1,Gujarati,2,True
ટ્રાન્સપ0ર્ટ ચાર્જ 2500 રૂપિયા,input_services,1,Gujarati,2,True
બ્ર0કરેજ ફીસ 1%,input_services,1,Gujarati,2,True
ફાયર એક્સ્ટીંગ્વિશર રિફિલ,input_services,1,Gujarati,2,True
એલ.આઈ.સી. પ0લિસી પ્રીમિયમ,input_services,1,Gujarati,2,True
બિઝનેસ ક0ન્સલ્ટન્સી 10000 રૂપિયા,input_services,1,Gujarati,2,True
ટેક્સ ફાઇલીંગ ફીસ,input_services,1,Gujarati,2,True
બેંક ચાર્જસ 750 રૂપિયા,input_services,1,Gujarati,2,True
ઓફિસ રેન્ટ એડવાન્સ,input_services,1,Gujarati,2,True
ઇલેક્ટ્રીસિટી બિલ પેમેન્ટ,input_services,1,Gujarati,2,True
વ0ટર પ્યુરીફાયર મેન્ટેનન્સ,input_services,1,Gujarati,2,True
ક0મ્પ્યુટર રિપેરીંગ ચાર્જ,input_services,1,Gujarati,2,True
ફોન બિલ પેમેન્ટ 3 મહિના,input_services,1,Gujarati,2,True
એસ.ટી.ડી. ચાર્જ 100 રૂપિયા,input_services,1,Gujarati,2,True
પ્રિન્ટર કાર્ટ્રિજ રિફિલ,input_services,1,Gujarati,2,True
એમ.એસ.ઓફિસ 365 સબ્સ્ક્રિપ્શન,input_services,1,Gujarati,2,True
ફ્રેન્ચાઇઝી ફીસ 25000 રૂપિયા,input_services,1,Gujarati,2,True
ઓફિસ ફર્નિચર રિપેરીંગ,input_services,1,Gujarati,2,True
ડિજિટલ માર્કેટીંગ સર્વિસિસ,input_services,1,Gujarati,2,True
એક્સેલ ક0ન્સલ્ટન્સી ફીસ,input_services,1,Gujarati,2,True
બિલ્ડીંગ ઇન્શ્યોરન્સ પ્રીમિયમ,input_services,1,Gujarati,2,True
એટીએમ કાર્ડ રીન્યુઅલ ફી,input_services,1,Gujarati,2,True
ઓફિસ સપ્લાયસ 1200 રૂપિયા,input_services,1,Gujarati,2,True
ટ્રેનીંગ પ્રોગ્રામ ફીસ,input_services,1,Gujarati,2,True
બિઝનેસ લાઇસન્સ રીન્યુઅલ,input_services,1,Gujarati,2,True
Accounting fees for March 2023,input_services,1,Code-mixed Hindi-English,3,True
Legal consultation from Adv. Sharma,input_services,1,Code-mixed Hindi-English,3,True
Courier charges for Delhi delivery,input_services,1,Code-mixed Hindi-English,3,True
Facebook ads for Diwali sale,input_services,1,Code-mixed Hindi-English,3,True
Zoho CRM subscription renewal,input_services,1,Code-mixed Hindi-English,3,True
Consultancy fees for GST filing,input_services,1,Code-mixed Hindi-English,3,True
Professional fees for CA services,input_services,1,Code-mixed Hindi-English,3,True
AC maintenance contract renewal,input_services,1,Code-mixed Hindi-English,3,True
Security guard services for June,input_services,1,Code-mixed Hindi-English,3,True
QuickBooks software license,input_services,1,Code-mixed Hindi-English,3,True
Lawyer fees for contract drafting,input_services,1,Code-mixed Hindi-English,3,True
Blue Dart courier bill,input_services,1,Code-mixed Hindi-English,3,True
Google Ads campaign setup,input_services,1,Code-mixed Hindi-English,3,True
Microsoft 365 subscription,input_services,1,Code-mixed Hindi-English,3,True
Tax consultant charges,input_services,1,Code-mixed Hindi-English,3,True
Audit fees for FY 2022-23,input_services,1,Code-mixed Hindi-English,3,True
AMC for office printer,input_services,1,Code-mixed Hindi-English,3,True
Security camera installation,input_services,1,Code-mixed Hindi-English,3,True
Tally ERP 9 license,input_services,1,Code-mixed Hindi-English,3,True
Legal notice drafting charges,input_services,1,Code-mixed Hindi-English,3,True
DTDC courier for Mumbai,input_services,1,Code-mixed Hindi-English,3,True
Instagram ad for new product,input_services,1,Code-mixed Hindi-English,3,True
Zoom Pro subscription,input_services,1,Code-mixed Hindi-English,3,True
Business strategy consultancy,input_services,1,Code-mixed Hindi-English,3,True
CA fees for audit,input_services,1,Code-mixed Hindi-English,3,True
Generator maintenance contract,input_services,1,Code-mixed Hindi-English,3,True
Night watchman services,input_services,1,Code-mixed Hindi-English,3,True
Freshworks CRM payment,input_services,1,Code-mixed Hindi-English,3,True
Advocate fees for case,input_services,1,Code-mixed Hindi-English,3,True
Speedpost charges for Chennai,input_services,1,Code-mixed Hindi-English,3,True
YouTube ad for festival sale,input_services,1,Code-mixed Hindi-English,3,True
Adobe Creative Cloud subscription,input_services,1,Code-mixed Hindi-English,3,True
GST consultant charges,input_services,1,Code-mixed Hindi-English,3,True
Annual audit fees,input_services,1,Code-mixed Hindi-English,3,True
AC servicing AMC,input_services,1,Code-mixed Hindi-English,3,True
CCTV maintenance contract,input_services,1,Code-mixed Hindi-English,3,True
Tally GST software,input_services,1,Code-mixed Hindi-English,3,True
Legal opinion from Adv. Gupta,input_services,1,Code-mixed Hindi-English,3,True
FedEx courier bill,input_services,1,Code-mixed Hindi-English,3,True
LinkedIn ad for recruitment,input_services,1,Code-mixed Hindi-English,3,True
Dropbox storage renewal,input_services,1,Code-mixed Hindi-English,3,True
Financial planning consultancy,input_services,1,Code-mixed Hindi-English,3,True
CA charges for filing,input_services,1,Code-mixed Hindi-English,3,True
Elevator maintenance AMC,input_services,1,Code-mixed Hindi-English,3,True
Security alarm services,input_services,1,Code-mixed Hindi-English,3,True
HubSpot CRM payment,input_services,1,Code-mixed Hindi-English,3,True
Court case lawyer fees,input_services,1,Code-mixed Hindi-English,3,True
Aramex courier charges,input_services,1,Code-mixed Hindi-English,3,True
Twitter ad for promotion,input_services,1,Code-mixed Hindi-English,3,True
Canva Pro subscription,input_services,1,Code-mixed Hindi-English,3,True
CA fees for ITR filing,input_services,1,Code-mixed Hindi-English,3,True
Courier charges for Delhi shipment,input_services,1,Code-mixed Hindi-English,3,True
Zoho Books subscription rs 1200,input_services,1,Code-mixed Hindi-English,3,True
Advocate ji ka consultation fee,input_services,1,Code-mixed Hindi-English,3,True
AC repair service at shop,input_services,1,Code-mixed Hindi-English,3,True
Security guard salary Oct,input_services,1,Code-mixed Hindi-English,3,True
Tally ERP9 renewal,input_services,1,Code-mixed Hindi-English,3,True
Amazon AWS bill for website,input_services,1,Code-mixed Hindi-English,3,True
Stationery purchase rs 850,input_services,1,Code-mixed Hindi-English,3,True
Google Ads payment 5000,input_services,1,Code-mixed Hindi-English,3,True
DHL courier Mumbai to Chennai,input_services,1,Code-mixed Hindi-English,3,True
Tax consultant professional fees,input_services,1,Code-mixed Hindi-English,3,True
Shop ki CCTV maintenance,input_services,1,Code-mixed Hindi-English,3,True
Notary stamp paper 100rs,input_services,1,Code-mixed Hindi-English,3,True
Canon printer service charge,input_services,1,Code-mixed Hindi-English,3,True
WhatsApp business API fees,input_services,1,Code-mixed Hindi-English,3,True
Local newspaper ad 1/4 page,input_services,1,Code-mixed Hindi-English,3,True
Shop license renewal charges,input_services,1,Code-mixed Hindi-English,3,True
CA for GST filing 2000,input_services,1,Code-mixed Hindi-English,3,True
Swiggy order for office lunch,input_services,1,Code-mixed Hindi-English,3,True
3M security film installation,input_services,1,Code-mixed Hindi-English,3,True
Electrician bill for repairs,input_services,1,Code-mixed Hindi-English,3,True
Shopify monthly plan 1799,input_services,1,Code-mixed Hindi-English,3,True
Labour contract payment,input_services,1,Code-mixed Hindi-English,3,True
Trademark registration fees,input_services,1,Code-mixed Hindi-English,3,True
Office deep cleaning service,input_services,1,Code-mixed Hindi-English,3,True
Godrej locker servicing,input_services,1,Code-mixed Hindi-English,3,True
Advocate court appearance fee,input_services,1,Code-mixed Hindi-English,3,True
Diesel for generator 5L,input_services,1,Code-mixed Hindi-English,3,True
Quickbooks subscription,input_services,1,Code-mixed Hindi-English,3,True
Pandit ji for opening puja,input_services,1,Code-mixed Hindi-English,3,True
Glass repair shop front,input_services,1,Code-mixed Hindi-English,3,True
CA audit charges 15000,input_services,1,Code-mixed Hindi-English,3,True
Instagram promotion 3000,input_services,1,Code-mixed Hindi-English,3,True
Shop signboard painting,input_services,1,Code-mixed Hindi-English,3,True
Water purifier AMC,input_services,1,Code-mixed Hindi-English,3,True
Legal document photocopy 50p,input_services,1,Code-mixed Hindi-English,3,True
Bulk SMS service package,input_services,1,Code-mixed Hindi-English,3,True
Shop fire extinguisher refill,input_services,1,Code-mixed Hindi-English,3,True
GST consultant fees,input_services,1,Code-mixed Hindi-English,3,True
Office chair repair,input_services,1,Code-mixed Hindi-English,3,True
Local cable TV ad,input_services,1,Code-mixed Hindi-English,3,True
Xerox machine maintenance,input_services,1,Code-mixed Hindi-English,3,True
Labour union donation,input_services,1,Code-mixed Hindi-English,3,True
Shop pest control service,input_services,1,Code-mixed Hindi-English,3,True
Notary attestation charges,input_services,1,Code-mixed Hindi-English,3,True
Shop electricity deposit,input_services,1,Code-mixed Hindi-English,3,True
CA fees for tax filing Rs 1500,input_services,1,Code-mixed Hindi-English,3,True
Facebook ad campaign payment,input_services,1,Code-mixed Hindi-English,3,True
QuickBooks subscription renewal,input_services,1,Code-mixed Hindi-English,3,True
Office maintenance contract Oct,input_services,1,Code-mixed Hindi-English,3,True
Security guard services invoice,input_services,1,Code-mixed Hindi-English,3,True
Tally ERP 9 license purchase,input_services,1,Code-mixed Hindi-English,3,True
Consultant fees for GST advice,input_services,1,Code-mixed Hindi-English,3,True
Courier to Mumbai 2kg Rs 250,input_services,1,Code-mixed Hindi-English,3,True
Google Ads payment for Diwali sale,input_services,1,Code-mixed Hindi-English,3,True
AC servicing charge Rs 1200,input_services,1,Code-mixed Hindi-English,3,True
Legal notice drafting fees,input_services,1,Code-mixed Hindi-English,3,True
Office cleaning services invoice,input_services,1,Code-mixed Hindi-English,3,True
Zoho software subscription Rs 999,input_services,1,Code-mixed Hindi-English,3,True
Audit fees for FY 2023-24,input_services,1,Code-mixed Hindi-English,3,True
Courier to Bangalore 5kg Rs 450,input_services,1,Code-mixed Hindi-English,3,True
Instagram ad campaign payment,input_services,1,Code-mixed Hindi-English,3,True
Electrician charges for repair,input_services,1,Code-mixed Hindi-English,3,True
Tata Steel invoice for rods,input_services,1,Code-mixed Hindi-English,3,True
CA consultation for GST filing,input_services,1,Code-mixed Hindi-English,3,True
Monthly security services bill,input_services,1,Code-mixed Hindi-English,3,True
Microsoft 365 subscription Rs 1500,input_services,1,Code-mixed Hindi-English,3,True
Advertising in local newspaper,input_services,1,Code-mixed Hindi-English,3,True
Courier to Chennai 3kg Rs 300,input_services,1,Code-mixed Hindi-English,3,True
Plumber charges for pipe fix,input_services,1,Code-mixed Hindi-English,3,True
Legal consultation for partnership,input_services,1,Code-mixed Hindi-English,3,True
Office pest control service,input_services,1,Code-mixed Hindi-English,3,True
Adobe Creative Cloud renewal,input_services,1,Code-mixed Hindi-English,3,True
CA fees for annual accounts,input_services,1,Code-mixed Hindi-English,3,True
Courier to Kolkata 4kg Rs 400,input_services,1,Code-mixed Hindi-English,3,True
Facebook boosted post payment,input_services,1,Code-mixed Hindi-English,3,True
Generator maintenance charges,input_services,1,Code-mixed Hindi-English,3,True
Lawyer fees for trademark filing,input_services,1,Code-mixed Hindi-English,3,True
Office deep cleaning invoice,input_services,1,Code-mixed Hindi-English,3,True
Zoom subscription for meetings,input_services,1,Code-mixed Hindi-English,3,True
GST consultant fees Oct,input_services,1,Code-mixed Hindi-English,3,True
Courier to Hyderabad 1kg Rs 150,input_services,1,Code-mixed Hindi-English,3,True
Google My Business ad payment,input_services,1,Code-mixed Hindi-English,3,True
Electric wiring repair charges,input_services,1,Code-mixed Hindi-English,3,True
Legal document notary fees,input_services,1,Code-mixed Hindi-English,3,True
Office security camera install,input_services,1,Code-mixed Hindi-English,3,True
Canva Pro subscription Rs 500,input_services,1,Code-mixed Hindi-English,3,True
CA fees for audit report,input_services,1,Code-mixed Hindi-English,3,True
Courier to Pune 6kg Rs 550,input_services,1,Code-mixed Hindi-English,3,True
YouTube ad campaign payment,input_services,1,Code-mixed Hindi-English,3,True
AC gas refilling charges Rs 800,input_services,1,Code-mixed Hindi-English,3,True
Lawyer fees for case filing,input_services,1,Code-mixed Hindi-English,3,True
Office furniture repair bill,input_services,1,Code-mixed Hindi-English,3,True
Slack subscription for team,input_services,1,Code-mixed Hindi-English,3,True
CA fees for GST filing,input_services,1,Code-mixed Hindi-English,3,True
Quickbooks subscription renewal,input_services,1,Code-mixed Hindi-English,3,True
Legal consultation for trademark,input_services,1,Code-mixed Hindi-English,3,True
Tally software update charges,input_services,1,Code-mixed Hindi-English,3,True
Newspaper ad for Diwali sale,input_services,1,Code-mixed Hindi-English,3,True
Security guard salary for Oct,input_services,1,Code-mixed Hindi-English,3,True
Maintenance contract for ACs,input_services,1,Code-mixed Hindi-English,3,True
Advocate fee for contract drafting,input_services,1,Code-mixed Hindi-English,3,True
Zoom yearly subscription Rs 1500,input_services,1,Code-mixed Hindi-English,3,True
Google Ads campaign for new store,input_services,1,Code-mixed Hindi-English,3,True
Courier to Mumbai 2kg Rs 300,input_services,1,Code-mixed Hindi-English,3,True
CA for annual audit report,input_services,1,Code-mixed Hindi-English,3,True
Pest control service charges,input_services,1,Code-mixed Hindi-English,3,True
Office cleaning bill Rs 1200,input_services,1,Code-mixed Hindi-English,3,True
Facebook ad for festival offer,input_services,1,Code-mixed Hindi-English,3,True
TDS filing CA charges,input_services,1,Code-mixed Hindi-English,3,True
Amazon Prime subscription Rs 1499,input_services,1,Code-mixed Hindi-English,3,True
Monthly AMC for printer,input_services,1,Code-mixed Hindi-English,3,True
Courier charges for Chennai Rs 450,input_services,1,Code-mixed Hindi-English,3,True
IT consultant fee for website,input_services,1,Code-mixed Hindi-English,3,True
Monthly security service Rs 5000,input_services,1,Code-mixed Hindi-English,3,True
Newspaper advertisement Rs 2500,input_services,1,Code-mixed Hindi-English,3,True
Annual software license fee,input_services,1,Code-mixed Hindi-English,3,True
Advocate fee for court case,input_services,1,Code-mixed Hindi-English,3,True
Courier charges for Bangalore,input_services,1,Code-mixed Hindi-English,3,True
Monthly accounting charges Rs 2000,input_services,1,Code-mixed Hindi-English,3,True
AC servicing bill Rs 1500,input_services,1,Code-mixed Hindi-English,3,True
Facebook ads for clearance sale,input_services,1,Code-mixed Hindi-English,3,True
CA for GST return filing,input_services,1,Code-mixed Hindi-English,3,True
Office maintenance bill Rs 3000,input_services,1,Code-mixed Hindi-English,3,True
Courier charges for Kolkata Rs 400,input_services,1,Code-mixed Hindi-English,3,True
Security camera installation Rs 8000,input_services,1,Code-mixed Hindi-English,3,True
Monthly Tally software charges,input_services,1,Code-mixed Hindi-English,3,True
Advocate fee for legal notice,input_services,1,Code-mixed Hindi-English,3,True
Office cleaning charges Rs 1000,input_services,1,Code-mixed Hindi-English,3,True
CA for income tax filing,input_services,1,Code-mixed Hindi-English,3,True
Monthly newspaper ad Rs 2000,input_services,1,Code-mixed Hindi-English,3,True
Courier charges for Hyderabad Rs 350,input_services,1,Code-mixed Hindi-English,3,True
IT support monthly charges Rs 1500,input_services,1,Code-mixed Hindi-English,3,True
Legal drafting for agreement,input_services,1,Code-mixed Hindi-English,3,True
Security guard salary for Nov,input_services,1,Code-mixed Hindi-English,3,True
AMC for office printer Rs 3000,input_services,1,Code-mixed Hindi-English,3,True
Google Ads for new product launch,input_services,1,Code-mixed Hindi-English,3,True
CA for TDS return filing,input_services,1,Code-mixed Hindi-English,3,True
Monthly pest control Rs 800,input_services,1,Code-mixed Hindi-English,3,True
Courier charges for Pune Rs 320,input_services,1,Code-mixed Hindi-English,3,True
Legal consultation ABC Lawyers,input_services,1,Code-mixed Hindi-English,3,True
Blue Dart courier charges,input_services,1,Code-mixed Hindi-English,3,True
Facebook ads campaign Rs 5000,input_services,1,Code-mixed Hindi-English,3,True
Zoho CRM subscription for 6 months,input_services,1,Code-mixed Hindi-English,3,True
Management consultancy fees,input_services,1,Code-mixed Hindi-English,3,True
Professional fees CA Kapoor,input_services,1,Code-mixed Hindi-English,3,True
AMC for Xerox machine Rs 12000,input_services,1,Code-mixed Hindi-English,3,True
Security guard services April,input_services,1,Code-mixed Hindi-English,3,True
Tally software renewal Rs 3000,input_services,1,Code-mixed Hindi-English,3,True
Courier charges for documents,input_services,1,Code-mixed Hindi-English,3,True
Google Ads payment Rs 7500,input_services,1,Code-mixed Hindi-English,3,True
Software license for QuickBooks,input_services,1,Code-mixed Hindi-English,3,True
Legal drafting fees Adv Sharma,input_services,1,Code-mixed Hindi-English,3,True
Maintenance contract AC unit,input_services,1,Code-mixed Hindi-English,3,True
Security cameras installation,input_services,1,Code-mixed Hindi-English,3,True
ICICI Bank charges,input_services,1,Code-mixed Hindi-English,3,True
Courier 5kg Delhi to Mumbai,input_services,1,Code-mixed Hindi-English,3,True
Microsoft Office subscription,input_services,1,Code-mixed Hindi-English,3,True
Professional fees CA Mehta,input_services,1,Code-mixed Hindi-English,3,True
AMC for CCTV system,input_services,1,Code-mixed Hindi-English,3,True
Security services for warehouse,input_services,1,Code-mixed Hindi-English,3,True
Courier charges for client docs,input_services,1,Code-mixed Hindi-English,3,True
Facebook ad campaign Rs 3000,input_services,1,Code-mixed Hindi-English,3,True
Accounting software upgrade,input_services,1,Code-mixed Hindi-English,3,True
Maintenance for printer Rs 2000,input_services,1,Code-mixed Hindi-English,3,True
Security alarm system AMC,input_services,1,Code-mixed Hindi-English,3,True
Courier charges Bangalore to Pune,input_services,1,Code-mixed Hindi-English,3,True
Google AdWords payment Rs 6000,input_services,1,Code-mixed Hindi-English,3,True
Software renewal for Tally,input_services,1,Code-mixed Hindi-English,3,True
Consultancy for tax planning,input_services,1,Code-mixed Hindi-English,3,True
Professional fees CA Gupta,input_services,1,Code-mixed Hindi-English,3,True
AMC for fire extinguisher,input_services,1,Code-mixed Hindi-English,3,True
Security guard services May,input_services,1,Code-mixed Hindi-English,3,True
Courier charges for vendor docs,input_services,1,Code-mixed Hindi-English,3,True
Advertising in regional paper,input_services,1,Code-mixed Hindi-English,3,True
Consultancy for CA services,input_services,1,Code-mixed Hindi-English,3,True
Legal fees for trademark filing,input_services,1,Code-mixed Hindi-English,3,True
Maintenance for AC unit Rs 5000,input_services,1,Code-mixed Hindi-English,3,True
Security services for office,input_services,1,Code-mixed Hindi-English,3,True
Courier charges Chennai to Delhi,input_services,1,Code-mixed Hindi-English,3,True
Facebook ad campaign Rs 4000,input_services,1,Code-mixed Hindi-English,3,True
Accounting software support,input_services,1,Code-mixed Hindi-English,3,True
Legal consultation Adv Singh,input_services,1,Code-mixed Hindi-English,3,True
Maintenance for scanner Rs 1500,input_services,1,Code-mixed Hindi-English,3,True
Security system installation,input_services,1,Code-mixed Hindi-English,3,True
कपड़ा 10 मीटर @ 50/मीटर,raw_materials,2,Hindi (Devanagari),0,True
टाटा स्टील इन्वॉइस,raw_materials,2,Hindi (Devanagari),0,True
रसायन 5 लीटर,raw_materials,2,Hindi (Devanagari),0,True
पैकेजिंग मटीरियल rs 1200,raw_materials,2,Hindi (Devanagari),0,True
गेहूं 2 क्विंटल,raw_materials,2,Hindi (Devanagari),0,True
इंडस्ट्रियल कंज़्यूमेबल्स rs 800,raw_materials,2,Hindi (Devanagari),0,True
स्पेयर पार्ट्स 2 पीस,raw_materials,2,Hindi (Devanagari),0,True
लूब्रिकेंट्स 5 लीटर,raw_materials,2,Hindi (Devanagari),0,True
फैब्रिक रोल rs 1500,raw_materials,2,Hindi (Devanagari),0,True
स्टील पाइप 3m @ 200/m,raw_materials,2,Hindi (Devanagari),0,True
रिलायंस कैमिकल्स बिल,raw_materials,2,Hindi (Devanagari),0,True
पैकिंग बॉक्स 20 पीस,raw_materials,2,Hindi (Devanagari),0,True
चावल 50 किलो,raw_materials,2,Hindi (Devanagari),0,True
कंज़्यूमेबल्स rs 450,raw_materials,2,Hindi (Devanagari),0,True
मशीन पार्ट्स rs 3000,raw_materials,2,Hindi (Devanagari),0,True
ऑइल 10 लीटर,raw_materials,2,Hindi (Devanagari),0,True
फैब्रिक शीट 5 पीस,raw_materials,2,Hindi (Devanagari),0,True
स्टील रॉड 4m @ 150/m,raw_materials,2,Hindi (Devanagari),0,True
कैमिकल बैच rs 2500,raw_materials,2,Hindi (Devanagari),0,True
पैकेजिंग टेप 5 रोल,raw_materials,2,Hindi (Devanagari),0,True
गेहूं 1 क्विंटल,raw_materials,2,Hindi (Devanagari),0,True
इंडस्ट्रियल सप्लाई rs 700,raw_materials,2,Hindi (Devanagari),0,True
मोटर पार्ट्स rs 1200,raw_materials,2,Hindi (Devanagari),0,True
ग्रीस 2 किलो,raw_materials,2,Hindi (Devanagari),0,True
कपड़ा रोल rs 1800,raw_materials,2,Hindi (Devanagari),0,True
स्टील प्लेट 2m @ 300/m,raw_materials,2,Hindi (Devanagari),0,True
रासायनिक सामग्री rs 600,raw_materials,2,Hindi (Devanagari),0,True
पैकिंग पेपर 10 किलो,raw_materials,2,Hindi (Devanagari),0,True
दाल 20 किलो,raw_materials,2,Hindi (Devanagari),0,True
कंज़्यूमेबल्स rs 900,raw_materials,2,Hindi (Devanagari),0,True
स्पेयर पार्ट्स rs 1500,raw_materials,2,Hindi (Devanagari),0,True
लूब्रिकेंट ऑइल 5 लीटर,raw_materials,2,Hindi (Devanagari),0,True
फैब्रिक कटिंग 10 पीस,raw_materials,2,Hindi (Devanagari),0,True
स्टील स्क्रैप 50 किलो,raw_materials,2,Hindi (Devanagari),0,True
कैमिकल पाउडर 2 किलो,raw_materials,2,Hindi (Devanagari),0,True
पैकेजिंग बैग 50 पीस,raw_materials,2,Hindi (Devanagari),0,True
गेहूं 3 क्विंटल,raw_materials,2,Hindi (Devanagari),0,True
इंडस्ट्रियल टूल्स rs 1100,raw_materials,2,Hindi (Devanagari),0,True
मशीन पार्ट्स rs 2500,raw_materials,2,Hindi (Devanagari),0,True
ग्रीस टब rs 500,raw_materials,2,Hindi (Devanagari),0,True
कपड़ा बोल्ट rs 2000,raw_materials,2,Hindi (Devanagari),0,True
स्टील वायर 10m @ 50/m,raw_materials,2,Hindi (Devanagari),0,True
रासायनिक द्रव्य rs 750,raw_materials,2,Hindi (Devanagari),0,True
पैकिंग शीट 20 पीस,raw_materials,2,Hindi (Devanagari),0,True
चावल 100 किलो,raw_materials,2,Hindi (Devanagari),0,True
कंज़्यूमेबल्स rs 600,raw_materials,2,Hindi (Devanagari),0,True
स्पेयर पार्ट्स rs 1800,raw_materials,2,Hindi (Devanagari),0,True
ऑइल कैन 2 पीस,raw_materials,2,Hindi (Devanagari),0,True
फैब्रिक रोल rs 1700,raw_materials,2,Hindi (Devanagari),0,True
स्टील बार 5m @ 100/m,raw_materials,2,Hindi (Devanagari),0,True
टाटा स्टील से 10 एमएम रॉड 5 मीटर @ 200/मी,raw_materials,2,Hindi (Devanagari),0,True
कपड़ा खरीद - सूती वस्त्र 20 मीटर,raw_materials,2,Hindi (Devanagari),0,True
पैकेजिंग बॉक्स 50 पीस (महेश ट्रेडर्स),raw_materials,2,Hindi (Devanagari),0,True
एल्युमिनियम शीट 2x4 फीट 5 नग,raw_materials,2,Hindi (Devanagari),0,True
रसायन - पेंट थिनर 5 लीटर,raw_materials,2,Hindi (Devanagari),0,True
गेहूं 10 बोरी @ 2200/बोरी,raw_materials,2,Hindi (Devanagari),0,True
लुब्रिकेंट - मोबिल ऑइल 1 ड्रम,raw_materials,2,Hindi (Devanagari),0,True
स्टील पाइप 1 इंच 10 फीट,raw_materials,2,Hindi (Devanagari),0,True
प्लास्टिक ग्रेन्यूल 25 किलो,raw_materials,2,Hindi (Devanagari),0,True
बीआईएस सर्टिफाइड सरिया 8 एमएम,raw_materials,2,Hindi (Devanagari),0,True
जिंक कोटेड नट-बोल्ट 100 पीस,raw_materials,2,Hindi (Devanagari),0,True
पैकिंग टेप 12 रोल (3M ब्रांड),raw_materials,2,Hindi (Devanagari),0,True
कैमिकल पाउडर 500 ग्राम,raw_materials,2,Hindi (Devanagari),0,True
स्टील प्लेट 5 मिमी 4x8 फीट,raw_materials,2,Hindi (Devanagari),0,True
धान 5 क्विंटल @ 1800/क्विंटल,raw_materials,2,Hindi (Devanagari),0,True
प्लाईवुड शीट 18 मिमी 2 नग,raw_materials,2,Hindi (Devanagari),0,True
इंडस्ट्रियल ग्लव्स 50 जोड़ी,raw_materials,2,Hindi (Devanagari),0,True
स्टेनलेस स्टील वायर 1 किलो,raw_materials,2,Hindi (Devanagari),0,True
पैकेजिंग बबल रैप 10 मीटर,raw_materials,2,Hindi (Devanagari),0,True
टाटा टिस्कोन स्टील बिल,raw_materials,2,Hindi (Devanagari),0,True
फैब्रिक डाई 2 किलो (रंगाई के लिए),raw_materials,2,Hindi (Devanagari),0,True
सीमेंट 5 बैग @ 400/बैग,raw_materials,2,Hindi (Devanagari),0,True
प्लास्टिक जार 500 एमएल 20 पीस,raw_materials,2,Hindi (Devanagari),0,True
मशीन ऑइल 5 लीटर (इंडियन ऑइल),raw_materials,2,Hindi (Devanagari),0,True
स्टील वाशर 50 पीस स्मॉल साइज,raw_materials,2,Hindi (Devanagari),0,True
गोंद 1 किलो (फेविकोल),raw_materials,2,Hindi (Devanagari),0,True
पैकिंग कार्डबोर्ड 10 शीट,raw_materials,2,Hindi (Devanagari),0,True
लोहे की कील 1 किलो,raw_materials,2,Hindi (Devanagari),0,True
कपड़ा स्टॉक - पॉलिएस्टर 15 मीटर,raw_materials,2,Hindi (Devanagari),0,True
पेंट प्राइमर 2 लीटर (एशियन पेंट्स),raw_materials,2,Hindi (Devanagari),0,True
स्टील चैनल 3 मीटर,raw_materials,2,Hindi (Devanagari),0,True
पैकेजिंग स्ट्रिंग 5 किलो,raw_materials,2,Hindi (Devanagari),0,True
इलेक्ट्रिक वायर 10 मीटर (पॉलीकेबल),raw_materials,2,Hindi (Devanagari),0,True
स्टील एंगल 2x2 6 फीट,raw_materials,2,Hindi (Devanagari),0,True
गेहूं का आटा 50 किलो,raw_materials,2,Hindi (Devanagari),0,True
प्लास्टिक पाइप 1 इंच 20 फीट,raw_materials,2,Hindi (Devanagari),0,True
स्टील नट्स 200 ग्राम,raw_materials,2,Hindi (Devanagari),0,True
कैमिकल सॉल्वेंट 1 लीटर,raw_materials,2,Hindi (Devanagari),0,True
पैकिंग पेपर रोल 5 किलो,raw_materials,2,Hindi (Devanagari),0,True
स्टील ग्रेटिंग 4x4 फीट,raw_materials,2,Hindi (Devanagari),0,True
लकड़ी का गोंद 500 ग्राम,raw_materials,2,Hindi (Devanagari),0,True
स्टील वायर मेश 1 शीट,raw_materials,2,Hindi (Devanagari),0,True
प्लास्टिक कंटेनर 10 लीटर 2 नग,raw_materials,2,Hindi (Devanagari),0,True
स्टील फिटिंग्स (विभिन्न साइज),raw_materials,2,Hindi (Devanagari),0,True
पैकेजिंग स्टिकर 100 पीस,raw_materials,2,Hindi (Devanagari),0,True
स्टील रॉड 12 एमएम 3 मीटर,raw_materials,2,Hindi (Devanagari),0,True
इंडस्ट्रियल ब्रश 5 नग,raw_materials,2,Hindi (Devanagari),0,True
प्लास्टिक शीट 2 मिमी 4x8 फीट,raw_materials,2,Hindi (Devanagari),0,True
स्टील बीम 8 फीट,raw_materials,2,Hindi (Devanagari),0,True
पैकेजिंग फोम 2 शीट,raw_materials,2,Hindi (Devanagari),0,True
स्टील रॉड 2m @ 1200/m,raw_materials,2,Hindi (Devanagari),0,True
टाटा स्टील इनवॉइस,raw_materials,2,Hindi (Devanagari),0,True
पैकेजिंग मटेरियल 500 रुपये,raw_materials,2,Hindi (Devanagari),0,True
कपड़ा 10 मीटर,raw_materials,2,Hindi (Devanagari),0,True
रासायनिक सामग्री 5 किलो,raw_materials,2,Hindi (Devanagari),0,True
उदयपुर लुब्रिकेंट्स,raw_materials,2,Hindi (Devanagari),0,True
अनाज 50 किलो,raw_materials,2,Hindi (Devanagari),0,True
इंडस्ट्रियल कंज्यूमेबल्स 2000 रुपये,raw_materials,2,Hindi (Devanagari),0,True
स्पेयर पार्ट्स 3 टुकड़े,raw_materials,2,Hindi (Devanagari),0,True
फैब्रिक रोल 15 मीटर,raw_materials,2,Hindi (Devanagari),0,True
स्टील प्लेट 4 पीस,raw_materials,2,Hindi (Devanagari),0,True
केमिकल्स बैच नंबर 123,raw_materials,2,Hindi (Devanagari),0,True
गेहूं 100 किलो,raw_materials,2,Hindi (Devanagari),0,True
लुब्रिकेंट 5 लीटर,raw_materials,2,Hindi (Devanagari),0,True
स्टील पाइप 3m @ 800/m,raw_materials,2,Hindi (Devanagari),0,True
टाटा केमिकल्स इनवॉइस,raw_materials,2,Hindi (Devanagari),0,True
फैब्रिक 25 मीटर,raw_materials,2,Hindi (Devanagari),0,True
अनाज भंडारण बैग 10 पीस,raw_materials,2,Hindi (Devanagari),0,True
स्टील बार 2 किलो,raw_materials,2,Hindi (Devanagari),0,True
रासायनिक उत्पाद 10 किलो,raw_materials,2,Hindi (Devanagari),0,True
गेहूं 200 किलो,raw_materials,2,Hindi (Devanagari),0,True
लुब्रिकेंट ऑइल 2 लीटर,raw_materials,2,Hindi (Devanagari),0,True
स्टील शीट 5 पीस,raw_materials,2,Hindi (Devanagari),0,True
केमिकल्स ऑर्डर नंबर 456,raw_materials,2,Hindi (Devanagari),0,True
फैब्रिक कटिंग 10 मीटर,raw_materials,2,Hindi (Devanagari),0,True
अनाज स्टोरेज ड्रम 3 पीस,raw_materials,2,Hindi (Devanagari),0,True
स्टील वायर 100 मीटर,raw_materials,2,Hindi (Devanagari),0,True
रासायनिक पदार्थ 15 किलो,raw_materials,2,Hindi (Devanagari),0,True
पैकेजिंग पेपर 10 रोल,raw_materials,2,Hindi (Devanagari),0,True
गेहूं 150 किलो,raw_materials,2,Hindi (Devanagari),0,True
लुब्रिकेंट ग्रीस 1 किलो,raw_materials,2,Hindi (Devanagari),0,True
स्टील नट्स 50 पीस,raw_materials,2,Hindi (Devanagari),0,True
केमिकल्स बैच नंबर 789,raw_materials,2,Hindi (Devanagari),0,True
फैब्रिक रोल 30 मीटर,raw_materials,2,Hindi (Devanagari),0,True
अनाज बैग 20 पीस,raw_materials,2,Hindi (Devanagari),0,True
स्टील बोल्ट 100 पीस,raw_materials,2,Hindi (Devanagari),0,True
रासायनिक मिश्रण 20 किलो,raw_materials,2,Hindi (Devanagari),0,True
पैकेजिंग स्ट्रिंग 10 रोल,raw_materials,2,Hindi (Devanagari),0,True
गेहूं 300 किलो,raw_materials,2,Hindi (Devanagari),0,True
लुब्रिकेंट फ्लूइड 3 लीटर,raw_materials,2,Hindi (Devanagari),0,True
स्टील एंगल 6m @ 700/m,raw_materials,2,Hindi (Devanagari),0,True
केमिकल्स इनवॉइस नंबर 101,raw_materials,2,Hindi (Devanagari),0,True
फैब्रिक कटिंग 15 मीटर,raw_materials,2,Hindi (Devanagari),0,True
अनाज स्टोरेज बैग 25 पीस,raw_materials,2,Hindi (Devanagari),0,True
स्टील रॉड 4m @ 1100/m,raw_materials,2,Hindi (Devanagari),0,True
रासायनिक पाउडर 5 किलो,raw_materials,2,Hindi (Devanagari),0,True
पैकेजिंग कार्टन 15 पीस,raw_materials,2,Hindi (Devanagari),0,True
रसायन 500 रुपये,raw_materials,2,Hindi (Devanagari),0,True
पैकेजिंग बॉक्स 50 पीस,raw_materials,2,Hindi (Devanagari),0,True
इंडस्ट्रियल लुब्रिकेंट 5 लीटर,raw_materials,2,Hindi (Devanagari),0,True
स्पेयर पार्ट्स rs 2000,raw_materials,2,Hindi (Devanagari),0,True
फैब्रिक रोल 20 मीटर,raw_materials,2,Hindi (Devanagari),0,True
जैन कैमिकल्स इनवॉइस,raw_materials,2,Hindi (Devanagari),0,True
स्टील प्लेट 5mm,raw_materials,2,Hindi (Devanagari),0,True
पैकिंग टेप 10 रोल,raw_materials,2,Hindi (Devanagari),0,True
मशीन पार्ट्स rs 1500,raw_materials,2,Hindi (Devanagari),0,True
टेक्सटाइल फैब्रिक 15 मीटर,raw_materials,2,Hindi (Devanagari),0,True
लोहा 100 किलो,raw_materials,2,Hindi (Devanagari),0,True
कैमिकल बैच नंबर 12,raw_materials,2,Hindi (Devanagari),0,True
कार्डबोर्ड शीट्स 20 पीस,raw_materials,2,Hindi (Devanagari),0,True
चावल 200 किलो,raw_materials,2,Hindi (Devanagari),0,True
इंडस्ट्रियल ऑयल 10 लीटर,raw_materials,2,Hindi (Devanagari),0,True
मोटर पार्ट्स rs 3000,raw_materials,2,Hindi (Devanagari),0,True
सूती कपड़ा 30 मीटर,raw_materials,2,Hindi (Devanagari),0,True
स्टील बार 3m @ 800/m,raw_materials,2,Hindi (Devanagari),0,True
पैकेजिंग पेपर 5 रोल,raw_materials,2,Hindi (Devanagari),0,True
ज्वार 150 किलो,raw_materials,2,Hindi (Devanagari),0,True
ग्रीस गन 1 पीस,raw_materials,2,Hindi (Devanagari),0,True
पंप स्पेयर rs 2500,raw_materials,2,Hindi (Devanagari),0,True
सिल्क फैब्रिक 25 मीटर,raw_materials,2,Hindi (Devanagari),0,True
लोहे का सामान 50 किलो,raw_materials,2,Hindi (Devanagari),0,True
रसायन बैच नंबर 15,raw_materials,2,Hindi (Devanagari),0,True
कार्टून बॉक्स 30 पीस,raw_materials,2,Hindi (Devanagari),0,True
बाजरा 100 किलो,raw_materials,2,Hindi (Devanagari),0,True
लुब्रिकेंट ऑयल 7 लीटर,raw_materials,2,Hindi (Devanagari),0,True
गियर पार्ट्स rs 1800,raw_materials,2,Hindi (Devanagari),0,True
पॉलिएस्टर कपड़ा 40 मीटर,raw_materials,2,Hindi (Devanagari),0,True
स्टील पाइप 4m @ 600/m,raw_materials,2,Hindi (Devanagari),0,True
पैकिंग स्ट्रिप्स 20 मीटर,raw_materials,2,Hindi (Devanagari),0,True
मक्का 300 किलो,raw_materials,2,Hindi (Devanagari),0,True
ग्रीस ट्यूब 3 पीस,raw_materials,2,Hindi (Devanagari),0,True
बियरिंग पार्ट्स rs 2200,raw_materials,2,Hindi (Devanagari),0,True
लिनेन फैब्रिक 50 मीटर,raw_materials,2,Hindi (Devanagari),0,True
लोहे की चादर 10 पीस,raw_materials,2,Hindi (Devanagari),0,True
कैमिकल बैच नंबर 18,raw_materials,2,Hindi (Devanagari),0,True
पैकेजिंग फोम 15 शीट,raw_materials,2,Hindi (Devanagari),0,True
जौ 250 किलो,raw_materials,2,Hindi (Devanagari),0,True
हाइड्रॉलिक ऑयल 12 लीटर,raw_materials,2,Hindi (Devanagari),0,True
मोटर गियर rs 3200,raw_materials,2,Hindi (Devanagari),0,True
कॉटन फैब्रिक 60 मीटर,raw_materials,2,Hindi (Devanagari),0,True
टाटा स्टील से 10 एमएम रॉड 5 मीटर,raw_materials,2,Hindi (Devanagari),0,True
रसायन - एसिड बैरल 3 नंबर,raw_materials,2,Hindi (Devanagari),0,True
पैकिंग बॉक्स 50 पीस @ 25 रुपये,raw_materials,2,Hindi (Devanagari),0,True
गेहूं 100 किलो बजाज स्टोर से,raw_materials,2,Hindi (Devanagari),0,True
मशीन तेल (इंडेन0 ब्रांड) 5 लीटर,raw_materials,2,Hindi (Devanagari),0,True
स्टील प्लेट 2mm 10 शीट,raw_materials,2,Hindi (Devanagari),0,True
रंगाई केमिकल्स - ब्लू डाई 2 किलो,raw_materials,2,Hindi (Devanagari),0,True
पॉलीथीन रोल 1kg (मेहता पैकर्स),raw_materials,2,Hindi (Devanagari),0,True
बियरिंग स्पेयर पार्ट्स 5 पीस,raw_materials,2,Hindi (Devanagari),0,True
लोहे की पाइप 3 इंच 4 मीटर,raw_materials,2,Hindi (Devanagari),0,True
धान 50 बोरी @ 1500 प्रति,raw_materials,2,Hindi (Devanagari),0,True
पैकिंग टेप 20 रोल मुरली ट्रेडर्स,raw_materials,2,Hindi (Devanagari),0,True
गोंद टिन 500 ग्राम,raw_materials,2,Hindi (Devanagari),0,True
सीमेंट बैग 10 नंबर (अंबुजा),raw_materials,2,Hindi (Devanagari),0,True
कागज रोल (प्रिंटिंग) 5 पीस,raw_materials,2,Hindi (Devanagari),0,True
डीजल ऑयल 10 लीटर HP पंप,raw_materials,2,Hindi (Devanagari),0,True
एल्युमिनियम प्रोफाइल 6 फीट,raw_materials,2,Hindi (Devanagari),0,True
चावल की भूसी 15 बोरी,raw_materials,2,Hindi (Devanagari),0,True
जूट बैग 100 पीस (पुराना स्टॉक),raw_materials,2,Hindi (Devanagari),0,True
वेल्डिंग इलेक्ट्रोड 5kg एशोक लोहा,raw_materials,2,Hindi (Devanagari),0,True
पेंट थिनर 2 कैन,raw_materials,2,Hindi (Devanagari),0,True
स्टील स्क्रैप 50kg @ 40/kg,raw_materials,2,Hindi (Devanagari),0,True
लकड़ी का गट्ठा 10 पीस,raw_materials,2,Hindi (Devanagari),0,True
पीवीसी पाइप 1 इंच 20 फीट,raw_materials,2,Hindi (Devanagari),0,True
कच्चा माल - प्लास्टिक चिप्स,raw_materials,2,Hindi (Devanagari),0,True
साबुन बेस 10kg (मेहता केमिकल),raw_materials,2,Hindi (Devanagari),0,True
स्टील नट-बोल्ट सेट 50 पीस,raw_materials,2,Hindi (Devanagari),0,True
कॉटन यार्न 5 किलो (सूरज मिल्स),raw_materials,2,Hindi (Devanagari),0,True
पैकिंग स्ट्रॉ 1 बंडल,raw_materials,2,Hindi (Devanagari),0,True
सर्फ एक्सल ऑयल 5 लीटर,raw_materials,2,Hindi (Devanagari),0,True
गेहूं का आटा 25kg बैग,raw_materials,2,Hindi (Devanagari),0,True
प्लाईवुड शीट 8x4 फीट 3 नंबर,raw_materials,2,Hindi (Devanagari),0,True
रबड़ शीट 5mm 2 पीस,raw_materials,2,Hindi (Devanagari),0,True
सोयाबीन 10 बोरी @ 3200,raw_materials,2,Hindi (Devanagari),0,True
पैकिंग कार्डबोर्ड 50 शीट,raw_materials,2,Hindi (Devanagari),0,True
स्टील वायर मेश (जाली) 1 रोल,raw_materials,2,Hindi (Devanagari),0,True
लुब्रिकेंट ग्रीस 2 डिब्बे,raw_materials,2,Hindi (Devanagari),0,True
सिलिकॉन सीलेंट 5 ट्यूब,raw_materials,2,Hindi (Devanagari),0,True
चीनी 50kg (ल0लिता स्टोर),raw_materials,2,Hindi (Devanagari),0,True
प्लास्टिक जार 200ml 50 पीस,raw_materials,2,Hindi (Devanagari),0,True
स्टील एंगल 2 इंच 6 फीट,raw_materials,2,Hindi (Devanagari),0,True
बेसन 10kg पैक (गंगा आटा),raw_materials,2,Hindi (Devanagari),0,True
स्टील पाइप फिटिंग 15 पीस,raw_materials,2,Hindi (Devanagari),0,True
पैकिंग बबल रैप 2 रोल,raw_materials,2,Hindi (Devanagari),0,True
स्टील वाशर 100 पीस (छोटा साइज),raw_materials,2,Hindi (Devanagari),0,True
मक्का 20 बोरी @ 1800 प्रति,raw_materials,2,Hindi (Devanagari),0,True
steel kharida rs 44996,raw_materials,2,Transliterated Hindi,1,True
wood mangaaya rs 31077,raw_materials,2,Transliterated Hindi,1,True
chemical liya rs 47463,raw_materials,2,Transliterated Hindi,1,True
cement mangaaya rs 47585,raw_materials,2,Transliterated Hindi,1,True
steel kharida rs 20959,raw_materials,2,Transliterated Hindi,1,True
wood mangaaya rs 6761,raw_materials,2,Transliterated Hindi,1,True
chemical liya rs 31126,raw_materials,2,Transliterated Hindi,1,True
cement mangaaya rs 4905S,raw_materials,2,Transliterated Hindi,1,True
chemical liya rs 21841,raw_materials,2,Transliterated Hindi,1,True
cement mangaaya rs 1847,raw_materials,2,Transliterated Hindi,1,True
wood mangaaya rs 48348,raw_materials,2,Transliterated Hindi,1,True
cement mangaaya rs 29835,raw_materials,2,Transliterated Hindi,1,True
wood mangaaya rs 10748,raw_materials,2,Transliterated Hindi,1,True
chemical liya rs 49163,raw_materials,2,Transliterated Hindi,1,True
packing material rs 45808,raw_materials,2,Transliterated Hindi,1,True
cement mangaaya rs 45069,raw_materials,2,Transliterated Hindi,1,True
kapda kharida rs 40767,raw_materials,2,Transliterated Hindi,1,True
packing material rs 4921,raw_materials,2,Transliterated Hindi,1,True
cement mangaaya rs 21881,raw_materials,2,Transliterated Hindi,1,True
chemical liya rs 20202,raw_materials,2,Transliterated Hindi,1,True
cement mangaaya rs 32837,raw_materials,2,Transliterated Hindi,1,True
cement mangaaya rs 21140,raw_materials,2,Transliterated Hindi,1,True
cement mangaaya rs 11235,raw_materials,2,Transliterated Hindi,1,True
steel kharida rs 46515,raw_materials,2,Transliterated Hindi,1,True
packing material rs 49079,raw_materials,2,Transliterated Hindi,1,True
cement mangaaya rs 35180,raw_materials,2,Transliterated Hindi,1,True
cement mangaaya rs 31969,raw_materials,2,Transliterated Hindi,1,True
wood mangaaya rs 20625,raw_materials,2,Transliterated Hindi,1,True
kapda kharida rs 37540,raw_materials,2,Transliterated Hindi,1,True
wood mangaaya rs 49618,raw_materials,2,Transliterated Hindi,1,True
kapda kharida rs 40662,raw_materials,2,Transliterated Hindi,1,True
kapda kharida rs 41238,raw_materials,2,Transliterated Hindi,1,True
wood mangaaya rs 28512,raw_materials,2,Transliterated Hindi,1,True
steel kharida rs 45978,raw_materials,2,Transliterated Hindi,1,True
packing material rs 7267,raw_materials,2,Transliterated Hindi,1,True
wood mangaaya rs 19291,raw_materials,2,Transliterated Hindi,1,True
wood mangaaya rs 42584,raw_materials,2,Transliterated Hindi,1,True
steel kharida rs 35625,raw_materials,2,Transliterated Hindi,1,True
steel kharida rs 42519,raw_materials,2,Transliterated Hindi,1,True
steel kharida rs 20701,raw_materials,2,Transliterated Hindi,1,True
wood mangaaya rs 38770,raw_materials,2,Transliterated Hindi,1,True
cement mangaaya rs 37076,raw_materials,2,Transliterated Hindi,1,True
chemical liya rs 19649,raw_materials,2,Transliterated Hindi,1,True
packing material rs 10499,raw_materials,2,Transliterated Hindi,1,True
packing material rs 40575,raw_materials,2,Transliterated Hindi,1,True
kapda kharida rs 7621,raw_materials,2,Transliterated Hindi,1,True
steel kharida rs 36944,raw_materials,2,Transliterated Hindi,1,True
packing material rs 6417,raw_materials,2,Transliterated Hindi,1,True
cement mangaaya rs 22470,raw_materials,2,Transliterated Hindi,1,True
steel kharida rs 21237,raw_materials,2,Transliterated Hindi,1,True
cement mangaaya rs 35776,raw_materials,2,Transliterated Hindi,1,True
kapda kharida rs 45843,raw_materials,2,Transliterated Hindi,1,True
cement mangaaya rs 42214,raw_materials,2,Transliterated Hindi,1,True
kapda kharida rs 38530,raw_materials,2,Transliterated Hindi,1,True
chemical liya rs 40896,raw_materials,2,Transliterated Hindi,1,True
wood mangaaya rs 2217,raw_materials,2,Transliterated Hindi,1,True
packing material rs 18149,raw_materials,2,Transliterated Hindi,1,True
steel kharida rs 32514,raw_materials,2,Transliterated Hindi,1,True
kapda kharida rs 8368,raw_materials,2,Transliterated Hindi,1,True
kapda kharida rs 40473,raw_materials,2,Transliterated Hindi,1,True
cement mangaaya rs 15932,raw_materials,2,Transliterated Hindi,1,True
kapda kharida rs 6674,raw_materials,2,Transliterated Hindi,1,True
cement mangaaya rs 36351,raw_materials,2,Transliterated Hindi,1,True
steel kharida rs 4696,raw_materials,2,Transliterated Hindi,1,True
steel kharida rs 12435,raw_materials,2,Transliterated Hindi,1,True
chemical liya rs 48014,raw_materials,2,Transliterated Hindi,1,True
steel kharida rs 40594,raw_materials,2,Transliterated Hindi,1,True
wood mangaaya rs 41497,raw_materials,2,Transliterated Hindi,1,True
cement mangaaya rs 49985,raw_materials,2,Transliterated Hindi,1,True
packing material rs 13383,raw_materials,2,Transliterated Hindi,1,True
kapda kharida rs 37895,raw_materials,2,Transliterated Hindi,1,True
cement mangaaya rs 42092,raw_materials,2,Transliterated Hindi,1,True
chemical liya rs 41711,raw_materials,2,Transliterated Hindi,1,True
cement mangaaya rs 42813,raw_materials,2,Transliterated Hindi,1,True
kapda kharida rs 42432,raw_materials,2,Transliterated Hindi,1,True
kapda kharida rs 38296,raw_materials,2,Transliterated Hindi,1,True
steel kharida rs 13946,raw_materials,2,Transliterated Hindi,1,True
cement mangaaya rs 29079,raw_materials,2,Transliterated Hindi,1,True
steel kharida rs 46909,raw_materials,2,Transliterated Hindi,1,True
chemical liya rs 377,raw_materials,2,Transliterated Hindi,1,True
steel kharida rs 16819,raw_materials,2,Transliterated Hindi,1,True
packing material rs 39841,raw_materials,2,Transliterated Hindi,1,True
chemical liya rs 1442,raw_materials,2,Transliterated Hindi,1,True
wood mangaaya rs 36143,raw_materials,2,Transliterated Hindi,1,True
kapda kharida rs 33974,raw_materials,2,Transliterated Hindi,1,True
cement mangaaya rs 46233,raw_materials,2,Transliterated Hindi,1,True
kapda kharida rs 44593,raw_materials,2,Transliterated Hindi,1,True
packing material rs 44862,raw_materials,2,Transliterated Hindi,1,True
kapda kharida rs 13842,raw_materials,2,Transliterated Hindi,1,True
cement mangaaya rs 33914,raw_materials,2,Transliterated Hindi,1,True
wood mangaaya rs 46504,raw_materials,2,Transliterated Hindi,1,True
wood mangaaya rs 38456,raw_materials,2,Transliterated Hindi,1,True
wood mangaaya rs 34039,raw_materials,2,Transliterated Hindi,1,True
steel kharida rs 5608,raw_materials,2,Transliterated Hindi,1,True
chemical liya rs 6772,raw_materials,2,Transliterated Hindi,1,True
chemical liya rs 42291,raw_materials,2,Transliterated Hindi,1,True
packing material rs 44350,raw_materials,2,Transliterated Hindi,1,True
wood mangaaya rs 27835,raw_materials,2,Transliterated Hindi,1,True
kapda kharida rs 22067,raw_materials,2,Transliterated Hindi,1,True
chemical liya rs 44033,raw_materials,2,Transliterated Hindi,1,True
wood mangaaya rs 5857,raw_materials,2,Transliterated Hindi,1,True
steel kharida rs 26475,raw_materials,2,Transliterated Hindi,1,True
wood mangaaya rs 2538,raw_materials,2,Transliterated Hindi,1,True
wood mangaaya rs 13825,raw_materials,2,Transliterated Hindi,1,True
kapda kharida rs 38900,raw_materials,2,Transliterated Hindi,1,True
chemical liya rs 27873,raw_materials,2,Transliterated Hindi,1,True
wood mangaaya rs 496,raw_materials,2,Transliterated Hindi,1,True
cement mangaaya rs 30566,raw_materials,2,Transliterated Hindi,1,True
cement mangaaya rs 27937,raw_materials,2,Transliterated Hindi,1,True
packing material rs 25337,raw_materials,2,Transliterated Hindi,1,True
kapda kharida rs 49342,raw_materials,2,Transliterated Hindi,1,True
packing material rs 16718,raw_materials,2,Transliterated Hindi,1,True
kapda kharida rs 15194,raw_materials,2,Transliterated Hindi,1,True
kapda kharida rs 20308,raw_materials,2,Transliterated Hindi,1,True
packing material rs 10793,raw_materials,2,Transliterated Hindi,1,True
chemical liya rs 25058,raw_materials,2,Transliterated Hindi,1,True
packing material rs 23690,raw_materials,2,Transliterated Hindi,1,True
chemical liya rs 36344,raw_materials,2,Transliterated Hindi,1,True
packing material rs 47664,raw_materials,2,Transliterated Hindi,1,True
wood mangaaya rs 14724,raw_materials,2,Transliterated Hindi,1,True
packing material rs 33505,raw_materials,2,Transliterated Hindi,1,True
chemical liya rs 35459,raw_materials,2,Transliterated Hindi,1,True
packing material rs 15587,raw_materials,2,Transliterated Hindi,1,True
chemical liya rs 392,raw_materials,2,Transliterated Hindi,1,True
packing material rs 22130,raw_materials,2,Transliterated Hindi,1,True
wood mangaaya rs 39017,raw_materials,2,Transliterated Hindi,1,True
cement mangaaya rs 722,raw_materials,2,Transliterated Hindi,1,True
cement mangaaya rs 9O37,raw_materials,2,Transliterated Hindi,1,True
cement mangaaya rs 3614,raw_materials,2,Transliterated Hindi,1,True
packing material rs 3823,raw_materials,2,Transliterated Hindi,1,True
kapda kharida rs 6803,raw_materials,2,Transliterated Hindi,1,True
kapda kharida rs 649,raw_materials,2,Transliterated Hindi,1,True
wood mangaaya rs 3372,raw_materials,2,Transliterated Hindi,1,True
chemical liya rs 17785,raw_materials,2,Transliterated Hindi,1,True
chemical liya rs 4348,raw_materials,2,Transliterated Hindi,1,True
cement mangaaya rs 14796,raw_materials,2,Transliterated Hindi,1,True
cement mangaaya rs 2157,raw_materials,2,Transliterated Hindi,1,True
steel kharida rs 36369,raw_materials,2,Transliterated Hindi,1,True
packing material rs 22381,raw_materials,2,Transliterated Hindi,1,True
chemical liya rs 39891,raw_materials,2,Transliterated Hindi,1,True
kapda kharida rs 583,raw_materials,2,Transliterated Hindi,1,True
cement mangaaya rs 15503,raw_materials,2,Transliterated Hindi,1,True
steel kharida rs 35268,raw_materials,2,Transliterated Hindi,1,True
chemical liya rs 4036,raw_materials,2,Transliterated Hindi,1,True
kapda kharida rs 27261,raw_materials,2,Transliterated Hindi,1,True
cement mangaaya rs 26793,raw_materials,2,Transliterated Hindi,1,True
cement mangaaya rs 9814,raw_materials,2,Transliterated Hindi,1,True
cement mangaaya rs 19377,raw_materials,2,Transliterated Hindi,1,True
wood mangaaya rs 42664,raw_materials,2,Transliterated Hindi,1,True
wood mangaaya rs 38722,raw_materials,2,Transliterated Hindi,1,True
packing material rs 2248O,raw_materials,2,Transliterated Hindi,1,True
packing material rs 45141,raw_materials,2,Transliterated Hindi,1,True
packing material rs 18186,raw_materials,2,Transliterated Hindi,1,True
wood mangaaya rs 12141,raw_materials,2,Transliterated Hindi,1,True
cement mangaaya rs 8290,raw_materials,2,Transliterated Hindi,1,True
kapda kharida rs 25439,raw_materials,2,Transliterated Hindi,1,True
cement mangaaya rs 16371,raw_materials,2,Transliterated Hindi,1,True
wood mangaaya rs 35733,raw_materials,2,Transliterated Hindi,1,True
chemical liya rs 40461,raw_materials,2,Transliterated Hindi,1,True
packing material rs 26492,raw_materials,2,Transliterated Hindi,1,True
wood mangaaya rs 33544,raw_materials,2,Transliterated Hindi,1,True
packing material rs 42634,raw_materials,2,Transliterated Hindi,1,True
steel kharida rs 37347,raw_materials,2,Transliterated Hindi,1,True
steel kharida rs 39445,raw_materials,2,Transliterated Hindi,1,True
cement mangaaya rs 40920,raw_materials,2,Transliterated Hindi,1,True
steel kharida rs 30494,raw_materials,2,Transliterated Hindi,1,True
cement mangaaya rs 18121,raw_materials,2,Transliterated Hindi,1,True
cement mangaaya rs 33167,raw_materials,2,Transliterated Hindi,1,True
cement mangaaya rs 45817,raw_materials,2,Transliterated Hindi,1,True
chemical liya rs 15124,raw_materials,2,Transliterated Hindi,1,True
steel kharida rs 33205,raw_materials,2,Transliterated Hindi,1,True
steel kharida rs 15638,raw_materials,2,Transliterated Hindi,1,True
cement mangaaya rs 46375,raw_materials,2,Transliterated Hindi,1,True
packing material rs 5924,raw_materials,2,Transliterated Hindi,1,True
chemical liya rs 19523,raw_materials,2,Transliterated Hindi,1,True
cement mangaaya rs 35185,raw_materials,2,Transliterated Hindi,1,True
kapda kharida rs 17973,raw_materials,2,Transliterated Hindi,1,True
kapda kharida rs 10667,raw_materials,2,Transliterated Hindi,1,True
steel kharida rs 30412,raw_materials,2,Transliterated Hindi,1,True
steel kharida rs 36987,raw_materials,2,Transliterated Hindi,1,True
wood mangaaya rs 2804,raw_materials,2,Transliterated Hindi,1,True
chemical liya rs 39518,raw_materials,2,Transliterated Hindi,1,True
packing material rs 13390,raw_materials,2,Transliterated Hindi,1,True
wood mangaaya rs 48406,raw_materials,2,Transliterated Hindi,1,True
packing material rs 20993,raw_materials,2,Transliterated Hindi,1,True
steel kharida rs 20737,raw_materials,2,Transliterated Hindi,1,True
kapda kharida rs 43676,raw_materials,2,Transliterated Hindi,1,True
packing material rs 8919,raw_materials,2,Transliterated Hindi,1,True
packing material rs 40932,raw_materials,2,Transliterated Hindi,1,True
chemical liya rs 25475,raw_materials,2,Transliterated Hindi,1,True
packing material rs 31223,raw_materials,2,Transliterated Hindi,1,True
packing material rs 5346,raw_materials,2,Transliterated Hindi,1,True
wood mangaaya rs 41448,raw_materials,2,Transliterated Hindi,1,True
kapda kharida rs 44498,raw_materials,2,Transliterated Hindi,1,True
wood mangaaya rs 36495,raw_materials,2,Transliterated Hindi,1,True
wood mangaaya rs 33619,raw_materials,2,Transliterated Hindi,1,True
steel kharida rs 41694,raw_materials,2,Transliterated Hindi,1,True
packing material rs 29156,raw_materials,2,Transliterated Hindi,1,True
kapda kharida rs 42128,raw_materials,2,Transliterated Hindi,1,True
steel kharida rs 43412,raw_materials,2,Transliterated Hindi,1,True
wood mangaaya rs 12844,raw_materials,2,Transliterated Hindi,1,True
wood mangaaya rs 49099,raw_materials,2,Transliterated Hindi,1,True
steel kharida rs 555,raw_materials,2,Transliterated Hindi,1,True
steel kharida rs 24301,raw_materials,2,Transliterated Hindi,1,True
chemical liya rs 17735,raw_materials,2,Transliterated Hindi,1,True
steel kharida rs 48492,raw_materials,2,Transliterated Hindi,1,True
packing material rs 33540,raw_materials,2,Transliterated Hindi,1,True
chemical liya rs 28780,raw_materials,2,Transliterated Hindi,1,True
kapda kharida rs 8862,raw_materials,2,Transliterated Hindi,1,True
steel kharida rs 9384,raw_materials,2,Transliterated Hindi,1,True
chemical liya rs 8907,raw_materials,2,Transliterated Hindi,1,True
packing material rs 48016,raw_materials,2,Transliterated Hindi,1,True
steel kharida rs 2803,raw_materials,2,Transliterated Hindi,1,True
wood mangaaya rs 31631,raw_materials,2,Transliterated Hindi,1,True
cement mangaaya rs 25961,raw_materials,2,Transliterated Hindi,1,True
cement mangaaya rs 7065,raw_materials,2,Transliterated Hindi,1,True
packing material rs 102B6,raw_materials,2,Transliterated Hindi,1,True
cement mangaaya rs 24394,raw_materials,2,Transliterated Hindi,1,True
cement mangaaya rs 24202,raw_materials,2,Transliterated Hindi,1,True
packing material rs 46170,raw_materials,2,Transliterated Hindi,1,True
wood mangaaya rs 28776,raw_materials,2,Transliterated Hindi,1,True
steel kharida rs 1056,raw_materials,2,Transliterated Hindi,1,True
chemical liya rs 16656,raw_materials,2,Transliterated Hindi,1,True
wood mangaaya rs 25642,raw_materials,2,Transliterated Hindi,1,True
steel kharida rs 34608,raw_materials,2,Transliterated Hindi,1,True
kapda kharida rs 5467,raw_materials,2,Transliterated Hindi,1,True
kapda kharida rs 19909,raw_materials,2,Transliterated Hindi,1,True
chemical liya rs 47963,raw_materials,2,Transliterated Hindi,1,True
cement mangaaya rs 39458,raw_materials,2,Transliterated Hindi,1,True
steel kharida rs 14931,raw_materials,2,Transliterated Hindi,1,True
cement mangaaya rs 18463,raw_materials,2,Transliterated Hindi,1,True
wood mangaaya rs 39653,raw_materials,2,Transliterated Hindi,1,True
steel kharida rs 5291,raw_materials,2,Transliterated Hindi,1,True
chemical liya rs 3703,raw_materials,2,Transliterated Hindi,1,True
steel kharida rs 14978,raw_materials,2,Transliterated Hindi,1,True
wood mangaaya rs 25604,raw_materials,2,Transliterated Hindi,1,True
wood mangaaya rs 1105,raw_materials,2,Transliterated Hindi,1,True
wood mangaaya rs 5219,raw_materials,2,Transliterated Hindi,1,True
wood mangaaya rs 49068,raw_materials,2,Transliterated Hindi,1,True
chemical liya rs 30462,raw_materials,2,Transliterated Hindi,1,True
kapda kharida rs 8068,raw_materials,2,Transliterated Hindi,1,True
chemical liya rs 20884,raw_materials,2,Transliterated Hindi,1,True
cement mangaaya rs 10545,raw_materials,2,Transliterated Hindi,1,True
chemical liya rs 37364,raw_materials,2,Transliterated Hindi,1,True
kapda kharida rs 11977,raw_materials,2,Transliterated Hindi,1,True
chemical liya rs 14346,raw_materials,2,Transliterated Hindi,1,True
chemical liya rs 23789,raw_materials,2,Transliterated Hindi,1,True
packing material rs 38547,raw_materials,2,Transliterated Hindi,1,True
wood mangaaya rs 10433,raw_materials,2,Transliterated Hindi,1,True
cement mangaaya rs 46050,raw_materials,2,Transliterated Hindi,1,True
પેઇન્ટ રૂ 23913,raw_materials,2,Gujarati,2,True
સ્ટીલ રૂ 41263,raw_materials,2,Gujarati,2,True
સ્ટીલ રૂ 39491,raw_materials,2,Gujarati,2,True
કેમિકલ રૂ 5935,raw_materials,2,Gujarati,2,True
કાપડ રૂ 3582,raw_materials,2,Gujarati,2,True
પેકિંગ સામગ્રી રૂ 43743,raw_materials,2,Gujarati,2,True
પેઇન્ટ રૂ 15527,raw_materials,2,Gujarati,2,True
પેઇન્ટ રૂ 31698,raw_materials,2,Gujarati,2,True
કેમિકલ રૂ 32271,raw_materials,2,Gujarati,2,True
પેકિંગ સામગ્રી રૂ 43107,raw_materials,2,Gujarati,2,True
સ્ટીલ રૂ 23494,raw_materials,2,Gujarati,2,True
લાકડું રૂ 12584,raw_materials,2,Gujarati,2,True
સ્ટીલ રૂ 28943,raw_materials,2,Gujarati,2,True
કેમિકલ રૂ 18575,raw_materials,2,Gujarati,2,True
સિમેન્ટ રૂ 36526,raw_materials,2,Gujarati,2,True
લાકડું રૂ 2975,raw_materials,2,Gujarati,2,True
લાકડું રૂ 27010,raw_materials,2,Gujarati,2,True
સ્ટીલ રૂ 14682,raw_materials,2,Gujarati,2,True
પેકિંગ સામગ્રી રૂ 5227,raw_materials,2,Gujarati,2,True
કાચો માલ રૂ 18816,raw_materials,2,Gujarati,2,True
સ્ટીલ રૂ 10137,raw_materials,2,Gujarati,2,True
સ્ટીલ રૂ 1316,raw_materials,2,Gujarati,2,True
સ્ટીલ રૂ 2712,raw_materials,2,Gujarati,2,True
કાપડ રૂ 23284,raw_materials,2,Gujarati,2,True
પેકિંગ સામગ્રી રૂ 26130,raw_materials,2,Gujarati,2,True
કાપડ રૂ 30866,raw_materials,2,Gujarati,2,True
કેમિકલ રૂ 16267,raw_materials,2,Gujarati,2,True
કાપડ રૂ 42084,raw_materials,2,Gujarati,2,True
સિમેન્ટ રૂ 44280,raw_materials,2,Gujarati,2,True
લાકડું રૂ 47351,raw_materials,2,Gujarati,2,True
કાપડ રૂ 3857S,raw_materials,2,Gujarati,2,True
સિમેન્ટ રૂ 30972,raw_materials,2,Gujarati,2,True
કેમિકલ રૂ 37029,raw_materials,2,Gujarati,2,True
પેકિંગ સામગ્રી રૂ 14633,raw_materials,2,Gujarati,2,True
કાપડ રૂ 29211,raw_materials,2,Gujarati,2,True
કેમિકલ રૂ 12326,raw_materials,2,Gujarati,2,True
કાપડ રૂ 4670,raw_materials,2,Gujarati,2,True
કાપડ રૂ 2065,raw_materials,2,Gujarati,2,True
સ્ટીલ રૂ 22863,raw_materials,2,Gujarati,2,True
કેમિકલ રૂ 661,raw_materials,2,Gujarati,2,True
પેઇન્ટ રૂ 3649,raw_materials,2,Gujarati,2,True
લાકડું રૂ 37092,raw_materials,2,Gujarati,2,True
કાપડ રૂ 5908,raw_materials,2,Gujarati,2,True
પેકિંગ સામગ્રી રૂ 23776,raw_materials,2,Gujarati,2,True
કેમિકલ રૂ 23576,raw_materials,2,Gujarati,2,True
પેકિંગ સામગ્રી રૂ 16588,raw_materials,2,Gujarati,2,True
સિમેન્ટ રૂ 25577,raw_materials,2,Gujarati,2,True
સ્ટીલ રૂ 26287,raw_materials,2,Gujarati,2,True
પેકિંગ સામગ્રી રૂ 12968,raw_materials,2,Gujarati,2,True
લાકડું રૂ 35355,raw_materials,2,Gujarati,2,True
કાચો માલ રૂ 15748,raw_materials,2,Gujarati,2,True
લાકડું રૂ 12857,raw_materials,2,Gujarati,2,True
લાકડું રૂ 29340,raw_materials,2,Gujarati,2,True
કેમિકલ રૂ 48573,raw_materials,2,Gujarati,2,True
પેઇન્ટ રૂ 21923,raw_materials,2,Gujarati,2,True
પેઇન્ટ રૂ 16674,raw_materials,2,Gujarati,2,True
પેકિંગ સામગ્રી રૂ 25197,raw_materials,2,Gujarati,2,True
કાપડ રૂ 43520,raw_materials,2,Gujarati,2,True
પેઇન્ટ રૂ 38891,raw_materials,2,Gujarati,2,True
કાપડ રૂ 49572,raw_materials,2,Gujarati,2,True
લાકડું રૂ 4080,raw_materials,2,Gujarati,2,True
લાકડું રૂ 11631,raw_materials,2,Gujarati,2,True
લાકડું રૂ 16515,raw_materials,2,Gujarati,2,True
સ્ટીલ રૂ 41438,raw_materials,2,Gujarati,2,True
પેઇન્ટ રૂ 40426,raw_materials,2,Gujarati,2,True
સિમેન્ટ રૂ 34712,raw_materials,2,Gujarati,2,True
પેઇન્ટ રૂ 39957,raw_materials,2,Gujarati,2,True
કાપડ રૂ 15888,raw_materials,2,Gujarati,2,True
પેકિંગ સામગ્રી રૂ 4395,raw_materials,2,Gujarati,2,True
સ્ટીલ રૂ 40805,raw_materials,2,Gujarati,2,True
પેઇન્ટ રૂ 30558,raw_materials,2,Gujarati,2,True
પેઇન્ટ રૂ 25135,raw_materials,2,Gujarati,2,True
સ્ટીલ રૂ 12876,raw_materials,2,Gujarati,2,True
પેકિંગ સામગ્રી રૂ 37369,raw_materials,2,Gujarati,2,True
પેઇન્ટ રૂ 7865,raw_materials,2,Gujarati,2,True
પેઇન્ટ રૂ 24187,raw_materials,2,Gujarati,2,True
કાપડ રૂ 30947,raw_materials,2,Gujarati,2,True
કાપડ રૂ 35595,raw_materials,2,Gujarati,2,True
પેકિંગ સામગ્રી રૂ 6347,raw_materials,2,Gujarati,2,True
કાચો માલ રૂ 9498,raw_materials,2,Gujarati,2,True
કાપડ રૂ 37074,raw_materials,2,Gujarati,2,True
સિમેન્ટ રૂ 3294,raw_materials,2,Gujarati,2,True
પેકિંગ સામગ્રી રૂ 10533,raw_materials,2,Gujarati,2,True
સિમેન્ટ રૂ 26519,raw_materials,2,Gujarati,2,True
પેઇન્ટ રૂ 28195,raw_materials,2,Gujarati,2,True
કાચો માલ રૂ 15184,raw_materials,2,Gujarati,2,True
કાચો માલ રૂ 8317,raw_materials,2,Gujarati,2,True
લાકડું રૂ 22945,raw_materials,2,Gujarati,2,True
લાકડું રૂ S660,raw_materials,2,Gujarati,2,True
કાચો માલ રૂ 30450,raw_materials,2,Gujarati,2,True
પેઇન્ટ રૂ 17740,raw_materials,2,Gujarati,2,True
કાપડ રૂ 17442,raw_materials,2,Gujarati,2,True
પેકિંગ સામગ્રી રૂ 23455,raw_materials,2,Gujarati,2,True
સ્ટીલ રૂ 14315,raw_materials,2,Gujarati,2,True
પેકિંગ સામગ્રી રૂ 9902,raw_materials,2,Gujarati,2,True
સિમેન્ટ રૂ 42421,raw_materials,2,Gujarati,2,True
કેમિકલ રૂ 8084,raw_materials,2,Gujarati,2,True
પેકિંગ સામગ્રી રૂ 27408,raw_materials,2,Gujarati,2,True
સિમેન્ટ રૂ 24179,raw_materials,2,Gujarati,2,True
સ્ટીલ રૂ 48481,raw_materials,2,Gujarati,2,True
કાપડ રૂ 46035,raw_materials,2,Gujarati,2,True
સ્ટીલ રૂ 24162,raw_materials,2,Gujarati,2,True
કાચો માલ રૂ 27960,raw_materials,2,Gujarati,2,True
કેમિકલ રૂ 25470,raw_materials,2,Gujarati,2,True
લાકડું રૂ 38739,raw_materials,2,Gujarati,2,True
પેકિંગ સામગ્રી રૂ 28035,raw_materials,2,Gujarati,2,True
કાપડ રૂ 48978,raw_materials,2,Gujarati,2,True
લાકડું રૂ 18507,raw_materials,2,Gujarati,2,True
પેકિંગ સામગ્રી રૂ 32616,raw_materials,2,Gujarati,2,True
પેકિંગ સામગ્રી રૂ 21877,raw_materials,2,Gujarati,2,True
કાપડ રૂ 45861,raw_materials,2,Gujarati,2,True
સિમેન્ટ રૂ 44293,raw_materials,2,Gujarati,2,True
પેઇન્ટ રૂ 27491,raw_materials,2,Gujarati,2,True
સિમેન્ટ રૂ 28957,raw_materials,2,Gujarati,2,True
પેકિંગ સામગ્રી રૂ 28496,raw_materials,2,Gujarati,2,True
સિમેન્ટ રૂ 39826,raw_materials,2,Gujarati,2,True
કેમિકલ રૂ 39874,raw_materials,2,Gujarati,2,True
કેમિકલ રૂ 47689,raw_materials,2,Gujarati,2,True
કાચો માલ રૂ 38288,raw_materials,2,Gujarati,2,True
સિમેન્ટ રૂ 25778,raw_materials,2,Gujarati,2,True
પેઇન્ટ રૂ 21748,raw_materials,2,Gujarati,2,True
કાપડ રૂ 5717,raw_materials,2,Gujarati,2,True
પેઇન્ટ રૂ 24772,raw_materials,2,Gujarati,2,True
પેઇન્ટ રૂ 40453,raw_materials,2,Gujarati,2,True
કાપડ રૂ 41000,raw_materials,2,Gujarati,2,True
પેકિંગ સામગ્રી રૂ 37606,raw_materials,2,Gujarati,2,True
સ્ટીલ રૂ 44002,raw_materials,2,Gujarati,2,True
સિમેન્ટ રૂ 39716,raw_materials,2,Gujarati,2,True
પેકિંગ સામગ્રી રૂ 13095,raw_materials,2,Gujarati,2,True
સિમેન્ટ રૂ 38323,raw_materials,2,Gujarati,2,True
લાકડું રૂ 43495,raw_materials,2,Gujarati,2,True
કાચો માલ રૂ 17576,raw_materials,2,Gujarati,2,True
સ્ટીલ રૂ 24742,raw_materials,2,Gujarati,2,True
સિમેન્ટ રૂ 24686,raw_materials,2,Gujarati,2,True
પેકિંગ સામગ્રી રૂ 20291,raw_materials,2,Gujarati,2,True
કેમિકલ રૂ 25658,raw_materials,2,Gujarati,2,True
કેમિકલ રૂ 446S0,raw_materials,2,Gujarati,2,True
પેકિંગ સામગ્રી રૂ 35966,raw_materials,2,Gujarati,2,True
પેઇન્ટ રૂ 36748,raw_materials,2,Gujarati,2,True
કાચો માલ રૂ 34288,raw_materials,2,Gujarati,2,True
કાચો માલ રૂ 25577,raw_materials,2,Gujarati,2,True
સ્ટીલ રૂ 39507,raw_materials,2,Gujarati,2,True
કાપડ રૂ 36005,raw_materials,2,Gujarati,2,True
સિમેન્ટ રૂ 25315,raw_materials,2,Gujarati,2,True
કાચો માલ રૂ 42895,raw_materials,2,Gujarati,2,True
કેમિકલ રૂ 29693,raw_materials,2,Gujarati,2,True
સિમેન્ટ રૂ 6754,raw_materials,2,Gujarati,2,True
સ્ટીલ રૂ 17011,raw_materials,2,Gujarati,2,True
કાપડ રૂ 40244,raw_materials,2,Gujarati,2,True
પેઇન્ટ રૂ 21997,raw_materials,2,Gujarati,2,True
કેમિકલ રૂ 4458,raw_materials,2,Gujarati,2,True
કાચો માલ રૂ 25441,raw_materials,2,Gujarati,2,True
કેમિકલ રૂ 47822,raw_materials,2,Gujarati,2,True
લાકડું રૂ 23636,raw_materials,2,Gujarati,2,True
કાચો માલ રૂ 12249,raw_materials,2,Gujarati,2,True
પેકિંગ સામગ્રી રૂ 19586,raw_materials,2,Gujarati,2,True
કાપડ રૂ 5276,raw_materials,2,Gujarati,2,True
સ્ટીલ રૂ 16789,raw_materials,2,Gujarati,2,True
પેકિંગ સામગ્રી રૂ 7392,raw_materials,2,Gujarati,2,True
પેકિંગ સામગ્રી રૂ 10042,raw_materials,2,Gujarati,2,True
પેકિંગ સામગ્રી રૂ 5150,raw_materials,2,Gujarati,2,True
કાચો માલ રૂ 18928,raw_materials,2,Gujarati,2,True
પેઇન્ટ રૂ 21978,raw_materials,2,Gujarati,2,True
પેઇન્ટ રૂ 46191,raw_materials,2,Gujarati,2,True
પેઇન્ટ રૂ 12446,raw_materials,2,Gujarati,2,True
કાપડ રૂ 5457,raw_materials,2,Gujarati,2,True
સ્ટીલ રૂ 14942,raw_materials,2,Gujarati,2,True
સિમેન્ટ રૂ 37752,raw_materials,2,Gujarati,2,True
પેઇન્ટ રૂ 29780,raw_materials,2,Gujarati,2,True
કાપડ રૂ 29554,raw_materials,2,Gujarati,2,True
પેઇન્ટ રૂ 43012,raw_materials,2,Gujarati,2,True
સ્ટીલ રૂ 49236,raw_materials,2,Gujarati,2,True
કાચો માલ રૂ 43099,raw_materials,2,Gujarati,2,True
લાકડું રૂ 49831,raw_materials,2,Gujarati,2,True
પેકિંગ સામગ્રી રૂ 43942,raw_materials,2,Gujarati,2,True
સ્ટીલ રૂ 43097,raw_materials,2,Gujarati,2,True
લાકડું રૂ 17046,raw_materials,2,Gujarati,2,True
લાકડું રૂ 6085,raw_materials,2,Gujarati,2,True
સ્ટીલ રૂ 14350,raw_materials,2,Gujarati,2,True
સિમેન્ટ રૂ 22194,raw_materials,2,Gujarati,2,True
લાકડું રૂ 47180,raw_materials,2,Gujarati,2,True
કેમિકલ રૂ l5776,raw_materials,2,Gujarati,2,True
પેઇન્ટ રૂ 44621,raw_materials,2,Gujarati,2,True
કાચો માલ રૂ 20438,raw_materials,2,Gujarati,2,True
કેમિકલ રૂ 27412,raw_materials,2,Gujarati,2,True
સિમેન્ટ રૂ 38687,raw_materials,2,Gujarati,2,True
સ્ટીલ રૂ 18749,raw_materials,2,Gujarati,2,True
પેકિંગ સામગ્રી રૂ 35393,raw_materials,2,Gujarati,2,True
કાપડ રૂ 22345,raw_materials,2,Gujarati,2,True
કાચો માલ રૂ 12552,raw_materials,2,Gujarati,2,True
કાપડ રૂ 47200,raw_materials,2,Gujarati,2,True
કાપડ રૂ 14579,raw_materials,2,Gujarati,2,True
પેકિંગ સામગ્રી રૂ 42359,raw_materials,2,Gujarati,2,True
લાકડું રૂ 15351,raw_materials,2,Gujarati,2,True
પેકિંગ સામગ્રી રૂ 46626,raw_materials,2,Gujarati,2,True
કેમિકલ રૂ 7887,raw_materials,2,Gujarati,2,True
સિમેન્ટ રૂ 269,raw_materials,2,Gujarati,2,True
સિમેન્ટ રૂ 13277,raw_materials,2,Gujarati,2,True
સ્ટીલ રૂ 34757,raw_materials,2,Gujarati,2,True
પેકિંગ સામગ્રી રૂ 39580,raw_materials,2,Gujarati,2,True
પેઇન્ટ રૂ 40586,raw_materials,2,Gujarati,2,True
કેમિકલ રૂ 37016,raw_materials,2,Gujarati,2,True
લાકડું રૂ 17240,raw_materials,2,Gujarati,2,True
કાપડ રૂ 37478,raw_materials,2,Gujarati,2,True
લાકડું રૂ 49900,raw_materials,2,Gujarati,2,True
કાપડ રૂ 18991,raw_materials,2,Gujarati,2,True
પેઇન્ટ રૂ 32543,raw_materials,2,Gujarati,2,True
પેકિંગ સામગ્રી રૂ 37780,raw_materials,2,Gujarati,2,True
કેમિકલ રૂ 6757,raw_materials,2,Gujarati,2,True
પેઇન્ટ રૂ 7000,raw_materials,2,Gujarati,2,True
કાચો માલ રૂ 31240,raw_materials,2,Gujarati,2,True
સ્ટીલ રૂ 2033,raw_materials,2,Gujarati,2,True
સ્ટીલ રૂ 25296,raw_materials,2,Gujarati,2,True
કાચો માલ રૂ 17736,raw_materials,2,Gujarati,2,True
પેકિંગ સામગ્રી રૂ 34927,raw_materials,2,Gujarati,2,True
કાપડ રૂ 2168,raw_materials,2,Gujarati,2,True
સ્ટીલ રૂ 29675,raw_materials,2,Gujarati,2,True
કાપડ રૂ 40035,raw_materials,2,Gujarati,2,True
કાપડ રૂ 16319,raw_materials,2,Gujarati,2,True
સ્ટીલ રૂ 34872,raw_materials,2,Gujarati,2,True
કાપડ રૂ 21006,raw_materials,2,Gujarati,2,True
પેઇન્ટ રૂ 24717,raw_materials,2,Gujarati,2,True
સિમેન્ટ રૂ 249B7,raw_materials,2,Gujarati,2,True
કેમિકલ રૂ 48594,raw_materials,2,Gujarati,2,True
પેકિંગ સામગ્રી રૂ 48124,raw_materials,2,Gujarati,2,True
કાચો માલ રૂ 28269,raw_materials,2,Gujarati,2,True
પેઇન્ટ રૂ 21761,raw_materials,2,Gujarati,2,True
કેમિકલ રૂ 24624,raw_materials,2,Gujarati,2,True
કાપડ રૂ 45509,raw_materials,2,Gujarati,2,True
કાપડ રૂ 20601,raw_materials,2,Gujarati,2,True
લાકડું રૂ 6403,raw_materials,2,Gujarati,2,True
કાચો માલ રૂ 29453,raw_materials,2,Gujarati,2,True
પેકિંગ સામગ્રી રૂ 40236,raw_materials,2,Gujarati,2,True
કાચો માલ રૂ 47711,raw_materials,2,Gujarati,2,True
પેઇન્ટ રૂ 2B694,raw_materials,2,Gujarati,2,True
લાકડું રૂ 582,raw_materials,2,Gujarati,2,True
પેઇન્ટ રૂ 34307,raw_materials,2,Gujarati,2,True
કાપડ રૂ 11933,raw_materials,2,Gujarati,2,True
કાચો માલ રૂ 29890,raw_materials,2,Gujarati,2,True
સ્ટીલ રૂ 14492,raw_materials,2,Gujarati,2,True
કાપડ રૂ 4781,raw_materials,2,Gujarati,2,True
સિમેન્ટ રૂ 2100,raw_materials,2,Gujarati,2,True
લાકડું રૂ 10704,raw_materials,2,Gujarati,2,True
પેકિંગ સામગ્રી રૂ 20754,raw_materials,2,Gujarati,2,True
કાચો માલ રૂ 29013,raw_materials,2,Gujarati,2,True
પેકિંગ સામગ્રી રૂ 16918,raw_materials,2,Gujarati,2,True
લાકડું રૂ 19460,raw_materials,2,Gujarati,2,True
કાપડ રૂ 46655,raw_materials,2,Gujarati,2,True
પેઇન્ટ રૂ 21084,raw_materials,2,Gujarati,2,True
સિમેન્ટ રૂ 8749,raw_materials,2,Gujarati,2,True
Copper wire 16 swg 47 kg Rs 217124,raw_materials,2,Code-mixed Hindi-English,3,True
Cotton fabric First grade 42m Rs 477459,raw_materials,2,Code-mixed Hindi-English,3,True
Paper roll 80gsm 16 kg Rs 24538,raw_materials,2,Code-mixed Hindi-English,3,True
Fertilizer B 28 bag,raw_materials,2,Code-mixed Hindi-English,3,True
Sugar Industrial 46 kg bulk,raw_materials,2,Code-mixed Hindi-English,3,True
Sugar A 3 kg bulk,raw_materials,2,Code-mixed Hindi-English,3,True
Dye Grey 50 kg industrial Rs 16855,raw_materials,2,Code-mixed Hindi-English,3,True
Packaging boxes corrugated 17 pcs Rs 21458,raw_materials,2,Code-mixed Hindi-English,3,True
Timber wood Sal 42cft,raw_materials,2,Code-mixed Hindi-English,3,True
Rubber Cumin raw material,raw_materials,2,Code-mixed Hindi-English,3,True
Sand fine 23 ton truck Rs 126831,raw_materials,2,Code-mixed Hindi-English,3,True
Wheat grain Standard 2 quintal,raw_materials,2,Code-mixed Hindi-English,3,True
Bricks 35 thousand Rs 38549,raw_materials,2,Code-mixed Hindi-English,3,True
Dye Green 6 kg industrial,raw_materials,2,Code-mixed Hindi-English,3,True
Dye Blue 1 kg industrial,raw_materials,2,Code-mixed Hindi-English,3,True
Glass sheet 8mm 28 sqft,raw_materials,2,Code-mixed Hindi-English,3,True
Sand fine 39 ton truck,raw_materials,2,Code-mixed Hindi-English,3,True
Glass sheet 10mm 5 sqft Rs 166580,raw_materials,2,Code-mixed Hindi-English,3,True
Thread polyester 100d 21 kg,raw_materials,2,Code-mixed Hindi-English,3,True
Thread polyester 70d 31 kg,raw_materials,2,Code-mixed Hindi-English,3,True
Aluminum sheet 20mm 49 sheet,raw_materials,2,Code-mixed Hindi-English,3,True
Paint Berger Brown 29ltr Rs 1836,raw_materials,2,Code-mixed Hindi-English,3,True
Copper wire 14 swg 47 kg,raw_materials,2,Code-mixed Hindi-English,3,True
Leather Sesame 9sqft Rs 186362,raw_materials,2,Code-mixed Hindi-English,3,True
Glass sheet 5mm 43 sqft,raw_materials,2,Code-mixed Hindi-English,3,True
Dye Yellow 17 kg industrial,raw_materials,2,Code-mixed Hindi-English,3,True
Chemical Caustic Soda 11ltr,raw_materials,2,Code-mixed Hindi-English,3,True
Plastic granules Standard grade Rs 40814,raw_materials,2,Code-mixed Hindi-English,3,True
Crush stone aggregate 10mm,raw_materials,2,Code-mixed Hindi-English,3,True
Paper roll 200gsm 48 kg Rs 327954,raw_materials,2,Code-mixed Hindi-English,3,True
Copper wire 18 swg 39 kg,raw_materials,2,Code-mixed Hindi-English,3,True
Leather Cumin 48sqft,raw_materials,2,Code-mixed Hindi-English,3,True
Thread polyester 30d 2B kg,raw_materials,2,Code-mixed Hindi-English,3,True
Paint SRF Blue 9ltr,raw_materials,2,Code-mixed Hindi-English,3,True
Steel rod 25mm 41 ton Rs 348305,raw_materials,2,Code-mixed Hindi-English,3,True
Dye Grey 42 kg industrial,raw_materials,2,Code-mixed Hindi-English,3,True
Stee1 rod 10mm 30 ton,raw_materials,2,Code-mixed Hindi-English,3,True
Bricks 12 thousand,raw_materials,2,Code-mixed Hindi-English,3,True
Sand fine 10 ton truck,raw_materials,2,Code-mixed Hindi-English,3,True
Packaging boxes corrugated 24 pcs,raw_materials,2,Code-mixed Hindi-English,3,True
Sand fine 41 ton truck,raw_materials,2,Code-mixed Hindi-English,3,True
Cement SRF 3 bag,raw_materials,2,Code-mixed Hindi-English,3,True
Spices Teak ground 43 kg Rs 51644,raw_materials,2,Code-mixed Hindi-English,3,True
Steel rod 10mm 25 ton Rs 219010,raw_materials,2,Code-mixed Hindi-English,3,True
Spices Turmeric ground 48 kg Rs 96749,raw_materials,2,Code-mixed Hindi-English,3,True
Paint Ultratech Yellow 37ltr,raw_materials,2,Code-mixed Hindi-English,3,True
Fertilizer Premium 19 bag Rs 2148,raw_materials,2,Code-mixed Hindi-English,3,True
Sugar Premium 2 kg bulk Rs 154515,raw_materials,2,Code-mixed Hindi-English,3,True
Leather Turmeric 35sqft Rs 2313,raw_materials,2,Code-mixed Hindi-English,3,True
Glass sheet 10mm 44 sqft,raw_materials,2,Code-mixed Hindi-English,3,True
Paint JSW Red 18ltr,raw_materials,2,Code-mixed Hindi-English,3,True
Bricks 27 thousand,raw_materials,2,Code-mixed Hindi-English,3,True
Timber wood Mustard 50cft,raw_materials,2,Code-mixed Hindi-English,3,True
Chemical Methanol 1ltr,raw_materials,2,Code-mixed Hindi-English,3,True
Glass sheet 4mm 19 sqft Rs 58537,raw_materials,2,Code-mixed Hindi-English,3,True
Plastic granules Standard grade Rs 116148,raw_materials,2,Code-mixed Hindi-English,3,True
Cotton fabric First grade 37m,raw_materials,2,Code-mixed Hindi-English,3,True
Timber wood Sesame 38cft Rs 164793,raw_materials,2,Code-mixed Hindi-English,3,True
Crush stone aggregate 12mm Rs 5985,raw_materials,2,Code-mixed Hindi-English,3,True
Dye Green 23 kg industrial Rs 7072,raw_materials,2,Code-mixed Hindi-English,3,True
Leather Red Chili 15sqft Rs 231662,raw_materials,2,Code-mixed Hindi-English,3,True
Rubber Mahogany raw material,raw_materials,2,Code-mixed Hindi-English,3,True
Fertilizer B 4 bag Rs 41874,raw_materials,2,Code-mixed Hindi-English,3,True
Cement Ultratech 43 bag,raw_materials,2,Code-mixed Hindi-English,3,True
Wheat grain A 14 quintal Rs 179679,raw_materials,2,Code-mixed Hindi-English,3,True
Bricks 1 thousand,raw_materials,2,Code-mixed Hindi-English,3,True
Timber wood Turmeric 27cft,raw_materials,2,Code-mixed Hindi-English,3,True
Chemical Hydrochloric Acid 21ltr Rs 473610,raw_materials,2,Code-mixed Hindi-English,3,True
Aluminum sheet 16mm 36 sheet,raw_materials,2,Code-mixed Hindi-English,3,True
Plastic granules Industrial grade,raw_materials,2,Code-mixed Hindi-English,3,True
Cement Ambuja 31 bag,raw_materials,2,Code-mixed Hindi-English,3,True
Spices Mustard ground 18 kg,raw_materials,2,Code-mixed Hindi-English,3,True
Leather Mustard 38sqft Rs 41352,raw_materials,2,Code-mixed Hindi-English,3,True
Fertilizer Standard 15 bag Rs 57506,raw_materials,2,Code-mixed Hindi-English,3,True
Chemical Acetone 11ltr,raw_materials,2,Code-mixed Hindi-English,3,True
Crush stone aggregate 32mm,raw_materials,2,Code-mixed Hindi-English,3,True
Cement Tata Steel 20 bag,raw_materials,2,Code-mixed Hindi-English,3,True
Sugar Industrial 30 kg bulk,raw_materials,2,Code-mixed Hindi-English,3,True
Spices Pine ground 44 kg,raw_materials,2,Code-mixed Hindi-English,3,True
Sugar Standard 43 kg bulk,raw_materials,2,Code-mixed Hindi-English,3,True
Paper roll 70gsm 18 kg Rs 406174,raw_materials,2,Code-mixed Hindi-English,3,True
Crush stone aggregate 12mm Rs 391804,raw_materials,2,Code-mixed Hindi-English,3,True
Thread polyester 100d 4 kg,raw_materials,2,Code-mixed Hindi-English,3,True
Thread polyester 300d 3 kg Rs 25639,raw_materials,2,Code-mixed Hindi-English,3,True
Edible oil refined 10 ltr Rs 41415,raw_materials,2,Code-mixed Hindi-English,3,True
PVC pipe 2inch 50 meter Rs 12963,raw_materials,2,Code-mixed Hindi-English,3,True
Paper roll 70gsm 23 kg Rs 12537,raw_materials,2,Code-mixed Hindi-English,3,True
Timber wood Sal 27cft,raw_materials,2,Code-mixed Hindi-English,3,True
Thread polyester 300d 20 kg,raw_materials,2,Code-mixed Hindi-English,3,True
Chemical Glycerin 39ltr,raw_materials,2,Code-mixed Hindi-English,3,True
PVC pipe 4inch 38 meter,raw_materials,2,Code-mixed Hindi-English,3,True
PVC pipe 1inch 16 meter,raw_materials,2,Code-mixed Hindi-English,3,True
Rubber Mustard raw material,raw_materials,2,Code-mixed Hindi-English,3,True
Edible oil refined 20 ltr,raw_materials,2,Code-mixed Hindi-English,3,True
Plastic granules Excellent grade,raw_materials,2,Code-mixed Hindi-English,3,True
Cotton fabric Standard grade 16m,raw_materials,2,Code-mixed Hindi-English,3,True
Chemical Sulfuric Acid 1ltr Rs 152836,raw_materials,2,Code-mixed Hindi-English,3,True
Spices Teak ground 42 kg Rs 6093,raw_materials,2,Code-mixed Hindi-English,3,True
Bricks 34 thousand Rs 341341,raw_materials,2,Code-mixed Hindi-English,3,True
Chemical Ethanol 49ltr Rs 340817,raw_materials,2,Code-mixed Hindi-English,3,True
PVC pipe 6inch 7 meter,raw_materials,2,Code-mixed Hindi-English,3,True
Sand fine 11 ton truck,raw_materials,2,Code-mixed Hindi-English,3,True
Chemical Hydrochloric Acid 13ltr,raw_materials,2,Code-mixed Hindi-English,3,True
Packaging boxes corrugated 12 pcs Rs 46821,raw_materials,2,Code-mixed Hindi-English,3,True
Crush stone aggregate 25mm Rs 17140,raw_materials,2,Code-mixed Hindi-English,3,True
Sand fine 33 ton truck Rs 293157,raw_materials,2,Code-mixed Hindi-English,3,True
Rubber Pine raw material Rs 48376,raw_materials,2,Code-mixed Hindi-English,3,True
Spices Turmeric ground 32 kg,raw_materials,2,Code-mixed Hindi-English,3,True
Leather Sal 22sqft,raw_materials,2,Code-mixed Hindi-English,3,True
Glass sheet 5mm 45 sqft,raw_materials,2,Code-mixed Hindi-English,3,True
Paper roll 70gsm 19 kg,raw_materials,2,Code-mixed Hindi-English,3,True
Dye White 39 kg industrial,raw_materials,2,Code-mixed Hindi-English,3,True
Rubber Red Chili raw material Rs 152935,raw_materials,2,Code-mixed Hindi-English,3,True
Wheat grain Industrial 26 quintal,raw_materials,2,Code-mixed Hindi-English,3,True
Timber wood Red Chili 10cft,raw_materials,2,Code-mixed Hindi-English,3,True
Rubber Cumin raw material Rs 3785,raw_materials,2,Code-mixed Hindi-English,3,True
PVC pipe 3inch 6 meter,raw_materials,2,Code-mixed Hindi-English,3,True
Plastic granules A grade,raw_materials,2,Code-mixed Hindi-English,3,True
Rubber Teak raw material,raw_materials,2,Code-mixed Hindi-English,3,True
Spices Sesame ground 1 kg Rs 27885,raw_materials,2,Code-mixed Hindi-English,3,True
Aluminum sheet 26mm 44 sheet,raw_materials,2,Code-mixed Hindi-English,3,True
Aluminum sheet 24mm 6 sheet Rs 1867,raw_materials,2,Code-mixed Hindi-English,3,True
Timber wood Turmeric 42cft,raw_materials,2,Code-mixed Hindi-English,3,True
Crush stone aggregate 8mm,raw_materials,2,Code-mixed Hindi-English,3,True
Wheat grain A 1 quintal Rs 37392,raw_materials,2,Code-mixed Hindi-English,3,True
Rubber Pine raw material,raw_materials,2,Code-mixed Hindi-English,3,True
Paint Reliance Black 5ltr,raw_materials,2,Code-mixed Hindi-English,3,True
Bricks 42 thousand Rs 66524,raw_materials,2,Code-mixed Hindi-English,3,True
Cement Berger 1 bag,raw_materials,2,Code-mixed Hindi-English,3,True
Packaging boxes corrugated 10 pcs,raw_materials,2,Code-mixed Hindi-English,3,True
Thread po1yester 200d 16 kg Rs 40666,raw_materials,2,Code-mixed Hindi-English,3,True
Paint Reliance Green 40ltr Rs 31476,raw_materials,2,Code-mixed Hindi-English,3,True
Steel rod 12mm 21 ton Rs 12605,raw_materials,2,Code-mixed Hindi-English,3,True
PVC pipe 1inch 3 meter Rs 154466,raw_materials,2,Code-mixed Hindi-English,3,True
PVC pipe 1inch 4 meter,raw_materials,2,Code-mixed Hindi-English,3,True
Crush stone aggregate 20mm,raw_materials,2,Code-mixed Hindi-English,3,True
PVC pipe 0.75inch 33 meter,raw_materials,2,Code-mixed Hindi-English,3,True
Paint Berger Red 46ltr Rs 18100,raw_materials,2,Code-mixed Hindi-English,3,True
Copper wire 16 swg 30 kg,raw_materials,2,Code-mixed Hindi-English,3,True
Paint Ambuja Brown 25ltr,raw_materials,2,Code-mixed Hindi-English,3,True
Timber wood Red Chili 16cft Rs 42848,raw_materials,2,Code-mixed Hindi-English,3,True
PVC pipe 1.5inch 49 meter,raw_materials,2,Code-mixed Hindi-English,3,True
Rubber Sal raw material,raw_materials,2,Code-mixed Hindi-English,3,True
Sugar Food 19 kg bulk Rs 242846,raw_materials,2,Code-mixed Hindi-English,3,True
Paint Berger White 45ltr Rs 15355,raw_materials,2,Code-mixed Hindi-English,3,True
Edible oil refined 32 ltr Rs 50504,raw_materials,2,Code-mixed Hindi-English,3,True
Bricks 17 thousand,raw_materials,2,Code-mixed Hindi-English,3,True
Sugar B 29 kg bulk Rs 408355,raw_materials,2,Code-mixed Hindi-English,3,True
Cement Berger 48 bag,raw_materials,2,Code-mixed Hindi-English,3,True
Aluminum sheet 20mm 35 sheet Rs 297032,raw_materials,2,Code-mixed Hindi-English,3,True
Aluminum sheet 20mm 32 sheet Rs 114823,raw_materials,2,Code-mixed Hindi-English,3,True
Copper wire 16 swg 37 kg,raw_materials,2,Code-mixed Hindi-English,3,True
Bricks 14 thousand Rs 51790,raw_materials,2,Code-mixed Hindi-English,3,True
Fertilizer B 32 bag,raw_materials,2,Code-mixed Hindi-English,3,True
PVC pipe 1.5inch 30 meter,raw_materials,2,Code-mixed Hindi-English,3,True
Bricks 39 thousand,raw_materials,2,Code-mixed Hindi-English,3,True
Sand fine 15 ton truck,raw_materials,2,Code-mixed Hindi-English,3,True
Packaging boxes corrugated 46 pcs,raw_materials,2,Code-mixed Hindi-English,3,True
Timber wood Red Chili 4cft,raw_materials,2,Code-mixed Hindi-English,3,True
Sugar Standard 17 kg bulk,raw_materials,2,Code-mixed Hindi-English,3,True
Cotton fabric First grade 39m Rs 95997,raw_materials,2,Code-mixed Hindi-English,3,True
Plastic granules Food grade,raw_materials,2,Code-mixed Hindi-English,3,True
Crush stone aggregate 25mm,raw_materials,2,Code-mixed Hindi-English,3,True
Chemical Ethanol 48ltr Rs 237651,raw_materials,2,Code-mixed Hindi-English,3,True
Fertilizer A 9 bag Rs 22726,raw_materials,2,Code-mixed Hindi-English,3,True
Chemical Ethanol 11ltr,raw_materials,2,Code-mixed Hindi-English,3,True
Cement SRF 47 bag Rs 24781,raw_materials,2,Code-mixed Hindi-English,3,True
Copper wire 18 swg 47 kg,raw_materials,2,Code-mixed Hindi-English,3,True
Steel rod 8mm 18 ton,raw_materials,2,Code-mixed Hindi-English,3,True
Leather Turmeric 45sqft,raw_materials,2,Code-mixed Hindi-English,3,True
Spices Sal ground 23 kg Rs 42549,raw_materials,2,Code-mixed Hindi-English,3,True
Chemical Ethanol 13ltr,raw_materials,2,Code-mixed Hindi-English,3,True
Dye White 15 kg industrial Rs 12537,raw_materials,2,Code-mixed Hindi-English,3,True
Plastic granules Standard grade,raw_materials,2,Code-mixed Hindi-English,3,True
Sugar Excellent 42 kg bulk Rs 3624,raw_materials,2,Code-mixed Hindi-English,3,True
Steel rod 16mm 11 ton,raw_materials,2,Code-mixed Hindi-English,3,True
Chemical Caustic Soda 1ltr,raw_materials,2,Code-mixed Hindi-English,3,True
Cement JSW 1 bag,raw_materials,2,Code-mixed Hindi-English,3,True
Steel rod 6mm 19 ton,raw_materials,2,Code-mixed Hindi-English,3,True
Spices Teak ground 34 kg Rs 430360,raw_materials,2,Code-mixed Hindi-English,3,True
Dye Black 42 kg industrial Rs 371445,raw_materials,2,Code-mixed Hindi-English,3,True
PVC pipe 3inch 13 meter Rs 448563,raw_materials,2,Code-mixed Hindi-English,3,True
Glass sheet 3mm 3 sqft Rs 100618,raw_materials,2,Code-mixed Hindi-English,3,True
Spices Red Chili ground 10 kg Rs 465803,raw_materials,2,Code-mixed Hindi-English,3,True
Paper roll 150gsm 43 kg,raw_materials,2,Code-mixed Hindi-English,3,True
Copper wire 12 swg 39 kg,raw_materials,2,Code-mixed Hindi-English,3,True
Leather Mahogany 25sqft Rs 460S,raw_materials,2,Code-mixed Hindi-English,3,True
Plastic granules B grade,raw_materials,2,Code-mixed Hindi-English,3,True
Paint SRF Yellow 21ltr Rs 23547,raw_materials,2,Code-mixed Hindi-English,3,True
Rubber Red Chili raw material,raw_materials,2,Code-mixed Hindi-English,3,True
Packaging boxes corrugated 4 pcs,raw_materials,2,Code-mixed Hindi-English,3,True
Plastic granules Premium grade,raw_materials,2,Code-mixed Hindi-English,3,True
Edible oil refined 34 ltr Rs 449160,raw_materials,2,Code-mixed Hindi-English,3,True
Cotton fabric Superior grade 13m,raw_materials,2,Code-mixed Hindi-English,3,True
Cotton fabric Economy grade 39m,raw_materials,2,Code-mixed Hindi-English,3,True
Fertilizer Food 19 bag,raw_materials,2,Code-mixed Hindi-English,3,True
Leather Sal 17sqft,raw_materials,2,Code-mixed Hindi-English,3,True
Paint Birlasoft White 33ltr Rs 48122,raw_materials,2,Code-mixed Hindi-English,3,True
Chemical Caustic Soda 46ltr,raw_materials,2,Code-mixed Hindi-English,3,True
Sand fine 32 ton truck,raw_materials,2,Code-mixed Hindi-English,3,True
Crush stone aggregate 25mm Rs 29282,raw_materials,2,Code-mixed Hindi-English,3,True
Dye Blue 49 kg industrial,raw_materials,2,Code-mixed Hindi-English,3,True
Dye Blue 25 kg industrial Rs 6434,raw_materials,2,Code-mixed Hindi-English,3,True
Crush stone aggregate 6mm,raw_materials,2,Code-mixed Hindi-English,3,True
Leather Teak 50sqft Rs 40927,raw_materials,2,Code-mixed Hindi-English,3,True
Cement SRF 47 bag,raw_materials,2,Code-mixed Hindi-English,3,True
Fertilizer Industrial 15 bag,raw_materials,2,Code-mixed Hindi-English,3,True
Copper wire 20 swg 12 kg,raw_materials,2,Code-mixed Hindi-English,3,True
Crush stone aggregate 20mm Rs 206984,raw_materials,2,Code-mixed Hindi-English,3,True
Copper wire 12 swg 3 kg,raw_materials,2,Code-mixed Hindi-English,3,True
Chemical Hydrochloric Acid 34ltr,raw_materials,2,Code-mixed Hindi-English,3,True
Leather Sal 5sqft,raw_materials,2,Code-mixed Hindi-English,3,True
Edible oil refined 8 ltr,raw_materials,2,Code-mixed Hindi-English,3,True
PVC pipe 3inch 1 meter,raw_materials,2,Code-mixed Hindi-English,3,True
Sugar B 44 kg bulk,raw_materials,2,Code-mixed Hindi-English,3,True
Paper roll 120gsm 31 kg,raw_materials,2,Code-mixed Hindi-English,3,True
Wheat grain Food 45 quintal,raw_materials,2,Code-mixed Hindi-English,3,True
PVC pipe 3inch 22 meter,raw_materials,2,Code-mixed Hindi-English,3,True
Cement Tata Steel 40 bag,raw_materials,2,Code-mixed Hindi-English,3,True
Fertilizer Standard 41 bag,raw_materials,2,Code-mixed Hindi-English,3,True
Bricks 25 thousand,raw_materials,2,Code-mixed Hindi-English,3,True
Cement Grasim 9 bag,raw_materials,2,Code-mixed Hindi-English,3,True
Bricks 35 thousand,raw_materials,2,Code-mixed Hindi-English,3,True
Timber wood Cumin 4cft Rs 24639,raw_materials,2,Code-mixed Hindi-English,3,True
Paint SRF Blue 47ltr,raw_materials,2,Code-mixed Hindi-English,3,True
Leather Sal 12sqft,raw_materials,2,Code-mixed Hindi-English,3,True
Sugar Premium 42 kg bulk,raw_materials,2,Code-mixed Hindi-English,3,True
Paint Arvind Mills Blue 32ltr Rs 117214,raw_materials,2,Code-mixed Hindi-English,3,True
Fertilizer A 45 bag Rs 363592,raw_materials,2,Code-mixed Hindi-English,3,True
Steel rod 20mm 10 ton,raw_materials,2,Code-mixed Hindi-English,3,True
Rubber Sesame raw material Rs 216272,raw_materials,2,Code-mixed Hindi-English,3,True
Aluminum sheet 16mm 26 sheet,raw_materials,2,Code-mixed Hindi-English,3,True
Plastic granules A grade Rs 42440,raw_materials,2,Code-mixed Hindi-English,3,True
Sand fine 22 ton truck,raw_materials,2,Code-mixed Hindi-English,3,True
Timber wood Mustard 12cft,raw_materials,2,Code-mixed Hindi-English,3,True
Leather Sesame 27sqft Rs 11666,raw_materials,2,Code-mixed Hindi-English,3,True
Thread polyester 70d 2 kg Rs 136240,raw_materials,2,Code-mixed Hindi-English,3,True
Timber wood Red Chili 6cft,raw_materials,2,Code-mixed Hindi-English,3,True
Paint Reliance Yellow 34ltr,raw_materials,2,Code-mixed Hindi-English,3,True
Cotton fabric Economy grade 3m Rs 34584,raw_materials,2,Code-mixed Hindi-English,3,True
वाहन बीमा रु 46794,motor_vehicles_conveyance,3,Hindi (Devanagari),0,True
गाड़ी रु 16056,motor_vehicles_conveyance,3,Hindi (Devanagari),0,True
डीज़ल रु 6625,motor_vehicles_conveyance,3,Hindi (Devanagari),0,True
वाहन बीमा रु 869,motor_vehicles_conveyance,3,Hindi (Devanagari),0,True
पेट्रोल रु 12269,motor_vehicles_conveyance,3,Hindi (Devanagari),0,True
कार रु 42808,motor_vehicles_conveyance,3,Hindi (Devanagari),0,True
कार रु 18393,motor_vehicles_conveyance,3,Hindi (Devanagari),0,True
पेट्रोल रु 17234,motor_vehicles_conveyance,3,Hindi (Devanagari),0,True
सर्विसिंग रु 32060,motor_vehicles_conveyance,3,Hindi (Devanagari),0,True
ट्रक रु 19499,motor_vehicles_conveyance,3,Hindi (Devanagari),0,True
कार रु 44648,motor_vehicles_conveyance,3,Hindi (Devanagari),0,True
डीज़ल रु 43920,motor_vehicles_conveyance,3,Hindi (Devanagari),0,True
ट्रक रु 22999,motor_vehicles_conveyance,3,Hindi (Devanagari),0,True
गाड़ी रु 29055,motor_vehicles_conveyance,3,Hindi (Devanagari),0,True
पेट्रोल रु 9871,motor_vehicles_conveyance,3,Hindi (Devanagari),0,True
बाइक रु 17785,motor_vehicles_conveyance,3,Hindi (Devanagari),0,True
पेट्रोल रु 27425,motor_vehicles_conveyance,3,Hindi (Devanagari),0,True
वाहन बीमा रु 24667,motor_vehicles_conveyance,3,Hindi (Devanagari),0,True
कार रु 40043,motor_vehicles_conveyance,3,Hindi (Devanagari),0,True
ट्रक रु 21817,motor_vehicles_conveyance,3,Hindi (Devanagari),0,True
बाइक रु 40970,motor_vehicles_conveyance,3,Hindi (Devanagari),0,True
गाड़ी रु 9646,motor_vehicles_conveyance,3,Hindi (Devanagari),0,True
टायर रु 22616,motor_vehicles_conveyance,3,Hindi (Devanagari),0,True
गाड़ी रु 40691,motor_vehicles_conveyance,3,Hindi (Devanagari),0,True
बाइक रु 17043,motor_vehicles_conveyance,3,Hindi (Devanagari),0,True
बाइक रु 25356,motor_vehicles_conveyance,3,Hindi (Devanagari),0,True
कार रु 31574,motor_vehicles_conveyance,3,Hindi (Devanagari),0,True
डीज़ल रु 36340,motor_vehicles_conveyance,3,Hindi (Devanagari),0,True
गाड़ी रु 5449,motor_vehicles_conveyance,3,Hindi (Devanagari),0,True
सर्विसिंग रु 8956,motor_vehicles_conveyance,3,Hindi (Devanagari),0,True
ट्रक रु 37483,motor_vehicles_conveyance,3,Hindi (Devanagari),0,True
सर्विसिंग रु 40953,motor_vehicles_conveyance,3,Hindi (Devanagari),0,True
बाइक रु 15251,motor_vehicles_conveyance,3,Hindi (Devanagari),0,True
डीज़ल रु 3538,motor_vehicles_conveyance,3,Hindi (Devanagari),0,True
बाइक रु 12163,motor_vehicles_conveyance,3,Hindi (Devanagari),0,True
टायर रु 29903,motor_vehicles_conveyance,3,Hindi (Devanagari),0,True
कार रु 6326,motor_vehicles_conveyance,3,Hindi (Devanagari),0,True
बाइक रु 28132,motor_vehicles_conveyance,3,Hindi (Devanagari),0,True
बाइक रु 33348,motor_vehicles_conveyance,3,Hindi (Devanagari),0,True
पेट्रोल रु 47900,motor_vehicles_conveyance,3,Hindi (Devanagari),0,True
पेट्रोल रु 7018,motor_vehicles_conveyance,3,Hindi (Devanagari),0,True
सर्विसिंग रु 15281,motor_vehicles_conveyance,3,Hindi (Devanagari),0,True
टायर रु 23086,motor_vehicles_conveyance,3,Hindi (Devanagari),0,True
गाड़ी रु 336,motor_vehicles_conveyance,3,Hindi (Devanagari),0,True
बाइक रु 2577,motor_vehicles_conveyance,3,Hindi (Devanagari),0,True
पेट्रोल रु 16399,motor_vehicles_conveyance,3,Hindi (Devanagari),0,True
सर्विसिंग रु 30240,motor_vehicles_conveyance,3,Hindi (Devanagari),0,True
पेट्रोल रु 18B68,motor_vehicles_conveyance,3,Hindi (Devanagari),0,True
वाहन बीमा रु 760,motor_vehicles_conveyance,3,Hindi (Devanagari),0,True
कार रु 41699,motor_vehicles_conveyance,3,Hindi (Devanagari),0,True
वाहन बीमा रु 42870,motor_vehicles_conveyance,3,Hindi (Devanagari),0,True
टायर रु 773,motor_vehicles_conveyance,3,Hindi (Devanagari),0,True
ट्रक रु 11237,motor_vehicles_conveyance,3,Hindi (Devanagari),0,True
ट्रक रु 40723,motor_vehicles_conveyance,3,Hindi (Devanagari),0,True
ट्रक रु 6052,motor_vehicles_conveyance,3,Hindi (Devanagari),0,True
कार रु 18305,motor_vehicles_conveyance,3,Hindi (Devanagari),0,True
बाइक रु 24338,motor_vehicles_conveyance,3,Hindi (Devanagari),0,True
गाड़ी रु 33000,motor_vehicles_conveyance,3,Hindi (Devanagari),0,True
टायर रु 32755,motor_vehicles_conveyance,3,Hindi (Devanagari),0,True
वाहन बीमा रु 35320,motor_vehicles_conveyance,3,Hindi (Devanagari),0,True
वाहन बीमा रु 46741,motor_vehicles_conveyance,3,Hindi (Devanagari),0,True
गाड़ी रु 23296,motor_vehicles_conveyance,3,Hindi (Devanagari),0,True
पेट्रोल रु 14631,motor_vehicles_conveyance,3,Hindi (Devanagari),0,True
वाहन बीमा रु 30207,motor_vehicles_conveyance,3,Hindi (Devanagari),0,True
ट्रक रु 34345,motor_vehicles_conveyance,3,Hindi (Devanagari),0,True
पेट्रोल रु 21410,motor_vehicles_conveyance,3,Hindi (Devanagari),0,True
पेट्रोल रु 7576,motor_vehicles_conveyance,3,Hindi (Devanagari),0,True
पेट्रोल रु 22873,motor_vehicles_conveyance,3,Hindi (Devanagari),0,True
ट्रक रु 19216,motor_vehicles_conveyance,3,Hindi (Devanagari),0,True
ट्रक रु 8818,motor_vehicles_conveyance,3,Hindi (Devanagari),0,True
ट्रक रु 17659,motor_vehicles_conveyance,3,Hindi (Devanagari),0,True
वाहन बीमा रु 19874,motor_vehicles_conveyance,3,Hindi (Devanagari),0,True
सर्विसिंग रु 29660,motor_vehicles_conveyance,3,Hindi (Devanagari),0,True
टायर रु 17224,motor_vehicles_conveyance,3,Hindi (Devanagari),0,True
गाड़ी रु 6432,motor_vehicles_conveyance,3,Hindi (Devanagari),0,True
डीज़ल रु 12680,motor_vehicles_conveyance,3,Hindi (Devanagari),0,True
सर्विसिंग रु 138,motor_vehicles_conveyance,3,Hindi (Devanagari),0,True
सर्विसिंग रु 33522,motor_vehicles_conveyance,3,Hindi (Devanagari),0,True
वाहन बीमा रु 40048,motor_vehicles_conveyance,3,Hindi (Devanagari),0,True
बाइक रु 9673,motor_vehicles_conveyance,3,Hindi (Devanagari),0,True
कार रु 15014,motor_vehicles_conveyance,3,Hindi (Devanagari),0,True
डीज़ल रु 5779,motor_vehicles_conveyance,3,Hindi (Devanagari),0,True
वाहन बीमा रु 37818,motor_vehicles_conveyance,3,Hindi (Devanagari),0,True
ट्रक रु 13435,motor_vehicles_conveyance,3,Hindi (Devanagari),0,True
टायर रु 22442,motor_vehicles_conveyance,3,Hindi (Devanagari),0,True
बाइक रु 37055,motor_vehicles_conveyance,3,Hindi (Devanagari),0,True
गाड़ी रु 31135,motor_vehicles_conveyance,3,Hindi (Devanagari),0,True
डीज़ल रु 22466,motor_vehicles_conveyance,3,Hindi (Devanagari),0,True
गाड़ी रु 9841,motor_vehicles_conveyance,3,Hindi (Devanagari),0,True
बाइक रु 9982,motor_vehicles_conveyance,3,Hindi (Devanagari),0,True
कार रु 37656,motor_vehicles_conveyance,3,Hindi (Devanagari),0,True
पेट्रोल रु 47124,motor_vehicles_conveyance,3,Hindi (Devanagari),0,True
ट्रक रु 41907,motor_vehicles_conveyance,3,Hindi (Devanagari),0,True
सर्विसिंग रु 31433,motor_vehicles_conveyance,3,Hindi (Devanagari),0,True
ट्रक रु 6717,motor_vehicles_conveyance,3,Hindi (Devanagari),0,True
वाहन बीमा रु 16732,motor_vehicles_conveyance,3,Hindi (Devanagari),0,True
बाइक रु 44169,motor_vehicles_conveyance,3,Hindi (Devanagari),0,True
सर्विसिंग रु 17155,motor_vehicles_conveyance,3,Hindi (Devanagari),0,True
कार रु 25158,motor_vehicles_conveyance,3,Hindi (Devanagari),0,True
कार रु 6558,motor_vehicles_conveyance,3,Hindi (Devanagari),0,True
वाहन बीमा रु 32157,motor_vehicles_conveyance,3,Hindi (Devanagari),0,True
डीज़ल रु 13114,motor_vehicles_conveyance,3,Hindi (Devanagari),0,True
टायर रु 41540,motor_vehicles_conveyance,3,Hindi (Devanagari),0,True
ट्रक रु 27306,motor_vehicles_conveyance,3,Hindi (Devanagari),0,True
गाड़ी रु 24103,motor_vehicles_conveyance,3,Hindi (Devanagari),0,True
सर्विसिंग रु 46280,motor_vehicles_conveyance,3,Hindi (Devanagari),0,True
बाइक रु 9513,motor_vehicles_conveyance,3,Hindi (Devanagari),0,True
पेट्रोल रु 1117,motor_vehicles_conveyance,3,Hindi (Devanagari),0,True
बाइक रु 44721,motor_vehicles_conveyance,3,Hindi (Devanagari),0,True
पेट्रोल रु 22743,motor_vehicles_conveyance,3,Hindi (Devanagari),0,True
पेट्रोल रु 27281,motor_vehicles_conveyance,3,Hindi (Devanagari),0,True
पेट्रोल रु 16419,motor_vehicles_conveyance,3,Hindi (Devanagari),0,True
बाइक रु 35173,motor_vehicles_conveyance,3,Hindi (Devanagari),0,True
पेट्रोल रु 25946,motor_vehicles_conveyance,3,Hindi (Devanagari),0,True
वाहन बीमा रु 6535,motor_vehicles_conveyance,3,Hindi (Devanagari),0,True
बाइक रु 20278,motor_vehicles_conveyance,3,Hindi (Devanagari),0,True
ट्रक रु 26741,motor_vehicles_conveyance,3,Hindi (Devanagari),0,True
ट्रक रु 260,motor_vehicles_conveyance,3,Hindi (Devanagari),0,True
पेट्रोल रु 8459,motor_vehicles_conveyance,3,Hindi (Devanagari),0,True
डीज़ल रु 24912,motor_vehicles_conveyance,3,Hindi (Devanagari),0,True
गाड़ी रु 45215,motor_vehicles_conveyance,3,Hindi (Devanagari),0,True
कार रु 38788,motor_vehicles_conveyance,3,Hindi (Devanagari),0,True
कार रु 3508,motor_vehicles_conveyance,3,Hindi (Devanagari),0,True
वाहन बीमा रु 29219,motor_vehicles_conveyance,3,Hindi (Devanagari),0,True
वाहन बीमा रु 33246,motor_vehicles_conveyance,3,Hindi (Devanagari),0,True
टायर रु 35695,motor_vehicles_conveyance,3,Hindi (Devanagari),0,True
सर्विसिंग रु 18364,motor_vehicles_conveyance,3,Hindi (Devanagari),0,True
वाहन बीमा रु 17417,motor_vehicles_conveyance,3,Hindi (Devanagari),0,True
बाइक रु 10234,motor_vehicles_conveyance,3,Hindi (Devanagari),0,True
डीज़ल रु 46569,motor_vehicles_conveyance,3,Hindi (Devanagari),0,True
गाड़ी रु 11004,motor_vehicles_conveyance,3,Hindi (Devanagari),0,True
गाड़ी रु 19787,motor_vehicles_conveyance,3,Hindi (Devanagari),0,True
पेट्रोल रु 39593,motor_vehicles_conveyance,3,Hindi (Devanagari),0,True
बाइक रु 15335,motor_vehicles_conveyance,3,Hindi (Devanagari),0,True
बाइक रु 43024,motor_vehicles_conveyance,3,Hindi (Devanagari),0,True
कार रु 12992,motor_vehicles_conveyance,3,Hindi (Devanagari),0,True
बाइक रु 45054,motor_vehicles_conveyance,3,Hindi (Devanagari),0,True
सर्विसिंग रु 39091,motor_vehicles_conveyance,3,Hindi (Devanagari),0,True
टायर रु 43110,motor_vehicles_conveyance,3,Hindi (Devanagari),0,True
पेट्रोल रु 8659,motor_vehicles_conveyance,3,Hindi (Devanagari),0,True
कार रु 37637,motor_vehicles_conveyance,3,Hindi (Devanagari),0,True
बाइक रु 28144,motor_vehicles_conveyance,3,Hindi (Devanagari),0,True
बाइक रु 47196,motor_vehicles_conveyance,3,Hindi (Devanagari),0,True
सर्विसिंग रु 6798,motor_vehicles_conveyance,3,Hindi (Devanagari),0,True
गाड़ी रु 32417,motor_vehicles_conveyance,3,Hindi (Devanagari),0,True
बाइक रु 39217,motor_vehicles_conveyance,3,Hindi (Devanagari),0,True
ट्रक रु 17373,motor_vehicles_conveyance,3,Hindi (Devanagari),0,True
सर्विसिंग रु 13913,motor_vehicles_conveyance,3,Hindi (Devanagari),0,True
पेट्रोल रु 4217,motor_vehicles_conveyance,3,Hindi (Devanagari),0,True
कार रु 15137,motor_vehicles_conveyance,3,Hindi (Devanagari),0,True
गाड़ी रु 36762,motor_vehicles_conveyance,3,Hindi (Devanagari),0,True
पेट्रोल रु 1812,motor_vehicles_conveyance,3,Hindi (Devanagari),0,True
सर्विसिंग रु 34346,motor_vehicles_conveyance,3,Hindi (Devanagari),0,True
गाड़ी रु 27018,motor_vehicles_conveyance,3,Hindi (Devanagari),0,True
कार रु 28015,motor_vehicles_conveyance,3,Hindi (Devanagari),0,True
डीज़ल रु 30303,motor_vehicles_conveyance,3,Hindi (Devanagari),0,True
गाड़ी रु 23237,motor_vehicles_conveyance,3,Hindi (Devanagari),0,True
डीज़ल रु 42338,motor_vehicles_conveyance,3,Hindi (Devanagari),0,True
कार रु 30160,motor_vehicles_conveyance,3,Hindi (Devanagari),0,True
सर्विसिंग रु 12944,motor_vehicles_conveyance,3,Hindi (Devanagari),0,True
ट्रक रु 42956,motor_vehicles_conveyance,3,Hindi (Devanagari),0,True
डीज़ल रु 42311,motor_vehicles_conveyance,3,Hindi (Devanagari),0,True
सर्विसिंग रु 22702,motor_vehicles_conveyance,3,Hindi (Devanagari),0,True
सर्विसिंग रु 45896,motor_vehicles_conveyance,3,Hindi (Devanagari),0,True
सर्विसिंग रु 49484,motor_vehicles_conveyance,3,Hindi (Devanagari),0,True
ट्रक रु 9527,motor_vehicles_conveyance,3,Hindi (Devanagari),0,True
पेट्रोल रु 43784,motor_vehicles_conveyance,3,Hindi (Devanagari),0,True
बाइक रु 39793,motor_vehicles_conveyance,3,Hindi (Devanagari),0,True
सर्विसिंग रु 25591,motor_vehicles_conveyance,3,Hindi (Devanagari),0,True
ट्रक रु 11254,motor_vehicles_conveyance,3,Hindi (Devanagari),0,True
कार रु 14161,motor_vehicles_conveyance,3,Hindi (Devanagari),0,True
कार रु 18602,motor_vehicles_conveyance,3,Hindi (Devanagari),0,True
सर्विसिंग रु 30531,motor_vehicles_conveyance,3,Hindi (Devanagari),0,True
पेट्रोल रु 22215,motor_vehicles_conveyance,3,Hindi (Devanagari),0,True
डीज़ल रु 31036,motor_vehicles_conveyance,3,Hindi (Devanagari),0,True
सर्विसिंग रु 16339,motor_vehicles_conveyance,3,Hindi (Devanagari),0,True
डीज़ल रु 24067,motor_vehicles_conveyance,3,Hindi (Devanagari),0,True
ट्रक रु 8998,motor_vehicles_conveyance,3,Hindi (Devanagari),0,True
पेट्रोल रु 49278,motor_vehicles_conveyance,3,Hindi (Devanagari),0,True
कार रु 8286,motor_vehicles_conveyance,3,Hindi (Devanagari),0,True
सर्विसिंग रु 20780,motor_vehicles_conveyance,3,Hindi (Devanagari),0,True
टायर रु 49807,motor_vehicles_conveyance,3,Hindi (Devanagari),0,True
पेट्रोल रु 7342,motor_vehicles_conveyance,3,Hindi (Devanagari),0,True
सर्विसिंग रु 28694,motor_vehicles_conveyance,3,Hindi (Devanagari),0,True
पेट्रोल रु 15308,motor_vehicles_conveyance,3,Hindi (Devanagari),0,True
पेट्रोल रु 288,motor_vehicles_conveyance,3,Hindi (Devanagari),0,True
सर्विसिंग रु 13246,motor_vehicles_conveyance,3,Hindi (Devanagari),0,True
सर्विसिंग रु 20519,motor_vehicles_conveyance,3,Hindi (Devanagari),0,True
कार रु 12457,motor_vehicles_conveyance,3,Hindi (Devanagari),0,True
वाहन बीमा रु 23032,motor_vehicles_conveyance,3,Hindi (Devanagari),0,True
सर्विसिंग रु 15245,motor_vehicles_conveyance,3,Hindi (Devanagari),0,True
ट्रक रु 32226,motor_vehicles_conveyance,3,Hindi (Devanagari),0,True
गाड़ी रु 29686,motor_vehicles_conveyance,3,Hindi (Devanagari),0,True
गाड़ी रु 41242,motor_vehicles_conveyance,3,Hindi (Devanagari),0,True
पेट्रोल रु 2008,motor_vehicles_conveyance,3,Hindi (Devanagari),0,True
टायर रु 9404,motor_vehicles_conveyance,3,Hindi (Devanagari),0,True
वाहन बीमा रु 33587,motor_vehicles_conveyance,3,Hindi (Devanagari),0,True
सर्विसिंग रु 31202,motor_vehicles_conveyance,3,Hindi (Devanagari),0,True
बाइक रु 40056,motor_vehicles_conveyance,3,Hindi (Devanagari),0,True
कार रु 31477,motor_vehicles_conveyance,3,Hindi (Devanagari),0,True
ट्रक रु 46630,motor_vehicles_conveyance,3,Hindi (Devanagari),0,True
बाइक रु 10441,motor_vehicles_conveyance,3,Hindi (Devanagari),0,True
टायर रु 21259,motor_vehicles_conveyance,3,Hindi (Devanagari),0,True
वाहन बीमा रु 2952,motor_vehicles_conveyance,3,Hindi (Devanagari),0,True
वाहन बीमा रु 37292,motor_vehicles_conveyance,3,Hindi (Devanagari),0,True
सर्विसिंग रु 7000,motor_vehicles_conveyance,3,Hindi (Devanagari),0,True
टायर रु 8758,motor_vehicles_conveyance,3,Hindi (Devanagari),0,True
पेट्रोल रु 35136,motor_vehicles_conveyance,3,Hindi (Devanagari),0,True
ट्रक रु 45023,motor_vehicles_conveyance,3,Hindi (Devanagari),0,True
कार रु 1453,motor_vehicles_conveyance,3,Hindi (Devanagari),0,True
सर्विसिंग रु 14562,motor_vehicles_conveyance,3,Hindi (Devanagari),0,True
टायर रु 20581,motor_vehicles_conveyance,3,Hindi (Devanagari),0,True
गाड़ी रु 10887,motor_vehicles_conveyance,3,Hindi (Devanagari),0,True
ट्रक रु 13615,motor_vehicles_conveyance,3,Hindi (Devanagari),0,True
पेट्रोल रु 42942,motor_vehicles_conveyance,3,Hindi (Devanagari),0,True
गाड़ी रु 17122,motor_vehicles_conveyance,3,Hindi (Devanagari),0,True
ट्रक रु 46789,motor_vehicles_conveyance,3,Hindi (Devanagari),0,True
गाड़ी रु 30571,motor_vehicles_conveyance,3,Hindi (Devanagari),0,True
ट्रक रु 708,motor_vehicles_conveyance,3,Hindi (Devanagari),0,True
वाहन बीमा रु 16868,motor_vehicles_conveyance,3,Hindi (Devanagari),0,True
सर्विसिंग रु 31979,motor_vehicles_conveyance,3,Hindi (Devanagari),0,True
पेट्रोल रु 32587,motor_vehicles_conveyance,3,Hindi (Devanagari),0,True
टायर रु 8923,motor_vehicles_conveyance,3,Hindi (Devanagari),0,True
टायर रु 38447,motor_vehicles_conveyance,3,Hindi (Devanagari),0,True
सर्विसिंग रु 27662,motor_vehicles_conveyance,3,Hindi (Devanagari),0,True
बाइक रु 35760,motor_vehicles_conveyance,3,Hindi (Devanagari),0,True
पेट्रोल रु 26457,motor_vehicles_conveyance,3,Hindi (Devanagari),0,True
सर्विसिंग रु 13576,motor_vehicles_conveyance,3,Hindi (Devanagari),0,True
ट्रक रु 3666O,motor_vehicles_conveyance,3,Hindi (Devanagari),0,True
सर्विसिंग रु 9507,motor_vehicles_conveyance,3,Hindi (Devanagari),0,True
पेट्रोल रु 40602,motor_vehicles_conveyance,3,Hindi (Devanagari),0,True
टायर रु 46826,motor_vehicles_conveyance,3,Hindi (Devanagari),0,True
बाइक रु 5844,motor_vehicles_conveyance,3,Hindi (Devanagari),0,True
टायर रु 41630,motor_vehicles_conveyance,3,Hindi (Devanagari),0,True
ट्रक रु 41937,motor_vehicles_conveyance,3,Hindi (Devanagari),0,True
वाहन बीमा रु 33102,motor_vehicles_conveyance,3,Hindi (Devanagari),0,True
सर्विसिंग रु 9574,motor_vehicles_conveyance,3,Hindi (Devanagari),0,True
बाइक रु 9841,motor_vehicles_conveyance,3,Hindi (Devanagari),0,True
पेट्रोल रु 22152,motor_vehicles_conveyance,3,Hindi (Devanagari),0,True
सर्विसिंग रु 44612,motor_vehicles_conveyance,3,Hindi (Devanagari),0,True
पेट्रोल रु 29207,motor_vehicles_conveyance,3,Hindi (Devanagari),0,True
ट्रक रु 25223,motor_vehicles_conveyance,3,Hindi (Devanagari),0,True
गाड़ी रु 44220,motor_vehicles_conveyance,3,Hindi (Devanagari),0,True
टायर रु 45648,motor_vehicles_conveyance,3,Hindi (Devanagari),0,True
टायर रु 42311,motor_vehicles_conveyance,3,Hindi (Devanagari),0,True
टायर रु 18623,motor_vehicles_conveyance,3,Hindi (Devanagari),0,True
बाइक रु 8964,motor_vehicles_conveyance,3,Hindi (Devanagari),0,True
सर्विसिंग रु 32664,motor_vehicles_conveyance,3,Hindi (Devanagari),0,True
वाहन बीमा रु 26504,motor_vehicles_conveyance,3,Hindi (Devanagari),0,True
टायर रु 26289,motor_vehicles_conveyance,3,Hindi (Devanagari),0,True
gaadi kharidi rs 33145,motor_vehicles_conveyance,3,Transliterated Hindi,1,True
gaadi kharidi rs 41382,motor_vehicles_conveyance,3,Transliterated Hindi,1,True
gaadi kharidi rs 28474,motor_vehicles_conveyance,3,Transliterated Hindi,1,True
diesel bharwaya rs 6362,motor_vehicles_conveyance,3,Transliterated Hindi,1,True
petrol dalwaya rs 1089,motor_vehicles_conveyance,3,Transliterated Hindi,1,True
car ki servicing rs 20241,motor_vehicles_conveyance,3,Transliterated Hindi,1,True
bike ka insurance rs 30000,motor_vehicles_conveyance,3,Transliterated Hindi,1,True
car ki servicing rs 6900,motor_vehicles_conveyance,3,Transliterated Hindi,1,True
diesel bharwaya rs 15801,motor_vehicles_conveyance,3,Transliterated Hindi,1,True
petrol dalwaya rs 3382,motor_vehicles_conveyance,3,Transliterated Hindi,1,True
diesel bharwaya rs 30070,motor_vehicles_conveyance,3,Transliterated Hindi,1,True
truck hire kiya rs 2219,motor_vehicles_conveyance,3,Transliterated Hindi,1,True
diesel bharwaya rs 42687,motor_vehicles_conveyance,3,Transliterated Hindi,1,True
diesel bharwaya rs 43409,motor_vehicles_conveyance,3,Transliterated Hindi,1,True
car ki servicing rs 28634,motor_vehicles_conveyance,3,Transliterated Hindi,1,True
diesel bharwaya rs 36308,motor_vehicles_conveyance,3,Transliterated Hindi,1,True
diesel bharwaya rs 25334,motor_vehicles_conveyance,3,Transliterated Hindi,1,True
truck hire kiya rs 18612,motor_vehicles_conveyance,3,Transliterated Hindi,1,True
bike ka insurance rs 21400,motor_vehicles_conveyance,3,Transliterated Hindi,1,True
diesel bharwaya rs 43471,motor_vehicles_conveyance,3,Transliterated Hindi,1,True
car ki servicing rs 16956,motor_vehicles_conveyance,3,Transliterated Hindi,1,True
gaadi kharidi rs 25170,motor_vehicles_conveyance,3,Transliterated Hindi,1,True
petrol dalwaya rs 45068,motor_vehicles_conveyance,3,Transliterated Hindi,1,True
bike ka insurance rs 7712,motor_vehicles_conveyance,3,Transliterated Hindi,1,True
gaadi kharidi rs 24688,motor_vehicles_conveyance,3,Transliterated Hindi,1,True
truck hire kiya rs 16079,motor_vehicles_conveyance,3,Transliterated Hindi,1,True
petrol dalwaya rs 9992,motor_vehicles_conveyance,3,Transliterated Hindi,1,True
car ki servicing rs 18852,motor_vehicles_conveyance,3,Transliterated Hindi,1,True
gaadi kharidi rs 667,motor_vehicles_conveyance,3,Transliterated Hindi,1,True
bike ka insurance rs 16738,motor_vehicles_conveyance,3,Transliterated Hindi,1,True
gaadi kharidi rs 49532,motor_vehicles_conveyance,3,Transliterated Hindi,1,True
diesel bharwaya rs 6997,motor_vehicles_conveyance,3,Transliterated Hindi,1,True
diesel bharwaya rs 45175,motor_vehicles_conveyance,3,Transliterated Hindi,1,True
bike ka insurance rs 2397,motor_vehicles_conveyance,3,Transliterated Hindi,1,True
bike ka insurance rs 22184,motor_vehicles_conveyance,3,Transliterated Hindi,1,True
truck hire kiya rs 16647,motor_vehicles_conveyance,3,Transliterated Hindi,1,True
car ki servicing rs 2958,motor_vehicles_conveyance,3,Transliterated Hindi,1,True
diesel bharwaya rs 27318,motor_vehicles_conveyance,3,Transliterated Hindi,1,True
truck hire kiya rs 25408,motor_vehicles_conveyance,3,Transliterated Hindi,1,True
gaadi kharidi rs 32837,motor_vehicles_conveyance,3,Transliterated Hindi,1,True
diesel bharwaya rs 18907,motor_vehicles_conveyance,3,Transliterated Hindi,1,True
bike ka insurance rs 5045,motor_vehicles_conveyance,3,Transliterated Hindi,1,True
petrol dalwaya rs 23371,motor_vehicles_conveyance,3,Transliterated Hindi,1,True
bike ka insurance rs 11919,motor_vehicles_conveyance,3,Transliterated Hindi,1,True
gaadi kharidi rs 46278,motor_vehicles_conveyance,3,Transliterated Hindi,1,True
petrol dalwaya rs 7162,motor_vehicles_conveyance,3,Transliterated Hindi,1,True
bike ka insurance rs 23935,motor_vehicles_conveyance,3,Transliterated Hindi,1,True
gaadi kharidi rs 49215,motor_vehicles_conveyance,3,Transliterated Hindi,1,True
bike ka insurance rs 49009,motor_vehicles_conveyance,3,Transliterated Hindi,1,True
petrol dalwaya rs 49264,motor_vehicles_conveyance,3,Transliterated Hindi,1,True
petrol dalwaya rs 40537,motor_vehicles_conveyance,3,Transliterated Hindi,1,True
car ki servicing rs 7763,motor_vehicles_conveyance,3,Transliterated Hindi,1,True
car ki servicing rs 35255,motor_vehicles_conveyance,3,Transliterated Hindi,1,True
petrol dalwaya rs 375,motor_vehicles_conveyance,3,Transliterated Hindi,1,True
car ki servicing rs 1320,motor_vehicles_conveyance,3,Transliterated Hindi,1,True
gaadi kharidi rs 22118,motor_vehicles_conveyance,3,Transliterated Hindi,1,True
petrol dalwaya rs 25497,motor_vehicles_conveyance,3,Transliterated Hindi,1,True
petrol dalwaya rs 2156,motor_vehicles_conveyance,3,Transliterated Hindi,1,True
petrol dalwaya rs 27964,motor_vehicles_conveyance,3,Transliterated Hindi,1,True
bike ka insurance rs 21290,motor_vehicles_conveyance,3,Transliterated Hindi,1,True
gaadi kharidi rs 16346,motor_vehicles_conveyance,3,Transliterated Hindi,1,True
car ki servicing rs 13430,motor_vehicles_conveyance,3,Transliterated Hindi,1,True
gaadi kharidi rs 15281,motor_vehicles_conveyance,3,Transliterated Hindi,1,True
bike ka insurance rs 16757,motor_vehicles_conveyance,3,Transliterated Hindi,1,True
gaadi kharidi rs 12102,motor_vehicles_conveyance,3,Transliterated Hindi,1,True
diesel bharwaya rs 49586,motor_vehicles_conveyance,3,Transliterated Hindi,1,True
truck hire kiya rs 31787,motor_vehicles_conveyance,3,Transliterated Hindi,1,True
bike ka insurance rs 18566,motor_vehicles_conveyance,3,Transliterated Hindi,1,True
gaadi kharidi rs 4576,motor_vehicles_conveyance,3,Transliterated Hindi,1,True
car ki servicing rs 30490,motor_vehicles_conveyance,3,Transliterated Hindi,1,True
bike ka insurance rs 19438,motor_vehicles_conveyance,3,Transliterated Hindi,1,True
gaadi kharidi rs 23938,motor_vehicles_conveyance,3,Transliterated Hindi,1,True
truck hire kiya rs 36478,motor_vehicles_conveyance,3,Transliterated Hindi,1,True
truck hire kiya rs 6756,motor_vehicles_conveyance,3,Transliterated Hindi,1,True
bike ka insurance rs 48680,motor_vehicles_conveyance,3,Transliterated Hindi,1,True
truck hire kiya rs 24116,motor_vehicles_conveyance,3,Transliterated Hindi,1,True
petrol dalwaya rs 42958,motor_vehicles_conveyance,3,Transliterated Hindi,1,True
bike ka insurance rs 14482,motor_vehicles_conveyance,3,Transliterated Hindi,1,True
petrol dalwaya rs 43538,motor_vehicles_conveyance,3,Transliterated Hindi,1,True
bike ka insurance rs 47029,motor_vehicles_conveyance,3,Transliterated Hindi,1,True
gaadi kharidi rs 21551,motor_vehicles_conveyance,3,Transliterated Hindi,1,True
diesel bharwaya rs 43737,motor_vehicles_conveyance,3,Transliterated Hindi,1,True
gaadi kharidi rs 25927,motor_vehicles_conveyance,3,Transliterated Hindi,1,True
truck hire kiya rs 11543,motor_vehicles_conveyance,3,Transliterated Hindi,1,True
petrol dalwaya rs 1165,motor_vehicles_conveyance,3,Transliterated Hindi,1,True
car ki servicing rs 35862,motor_vehicles_conveyance,3,Transliterated Hindi,1,True
gaadi kharidi rs 28618,motor_vehicles_conveyance,3,Transliterated Hindi,1,True
diesel bharwaya rs 35766,motor_vehicles_conveyance,3,Transliterated Hindi,1,True
bike ka insurance rs 48085,motor_vehicles_conveyance,3,Transliterated Hindi,1,True
petrol dalwaya rs 17322,motor_vehicles_conveyance,3,Transliterated Hindi,1,True
diesel bharwaya rs 3203,motor_vehicles_conveyance,3,Transliterated Hindi,1,True
petrol dalwaya rs B6B4,motor_vehicles_conveyance,3,Transliterated Hindi,1,True
truck hire kiya rs 1744,motor_vehicles_conveyance,3,Transliterated Hindi,1,True
diesel bharwaya rs 25155,motor_vehicles_conveyance,3,Transliterated Hindi,1,True
gaadi kharidi rs 36083,motor_vehicles_conveyance,3,Transliterated Hindi,1,True
gaadi kharidi rs 38636,motor_vehicles_conveyance,3,Transliterated Hindi,1,True
petrol dalwaya rs 14491,motor_vehicles_conveyance,3,Transliterated Hindi,1,True
diesel bharwaya rs 5194,motor_vehicles_conveyance,3,Transliterated Hindi,1,True
bike ka insurance rs 18181,motor_vehicles_conveyance,3,Transliterated Hindi,1,True
diesel bharwaya rs 18091,motor_vehicles_conveyance,3,Transliterated Hindi,1,True
car ki servicing rs 26879,motor_vehicles_conveyance,3,Transliterated Hindi,1,True
gaadi kharidi rs 8437,motor_vehicles_conveyance,3,Transliterated Hindi,1,True
car ki servicing rs 48537,motor_vehicles_conveyance,3,Transliterated Hindi,1,True
gaadi kharidi rs 40021,motor_vehicles_conveyance,3,Transliterated Hindi,1,True
diesel bharwaya rs 23450,motor_vehicles_conveyance,3,Transliterated Hindi,1,True
truck hire kiya rs 13991,motor_vehicles_conveyance,3,Transliterated Hindi,1,True
car ki servicing rs 47381,motor_vehicles_conveyance,3,Transliterated Hindi,1,True
car ki servicing rs 25012,motor_vehicles_conveyance,3,Transliterated Hindi,1,True
petrol dalwaya rs 3044,motor_vehicles_conveyance,3,Transliterated Hindi,1,True
diesel bharwaya rs 46770,motor_vehicles_conveyance,3,Transliterated Hindi,1,True
diesel bharwaya rs 12890,motor_vehicles_conveyance,3,Transliterated Hindi,1,True
petrol dalwaya rs 30746,motor_vehicles_conveyance,3,Transliterated Hindi,1,True
bike ka insurance rs 13260,motor_vehicles_conveyance,3,Transliterated Hindi,1,True
truck hire kiya rs 48858,motor_vehicles_conveyance,3,Transliterated Hindi,1,True
truck hire kiya rs 22508,motor_vehicles_conveyance,3,Transliterated Hindi,1,True
petrol dalwaya rs 27128,motor_vehicles_conveyance,3,Transliterated Hindi,1,True
car ki servicing rs 6507,motor_vehicles_conveyance,3,Transliterated Hindi,1,True
truck hire kiya rs 24815,motor_vehicles_conveyance,3,Transliterated Hindi,1,True
bike ka insurance rs 33805,motor_vehicles_conveyance,3,Transliterated Hindi,1,True
truck hire kiya rs 19796,motor_vehicles_conveyance,3,Transliterated Hindi,1,True
gaadi kharidi rs 33516,motor_vehicles_conveyance,3,Transliterated Hindi,1,True
bike ka insurance rs 2034,motor_vehicles_conveyance,3,Transliterated Hindi,1,True
petrol dalwaya rs 39761,motor_vehicles_conveyance,3,Transliterated Hindi,1,True
truck hire kiya rs 6250,motor_vehicles_conveyance,3,Transliterated Hindi,1,True
truck hire kiya rs 19775,motor_vehicles_conveyance,3,Transliterated Hindi,1,True
diesel bharwaya rs 46999,motor_vehicles_conveyance,3,Transliterated Hindi,1,True
petrol dalwaya rs 14654,motor_vehicles_conveyance,3,Transliterated Hindi,1,True
gaadi kharidi rs 18832,motor_vehicles_conveyance,3,Transliterated Hindi,1,True
truck hire kiya rs 23054,motor_vehicles_conveyance,3,Transliterated Hindi,1,True
truck hire kiya rs 18572,motor_vehicles_conveyance,3,Transliterated Hindi,1,True
bike ka insurance rs 7363,motor_vehicles_conveyance,3,Transliterated Hindi,1,True
petro1 dalwaya rs l013,motor_vehicles_conveyance,3,Transliterated Hindi,1,True
diesel bharwaya rs 24148,motor_vehicles_conveyance,3,Transliterated Hindi,1,True
petrol dalwaya rs 44417,motor_vehicles_conveyance,3,Transliterated Hindi,1,True
diesel bharwaya rs 16645,motor_vehicles_conveyance,3,Transliterated Hindi,1,True
car ki servicing rs 36609,motor_vehicles_conveyance,3,Transliterated Hindi,1,True
car ki servicing rs 32743,motor_vehicles_conveyance,3,Transliterated Hindi,1,True
bike ka insurance rs 15543,motor_vehicles_conveyance,3,Transliterated Hindi,1,True
diesel bharwaya rs 10519,motor_vehicles_conveyance,3,Transliterated Hindi,1,True
bike ka insurance rs 117,motor_vehicles_conveyance,3,Transliterated Hindi,1,True
petrol dalwaya rs 5868,motor_vehicles_conveyance,3,Transliterated Hindi,1,True
diesel bharwaya rs 10642,motor_vehicles_conveyance,3,Transliterated Hindi,1,True
bike ka insurance rs 29794,motor_vehicles_conveyance,3,Transliterated Hindi,1,True
truck hire kiya rs 6524,motor_vehicles_conveyance,3,Transliterated Hindi,1,True
bike ka insurance rs 29380,motor_vehicles_conveyance,3,Transliterated Hindi,1,True
car ki servicing rs 27578,motor_vehicles_conveyance,3,Transliterated Hindi,1,True
truck hire kiya rs 30374,motor_vehicles_conveyance,3,Transliterated Hindi,1,True
bike ka insurance rs 44816,motor_vehicles_conveyance,3,Transliterated Hindi,1,True
gaadi kharidi rs 42338,motor_vehicles_conveyance,3,Transliterated Hindi,1,True
diesel bharwaya rs 19347,motor_vehicles_conveyance,3,Transliterated Hindi,1,True
car ki servicing rs 22709,motor_vehicles_conveyance,3,Transliterated Hindi,1,True
diesel bharwaya rs 6005,motor_vehicles_conveyance,3,Transliterated Hindi,1,True
petrol dalwaya rs 4157,motor_vehicles_conveyance,3,Transliterated Hindi,1,True
diesel bharwaya rs 19363,motor_vehicles_conveyance,3,Transliterated Hindi,1,True
car ki servicing rs 45325,motor_vehicles_conveyance,3,Transliterated Hindi,1,True
diesel bharwaya rs 39789,motor_vehicles_conveyance,3,Transliterated Hindi,1,True
diesel bharwaya rs 39045,motor_vehicles_conveyance,3,Transliterated Hindi,1,True
diesel bharwaya rs 49101,motor_vehicles_conveyance,3,Transliterated Hindi,1,True
gaadi kharidi rs 18877,motor_vehicles_conveyance,3,Transliterated Hindi,1,True
diesel bharwaya rs 41452,motor_vehicles_conveyance,3,Transliterated Hindi,1,True
bike ka insurance rs 29627,motor_vehicles_conveyance,3,Transliterated Hindi,1,True
petrol dalwaya rs 34389,motor_vehicles_conveyance,3,Transliterated Hindi,1,True
diesel bharwaya rs 1809,motor_vehicles_conveyance,3,Transliterated Hindi,1,True
gaadi kharidi rs 19444,motor_vehicles_conveyance,3,Transliterated Hindi,1,True
diesel bharwaya rs 7564,motor_vehicles_conveyance,3,Transliterated Hindi,1,True
truck hire kiya rs 13163,motor_vehicles_conveyance,3,Transliterated Hindi,1,True
diesel bharwaya rs 21596,motor_vehicles_conveyance,3,Transliterated Hindi,1,True
truck hire kiya rs 2802,motor_vehicles_conveyance,3,Transliterated Hindi,1,True
bike ka insurance rs 33216,motor_vehicles_conveyance,3,Transliterated Hindi,1,True
gaadi kharidi rs 15562,motor_vehicles_conveyance,3,Transliterated Hindi,1,True
petrol dalwaya rs 35635,motor_vehicles_conveyance,3,Transliterated Hindi,1,True
diesel bharwaya rs 38313,motor_vehicles_conveyance,3,Transliterated Hindi,1,True
car ki servicing rs 40076,motor_vehicles_conveyance,3,Transliterated Hindi,1,True
petrol dalwaya rs 8521,motor_vehicles_conveyance,3,Transliterated Hindi,1,True
gaadi kharidi rs 36646,motor_vehicles_conveyance,3,Transliterated Hindi,1,True
petrol dalwaya rs l5160,motor_vehicles_conveyance,3,Transliterated Hindi,1,True
bike ka insurance rs 46780,motor_vehicles_conveyance,3,Transliterated Hindi,1,True
bike ka insurance rs 30799,motor_vehicles_conveyance,3,Transliterated Hindi,1,True
petrol dalwaya rs 45520,motor_vehicles_conveyance,3,Transliterated Hindi,1,True
petrol dalwaya rs 40455,motor_vehicles_conveyance,3,Transliterated Hindi,1,True
gaadi kharidi rs 2220,motor_vehicles_conveyance,3,Transliterated Hindi,1,True
truck hire kiya rs lO280,motor_vehicles_conveyance,3,Transliterated Hindi,1,True
gaadi kharidi rs 11077,motor_vehicles_conveyance,3,Transliterated Hindi,1,True
car ki servicing rs 37699,motor_vehicles_conveyance,3,Transliterated Hindi,1,True
petrol dalwaya rs 16446,motor_vehicles_conveyance,3,Transliterated Hindi,1,True
bike ka insurance rs 8834,motor_vehicles_conveyance,3,Transliterated Hindi,1,True
bike ka insurance rs 210,motor_vehicles_conveyance,3,Transliterated Hindi,1,True
gaadi kharidi rs 24842,motor_vehicles_conveyance,3,Transliterated Hindi,1,True
diesel bharwaya rs 1706,motor_vehicles_conveyance,3,Transliterated Hindi,1,True
bike ka insurance rs 32106,motor_vehicles_conveyance,3,Transliterated Hindi,1,True
gaadi kharidi rs 12901,motor_vehicles_conveyance,3,Transliterated Hindi,1,True
car ki servicing rs 35275,motor_vehicles_conveyance,3,Transliterated Hindi,1,True
gaadi kharidi rs 9286,motor_vehicles_conveyance,3,Transliterated Hindi,1,True
truck hire kiya rs 43164,motor_vehicles_conveyance,3,Transliterated Hindi,1,True
petrol dalwaya rs 15325,motor_vehicles_conveyance,3,Transliterated Hindi,1,True
diesel bharwaya rs 8457,motor_vehicles_conveyance,3,Transliterated Hindi,1,True
diesel bharwaya rs 48378,motor_vehicles_conveyance,3,Transliterated Hindi,1,True
car ki servicing rs 128,motor_vehicles_conveyance,3,Transliterated Hindi,1,True
bike ka insurance rs 17785,motor_vehicles_conveyance,3,Transliterated Hindi,1,True
truck hire kiya rs 25178,motor_vehicles_conveyance,3,Transliterated Hindi,1,True
diesel bharwaya rs 35229,motor_vehicles_conveyance,3,Transliterated Hindi,1,True
truck hire kiya rs 26469,motor_vehicles_conveyance,3,Transliterated Hindi,1,True
petrol dalwaya rs 21463,motor_vehicles_conveyance,3,Transliterated Hindi,1,True
bike ka insurance rs 23569,motor_vehicles_conveyance,3,Transliterated Hindi,1,True
gaadi kharidi rs 33315,motor_vehicles_conveyance,3,Transliterated Hindi,1,True
car ki servicing rs 20287,motor_vehicles_conveyance,3,Transliterated Hindi,1,True
petrol dalwaya rs 15304,motor_vehicles_conveyance,3,Transliterated Hindi,1,True
truck hire kiya rs 31230,motor_vehicles_conveyance,3,Transliterated Hindi,1,True
diesel bharwaya rs 48213,motor_vehicles_conveyance,3,Transliterated Hindi,1,True
truck hire kiya rs 41351,motor_vehicles_conveyance,3,Transliterated Hindi,1,True
diesel bharwaya rs 38442,motor_vehicles_conveyance,3,Transliterated Hindi,1,True
gaadi kharidi rs 27407,motor_vehicles_conveyance,3,Transliterated Hindi,1,True
truck hire kiya rs 11245,motor_vehicles_conveyance,3,Transliterated Hindi,1,True
diesel bharwaya rs 2105,motor_vehicles_conveyance,3,Transliterated Hindi,1,True
gaadi kharidi rs 6224,motor_vehicles_conveyance,3,Transliterated Hindi,1,True
petrol dalwaya rs 12865,motor_vehicles_conveyance,3,Transliterated Hindi,1,True
gaadi kharidi rs 10962,motor_vehicles_conveyance,3,Transliterated Hindi,1,True
petrol dalwaya rs 5455,motor_vehicles_conveyance,3,Transliterated Hindi,1,True
bike ka insurance rs 32036,motor_vehicles_conveyance,3,Transliterated Hindi,1,True
truck hire kiya rs 9189,motor_vehicles_conveyance,3,Transliterated Hindi,1,True
bike ka insurance rs 2419,motor_vehicles_conveyance,3,Transliterated Hindi,1,True
diese1 bharwaya rs 24453,motor_vehicles_conveyance,3,Transliterated Hindi,1,True
truck hire kiya rs 22116,motor_vehicles_conveyance,3,Transliterated Hindi,1,True
bike ka insurance rs 15542,motor_vehicles_conveyance,3,Transliterated Hindi,1,True
gaadi kharidi rs 18986,motor_vehicles_conveyance,3,Transliterated Hindi,1,True
bike ka insurance rs 33926,motor_vehicles_conveyance,3,Transliterated Hindi,1,True
petrol da1waya rs 44319,motor_vehicles_conveyance,3,Transliterated Hindi,1,True
petrol dalwaya rs 10533,motor_vehicles_conveyance,3,Transliterated Hindi,1,True
bike ka insurance rs 46182,motor_vehicles_conveyance,3,Transliterated Hindi,1,True
petrol dalwaya rs 19409,motor_vehicles_conveyance,3,Transliterated Hindi,1,True
truck hire kiya rs 6197,motor_vehicles_conveyance,3,Transliterated Hindi,1,True
gaadi kharidi rs 23451,motor_vehicles_conveyance,3,Transliterated Hindi,1,True
bike ka insurance rs 41603,motor_vehicles_conveyance,3,Transliterated Hindi,1,True
car ki servicing rs 27231,motor_vehicles_conveyance,3,Transliterated Hindi,1,True
diesel bharwaya rs 34612,motor_vehicles_conveyance,3,Transliterated Hindi,1,True
diesel bharwaya rs 22091,motor_vehicles_conveyance,3,Transliterated Hindi,1,True
petrol dalwaya rs 1805,motor_vehicles_conveyance,3,Transliterated Hindi,1,True
diesel bharwaya rs 23548,motor_vehicles_conveyance,3,Transliterated Hindi,1,True
diesel bharwaya rs 26633,motor_vehicles_conveyance,3,Transliterated Hindi,1,True
bike ka insurance rs 27979,motor_vehicles_conveyance,3,Transliterated Hindi,1,True
car ki servicing rs 46079,motor_vehicles_conveyance,3,Transliterated Hindi,1,True
diesel bharwaya rs 11671,motor_vehicles_conveyance,3,Transliterated Hindi,1,True
gaadi kharidi rs 31209,motor_vehicles_conveyance,3,Transliterated Hindi,1,True
gaadi kharidi rs 46607,motor_vehicles_conveyance,3,Transliterated Hindi,1,True
diesel bharwaya rs 3248,motor_vehicles_conveyance,3,Transliterated Hindi,1,True
bike ka insurance rs 27916,motor_vehicles_conveyance,3,Transliterated Hindi,1,True
car ki servicing rs 28816,motor_vehicles_conveyance,3,Transliterated Hindi,1,True
diesel bharwaya rs 16291,motor_vehicles_conveyance,3,Transliterated Hindi,1,True
petrol dalwaya rs 19204,motor_vehicles_conveyance,3,Transliterated Hindi,1,True
truck hire kiya rs 19508,motor_vehicles_conveyance,3,Transliterated Hindi,1,True
ડીઝલ રૂ 708,motor_vehicles_conveyance,3,Gujarati,2,True
પેટ્રોલ રૂ 49858,motor_vehicles_conveyance,3,Gujarati,2,True
વાહન વીમો રૂ 15144,motor_vehicles_conveyance,3,Gujarati,2,True
ટાયર રૂ 36608,motor_vehicles_conveyance,3,Gujarati,2,True
વાહન વીમો રૂ 23858,motor_vehicles_conveyance,3,Gujarati,2,True
ગાડી રૂ 36299,motor_vehicles_conveyance,3,Gujarati,2,True
ટાયર રૂ 2441,motor_vehicles_conveyance,3,Gujarati,2,True
પેટ્રોલ રૂ 14228,motor_vehicles_conveyance,3,Gujarati,2,True
કાર રૂ 37843,motor_vehicles_conveyance,3,Gujarati,2,True
ગાડી રૂ 36824,motor_vehicles_conveyance,3,Gujarati,2,True
ટ્રક રૂ 6264,motor_vehicles_conveyance,3,Gujarati,2,True
ટ્રક રૂ 32397,motor_vehicles_conveyance,3,Gujarati,2,True
ટાયર રૂ 46971,motor_vehicles_conveyance,3,Gujarati,2,True
પેટ્રોલ રૂ 12065,motor_vehicles_conveyance,3,Gujarati,2,True
ડીઝલ રૂ 7661,motor_vehicles_conveyance,3,Gujarati,2,True
કાર રૂ 37745,motor_vehicles_conveyance,3,Gujarati,2,True
ટ્રક રૂ 25399,motor_vehicles_conveyance,3,Gujarati,2,True
પેટ્રોલ રૂ 47834,motor_vehicles_conveyance,3,Gujarati,2,True
વાહન વીમો રૂ 26811,motor_vehicles_conveyance,3,Gujarati,2,True
પેટ્રોલ રૂ 28809,motor_vehicles_conveyance,3,Gujarati,2,True
પેટ્રોલ રૂ 18990,motor_vehicles_conveyance,3,Gujarati,2,True
ટ્રક રૂ 5982,motor_vehicles_conveyance,3,Gujarati,2,True
પેટ્રોલ રૂ 8535,motor_vehicles_conveyance,3,Gujarati,2,True
ટાયર રૂ 16391,motor_vehicles_conveyance,3,Gujarati,2,True
ટાયર રૂ 19249,motor_vehicles_conveyance,3,Gujarati,2,True
ગાડી રૂ 18955,motor_vehicles_conveyance,3,Gujarati,2,True
ડીઝલ રૂ 4554,motor_vehicles_conveyance,3,Gujarati,2,True
ટાયર રૂ 44655,motor_vehicles_conveyance,3,Gujarati,2,True
ગાડી રૂ 47605,motor_vehicles_conveyance,3,Gujarati,2,True
કાર રૂ 28454,motor_vehicles_conveyance,3,Gujarati,2,True
ટાયર રૂ 38740,motor_vehicles_conveyance,3,Gujarati,2,True
ટ્રક રૂ 22800,motor_vehicles_conveyance,3,Gujarati,2,True
ડીઝલ રૂ 857,motor_vehicles_conveyance,3,Gujarati,2,True
ટ્રક રૂ 17651,motor_vehicles_conveyance,3,Gujarati,2,True
કાર રૂ 24589,motor_vehicles_conveyance,3,Gujarati,2,True
બાઇક રૂ 7351,motor_vehicles_conveyance,3,Gujarati,2,True
કાર રૂ 13O83,motor_vehicles_conveyance,3,Gujarati,2,True
પેટ્રોલ રૂ 49809,motor_vehicles_conveyance,3,Gujarati,2,True
કાર રૂ 7228,motor_vehicles_conveyance,3,Gujarati,2,True
વાહન વીમો રૂ 35746,motor_vehicles_conveyance,3,Gujarati,2,True
ટ્રક રૂ 44874,motor_vehicles_conveyance,3,Gujarati,2,True
ગાડી રૂ 9548,motor_vehicles_conveyance,3,Gujarati,2,True
બાઇક રૂ 40597,motor_vehicles_conveyance,3,Gujarati,2,True
ગાડી રૂ 5053,motor_vehicles_conveyance,3,Gujarati,2,True
બાઇક રૂ 13794,motor_vehicles_conveyance,3,Gujarati,2,True
ડીઝલ રૂ 44887,motor_vehicles_conveyance,3,Gujarati,2,True
વાહન વીમો રૂ 7503,motor_vehicles_conveyance,3,Gujarati,2,True
ગાડી રૂ 38528,motor_vehicles_conveyance,3,Gujarati,2,True
પેટ્રોલ રૂ 49494,motor_vehicles_conveyance,3,Gujarati,2,True
પેટ્રોલ રૂ 1740,motor_vehicles_conveyance,3,Gujarati,2,True
ટાયર રૂ 9065,motor_vehicles_conveyance,3,Gujarati,2,True
ડીઝલ રૂ 41837,motor_vehicles_conveyance,3,Gujarati,2,True
ટાયર રૂ 28799,motor_vehicles_conveyance,3,Gujarati,2,True
પેટ્રોલ રૂ 41882,motor_vehicles_conveyance,3,Gujarati,2,True
બાઇક રૂ 10340,motor_vehicles_conveyance,3,Gujarati,2,True
કાર રૂ 2520,motor_vehicles_conveyance,3,Gujarati,2,True
પેટ્રોલ રૂ 1789,motor_vehicles_conveyance,3,Gujarati,2,True
ટાયર રૂ 24036,motor_vehicles_conveyance,3,Gujarati,2,True
બાઇક રૂ 23399,motor_vehicles_conveyance,3,Gujarati,2,True
કાર રૂ 20949,motor_vehicles_conveyance,3,Gujarati,2,True
ટાયર રૂ 15250,motor_vehicles_conveyance,3,Gujarati,2,True
બાઇક રૂ 1069,motor_vehicles_conveyance,3,Gujarati,2,True
ટાયર રૂ 49233,motor_vehicles_conveyance,3,Gujarati,2,True
ટ્રક રૂ 34896,motor_vehicles_conveyance,3,Gujarati,2,True
કાર રૂ 40310,motor_vehicles_conveyance,3,Gujarati,2,True
બાઇક રૂ 32643,motor_vehicles_conveyance,3,Gujarati,2,True
ટાયર રૂ 4300,motor_vehicles_conveyance,3,Gujarati,2,True
બાઇક રૂ 2260,motor_vehicles_conveyance,3,Gujarati,2,True
વાહન વીમો રૂ 5246,motor_vehicles_conveyance,3,Gujarati,2,True
ટ્રક રૂ 7149,motor_vehicles_conveyance,3,Gujarati,2,True
પેટ્રોલ રૂ 24486,motor_vehicles_conveyance,3,Gujarati,2,True
પેટ્રોલ રૂ 8236,motor_vehicles_conveyance,3,Gujarati,2,True
ગાડી રૂ 33922,motor_vehicles_conveyance,3,Gujarati,2,True
બાઇક રૂ 12173,motor_vehicles_conveyance,3,Gujarati,2,True
ગાડી રૂ 14486,motor_vehicles_conveyance,3,Gujarati,2,True
પેટ્રોલ રૂ 39197,motor_vehicles_conveyance,3,Gujarati,2,True
ટાયર રૂ 48084,motor_vehicles_conveyance,3,Gujarati,2,True
ટાયર રૂ 23690,motor_vehicles_conveyance,3,Gujarati,2,True
વાહન વીમો રૂ 42646,motor_vehicles_conveyance,3,Gujarati,2,True
ટાયર રૂ 12418,motor_vehicles_conveyance,3,Gujarati,2,True
બાઇક રૂ 2619,motor_vehicles_conveyance,3,Gujarati,2,True
બાઇક રૂ 28444,motor_vehicles_conveyance,3,Gujarati,2,True
ટ્રક રૂ 42315,motor_vehicles_conveyance,3,Gujarati,2,True
પેટ્રોલ રૂ 16662,motor_vehicles_conveyance,3,Gujarati,2,True
વાહન વીમો રૂ 27074,motor_vehicles_conveyance,3,Gujarati,2,True
ટાયર રૂ 35423,motor_vehicles_conveyance,3,Gujarati,2,True
ટાયર રૂ 20490,motor_vehicles_conveyance,3,Gujarati,2,True
પેટ્રોલ રૂ 15488,motor_vehicles_conveyance,3,Gujarati,2,True
બાઇક રૂ 43531,motor_vehicles_conveyance,3,Gujarati,2,True
ગાડી રૂ 41137,motor_vehicles_conveyance,3,Gujarati,2,True
ડીઝલ રૂ 629,motor_vehicles_conveyance,3,Gujarati,2,True
ડીઝલ રૂ 8512,motor_vehicles_conveyance,3,Gujarati,2,True
ટ્રક રૂ 36272,motor_vehicles_conveyance,3,Gujarati,2,True
કાર રૂ 14049,motor_vehicles_conveyance,3,Gujarati,2,True
પેટ્રોલ રૂ 47542,motor_vehicles_conveyance,3,Gujarati,2,True
ગાડી રૂ 20540,motor_vehicles_conveyance,3,Gujarati,2,True
વાહન વીમો રૂ 9651,motor_vehicles_conveyance,3,Gujarati,2,True
ડીઝલ રૂ 469,motor_vehicles_conveyance,3,Gujarati,2,True
બાઇક રૂ 39916,motor_vehicles_conveyance,3,Gujarati,2,True
ડીઝલ રૂ 47412,motor_vehicles_conveyance,3,Gujarati,2,True
ગાડી રૂ 20848,motor_vehicles_conveyance,3,Gujarati,2,True
ટાયર રૂ 34765,motor_vehicles_conveyance,3,Gujarati,2,True
ડીઝલ રૂ 21981,motor_vehicles_conveyance,3,Gujarati,2,True
ટ્રક રૂ 18759,motor_vehicles_conveyance,3,Gujarati,2,True
ટાયર રૂ 6344,motor_vehicles_conveyance,3,Gujarati,2,True
પેટ્રોલ રૂ 27725,motor_vehicles_conveyance,3,Gujarati,2,True
ટ્રક રૂ 22512,motor_vehicles_conveyance,3,Gujarati,2,True
પેટ્રોલ રૂ 11523,motor_vehicles_conveyance,3,Gujarati,2,True
પેટ્રોલ રૂ 13588,motor_vehicles_conveyance,3,Gujarati,2,True
ડીઝલ રૂ 20923,motor_vehicles_conveyance,3,Gujarati,2,True
ડીઝલ રૂ 37626,motor_vehicles_conveyance,3,Gujarati,2,True
વાહન વીમો રૂ 45165,motor_vehicles_conveyance,3,Gujarati,2,True
કાર રૂ 29952,motor_vehicles_conveyance,3,Gujarati,2,True
ટાયર રૂ 43360,motor_vehicles_conveyance,3,Gujarati,2,True
વાહન વીમો રૂ 8300,motor_vehicles_conveyance,3,Gujarati,2,True
કાર રૂ 36142,motor_vehicles_conveyance,3,Gujarati,2,True
ગાડી રૂ 43491,motor_vehicles_conveyance,3,Gujarati,2,True
પેટ્રોલ રૂ 7917,motor_vehicles_conveyance,3,Gujarati,2,True
પેટ્રોલ રૂ 13808,motor_vehicles_conveyance,3,Gujarati,2,True
ડીઝલ રૂ 16825,motor_vehicles_conveyance,3,Gujarati,2,True
વાહન વીમો રૂ 15968,motor_vehicles_conveyance,3,Gujarati,2,True
ટાયર રૂ 18727,motor_vehicles_conveyance,3,Gujarati,2,True
ગાડી રૂ 10903,motor_vehicles_conveyance,3,Gujarati,2,True
કાર રૂ 15138,motor_vehicles_conveyance,3,Gujarati,2,True
કાર રૂ 26118,motor_vehicles_conveyance,3,Gujarati,2,True
ડીઝલ રૂ 21758,motor_vehicles_conveyance,3,Gujarati,2,True
ગાડી રૂ 29789,motor_vehicles_conveyance,3,Gujarati,2,True
કાર રૂ 18030,motor_vehicles_conveyance,3,Gujarati,2,True
બાઇક રૂ 48428,motor_vehicles_conveyance,3,Gujarati,2,True
ડીઝલ રૂ 37874,motor_vehicles_conveyance,3,Gujarati,2,True
બાઇક રૂ 16257,motor_vehicles_conveyance,3,Gujarati,2,True
વાહન વીમો રૂ 46571,motor_vehicles_conveyance,3,Gujarati,2,True
બાઇક રૂ 15176,motor_vehicles_conveyance,3,Gujarati,2,True
ટ્રક રૂ 16059,motor_vehicles_conveyance,3,Gujarati,2,True
ટાયર રૂ 5322,motor_vehicles_conveyance,3,Gujarati,2,True
બાઇક રૂ 10204,motor_vehicles_conveyance,3,Gujarati,2,True
કાર રૂ 11499,motor_vehicles_conveyance,3,Gujarati,2,True
ટ્રક રૂ 3743,motor_vehicles_conveyance,3,Gujarati,2,True
ડીઝલ રૂ 16471,motor_vehicles_conveyance,3,Gujarati,2,True
ટ્રક રૂ 36984,motor_vehicles_conveyance,3,Gujarati,2,True
ટાયર રૂ 16205,motor_vehicles_conveyance,3,Gujarati,2,True
કાર રૂ 30532,motor_vehicles_conveyance,3,Gujarati,2,True
ડીઝલ રૂ 19122,motor_vehicles_conveyance,3,Gujarati,2,True
ડીઝલ રૂ 9428,motor_vehicles_conveyance,3,Gujarati,2,True
ટાયર રૂ 28650,motor_vehicles_conveyance,3,Gujarati,2,True
વાહન વીમો રૂ 1173,motor_vehicles_conveyance,3,Gujarati,2,True
વાહન વીમો રૂ 1601,motor_vehicles_conveyance,3,Gujarati,2,True
પેટ્રોલ રૂ 22018,motor_vehicles_conveyance,3,Gujarati,2,True
ગાડી રૂ 18345,motor_vehicles_conveyance,3,Gujarati,2,True
કાર રૂ 11080,motor_vehicles_conveyance,3,Gujarati,2,True
કાર રૂ 38557,motor_vehicles_conveyance,3,Gujarati,2,True
બાઇક રૂ 41922,motor_vehicles_conveyance,3,Gujarati,2,True
બાઇક રૂ 15819,motor_vehicles_conveyance,3,Gujarati,2,True
વાહન વીમો રૂ 14574,motor_vehicles_conveyance,3,Gujarati,2,True
ટાયર રૂ 48160,motor_vehicles_conveyance,3,Gujarati,2,True
ગાડી રૂ 41362,motor_vehicles_conveyance,3,Gujarati,2,True
ટાયર રૂ 48987,motor_vehicles_conveyance,3,Gujarati,2,True
ટાયર રૂ 41154,motor_vehicles_conveyance,3,Gujarati,2,True
વાહન વીમો રૂ 18241,motor_vehicles_conveyance,3,Gujarati,2,True
પેટ્રોલ રૂ 28508,motor_vehicles_conveyance,3,Gujarati,2,True
કાર રૂ 21452,motor_vehicles_conveyance,3,Gujarati,2,True
કાર રૂ 4174,motor_vehicles_conveyance,3,Gujarati,2,True
કાર રૂ 37084,motor_vehicles_conveyance,3,Gujarati,2,True
ગાડી રૂ 15602,motor_vehicles_conveyance,3,Gujarati,2,True
વાહન વીમો રૂ 38078,motor_vehicles_conveyance,3,Gujarati,2,True
ગાડી રૂ 2474,motor_vehicles_conveyance,3,Gujarati,2,True
ટ્રક રૂ 41942,motor_vehicles_conveyance,3,Gujarati,2,True
ટાયર રૂ 28839,motor_vehicles_conveyance,3,Gujarati,2,True
કાર રૂ 34738,motor_vehicles_conveyance,3,Gujarati,2,True
કાર રૂ 17575,motor_vehicles_conveyance,3,Gujarati,2,True
બાઇક રૂ 3802,motor_vehicles_conveyance,3,Gujarati,2,True
ડીઝલ રૂ 3618,motor_vehicles_conveyance,3,Gujarati,2,True
વાહન વીમો રૂ 1875,motor_vehicles_conveyance,3,Gujarati,2,True
ટાયર રૂ 34175,motor_vehicles_conveyance,3,Gujarati,2,True
બાઇક રૂ 21106,motor_vehicles_conveyance,3,Gujarati,2,True
ટાયર રૂ 44972,motor_vehicles_conveyance,3,Gujarati,2,True
ગાડી રૂ 21959,motor_vehicles_conveyance,3,Gujarati,2,True
પેટ્રોલ રૂ 14681,motor_vehicles_conveyance,3,Gujarati,2,True
કાર રૂ 28430,motor_vehicles_conveyance,3,Gujarati,2,True
કાર રૂ 14514,motor_vehicles_conveyance,3,Gujarati,2,True
પેટ્રોલ રૂ 27397,motor_vehicles_conveyance,3,Gujarati,2,True
ટ્રક રૂ 39580,motor_vehicles_conveyance,3,Gujarati,2,True
પેટ્રોલ રૂ 18351,motor_vehicles_conveyance,3,Gujarati,2,True
ડીઝલ રૂ 47762,motor_vehicles_conveyance,3,Gujarati,2,True
ડીઝલ રૂ 32571,motor_vehicles_conveyance,3,Gujarati,2,True
બાઇક રૂ 5406,motor_vehicles_conveyance,3,Gujarati,2,True
ડીઝલ રૂ 5662,motor_vehicles_conveyance,3,Gujarati,2,True
ડીઝલ રૂ 22363,motor_vehicles_conveyance,3,Gujarati,2,True
કાર રૂ 33655,motor_vehicles_conveyance,3,Gujarati,2,True
બાઇક રૂ 6510,motor_vehicles_conveyance,3,Gujarati,2,True
ટાયર રૂ 3699S,motor_vehicles_conveyance,3,Gujarati,2,True
ડીઝલ રૂ 39093,motor_vehicles_conveyance,3,Gujarati,2,True
વાહન વીમો રૂ 46598,motor_vehicles_conveyance,3,Gujarati,2,True
કાર રૂ 10923,motor_vehicles_conveyance,3,Gujarati,2,True
ડીઝલ રૂ 3357,motor_vehicles_conveyance,3,Gujarati,2,True
ટાયર રૂ 26426,motor_vehicles_conveyance,3,Gujarati,2,True
બાઇક રૂ 28655,motor_vehicles_conveyance,3,Gujarati,2,True
ડીઝલ રૂ 31340,motor_vehicles_conveyance,3,Gujarati,2,True
બાઇક રૂ 30288,motor_vehicles_conveyance,3,Gujarati,2,True
બાઇક રૂ 28963,motor_vehicles_conveyance,3,Gujarati,2,True
બાઇક રૂ 39906,motor_vehicles_conveyance,3,Gujarati,2,True
પેટ્રોલ રૂ 28694,motor_vehicles_conveyance,3,Gujarati,2,True
કાર રૂ 9867,motor_vehicles_conveyance,3,Gujarati,2,True
ગાડી રૂ 8431,motor_vehicles_conveyance,3,Gujarati,2,True
ટ્રક રૂ 38537,motor_vehicles_conveyance,3,Gujarati,2,True
ડીઝલ રૂ 38687,motor_vehicles_conveyance,3,Gujarati,2,True
વાહન વીમો રૂ 27360,motor_vehicles_conveyance,3,Gujarati,2,True
પેટ્રોલ રૂ 9426,motor_vehicles_conveyance,3,Gujarati,2,True
કાર રૂ 14245,motor_vehicles_conveyance,3,Gujarati,2,True
બાઇક રૂ 34935,motor_vehicles_conveyance,3,Gujarati,2,True
પેટ્રોલ રૂ 34427,motor_vehicles_conveyance,3,Gujarati,2,True
પેટ્રોલ રૂ 45442,motor_vehicles_conveyance,3,Gujarati,2,True
ડીઝલ રૂ 17727,motor_vehicles_conveyance,3,Gujarati,2,True
ગાડી રૂ 6124,motor_vehicles_conveyance,3,Gujarati,2,True
ટાયર રૂ 9253,motor_vehicles_conveyance,3,Gujarati,2,True
કાર રૂ 22847,motor_vehicles_conveyance,3,Gujarati,2,True
પેટ્રોલ રૂ 45724,motor_vehicles_conveyance,3,Gujarati,2,True
બાઇક રૂ 46330,motor_vehicles_conveyance,3,Gujarati,2,True
વાહન વીમો રૂ 26968,motor_vehicles_conveyance,3,Gujarati,2,True
ટાયર રૂ 39817,motor_vehicles_conveyance,3,Gujarati,2,True
ટ્રક રૂ 6970,motor_vehicles_conveyance,3,Gujarati,2,True
ગાડી રૂ 26593,motor_vehicles_conveyance,3,Gujarati,2,True
બાઇક રૂ 18785,motor_vehicles_conveyance,3,Gujarati,2,True
કાર રૂ 24801,motor_vehicles_conveyance,3,Gujarati,2,True
પેટ્રોલ રૂ 42168,motor_vehicles_conveyance,3,Gujarati,2,True
ડીઝલ રૂ 6985,motor_vehicles_conveyance,3,Gujarati,2,True
કાર રૂ 9000,motor_vehicles_conveyance,3,Gujarati,2,True
વાહન વીમો રૂ 7317,motor_vehicles_conveyance,3,Gujarati,2,True
ડીઝલ રૂ 32044,motor_vehicles_conveyance,3,Gujarati,2,True
પેટ્રોલ રૂ 48522,motor_vehicles_conveyance,3,Gujarati,2,True
ગાડી રૂ 32073,motor_vehicles_conveyance,3,Gujarati,2,True
બાઇક રૂ 25965,motor_vehicles_conveyance,3,Gujarati,2,True
બાઇક રૂ 1307,motor_vehicles_conveyance,3,Gujarati,2,True
બાઇક રૂ 24543,motor_vehicles_conveyance,3,Gujarati,2,True
ટાયર રૂ 40688,motor_vehicles_conveyance,3,Gujarati,2,True
ટાયર રૂ 9757,motor_vehicles_conveyance,3,Gujarati,2,True
ટ્રક રૂ 14964,motor_vehicles_conveyance,3,Gujarati,2,True
બાઇક રૂ 16138,motor_vehicles_conveyance,3,Gujarati,2,True
પેટ્રોલ રૂ 23241,motor_vehicles_conveyance,3,Gujarati,2,True
ડીઝલ રૂ 47896,motor_vehicles_conveyance,3,Gujarati,2,True
વાહન વીમો રૂ 14488,motor_vehicles_conveyance,3,Gujarati,2,True
ટ્રક રૂ 12693,motor_vehicles_conveyance,3,Gujarati,2,True
ગાડી રૂ 38708,motor_vehicles_conveyance,3,Gujarati,2,True
ટાયર રૂ 9521,motor_vehicles_conveyance,3,Gujarati,2,True
ગાડી રૂ 13008,motor_vehicles_conveyance,3,Gujarati,2,True
કાર રૂ 6061,motor_vehicles_conveyance,3,Gujarati,2,True
ટાયર રૂ 37612,motor_vehicles_conveyance,3,Gujarati,2,True
બાઇક રૂ 26765,motor_vehicles_conveyance,3,Gujarati,2,True
બાઇક રૂ 4314,motor_vehicles_conveyance,3,Gujarati,2,True
કાર રૂ 29243,motor_vehicles_conveyance,3,Gujarati,2,True
Car battery rep1acement Maruti Rs 3736,motor_vehicles_conveyance,3,Code-mixed Hindi-English,3,True
Vehicle insurance premium renewal Rs 104645,motor_vehicles_conveyance,3,Code-mixed Hindi-English,3,True
Number plate HSRP new Rs 28972,motor_vehicles_conveyance,3,Code-mixed Hindi-English,3,True
Fitness certificate renewal truck,motor_vehicles_conveyance,3,Code-mixed Hindi-English,3,True
Taxi fare from Vadodara to Bhopal,motor_vehicles_conveyance,3,Code-mixed Hindi-English,3,True
Vehicle registration renewal fee Rs 42596,motor_vehicles_conveyance,3,Code-mixed Hindi-English,3,True
Wheel alignment balancing,motor_vehicles_conveyance,3,Code-mixed Hindi-English,3,True
Wheel alignment balancing Rs 42459,motor_vehicles_conveyance,3,Code-mixed Hindi-English,3,True
CNG refill 48 kg for taxi,motor_vehicles_conveyance,3,Code-mixed Hindi-English,3,True
Fitness certificate renewal truck Rs 106090,motor_vehicles_conveyance,3,Code-mixed Hindi-English,3,True
Wheel alignment balancing Rs 3418,motor_vehicles_conveyance,3,Code-mixed Hindi-English,3,True
Truck hiring for goods transport Ahmedabad-Kolkata Rs 2809B1,motor_vehicles_conveyance,3,Code-mixed Hindi-English,3,True
Transportation charges goods truck Rs 46102,motor_vehicles_conveyance,3,Code-mixed Hindi-English,3,True
Driver salary for November,motor_vehicles_conveyance,3,Code-mixed Hindi-English,3,True
Transportation charges goods truck,motor_vehicles_conveyance,3,Code-mixed Hindi-English,3,True
Engine oil change Ashok Leyland Rs 11912,motor_vehicles_conveyance,3,Code-mixed Hindi-English,3,True
Bike fuel petrol 6 ltr,motor_vehicles_conveyance,3,Code-mixed Hindi-English,3,True
CNG refill 90 kg for taxi,motor_vehicles_conveyance,3,Code-mixed Hindi-English,3,True
Vehicle spare parts battery Rs 309028,motor_vehicles_conveyance,3,Code-mixed Hindi-English,3,True
Vehicle insurance premium renewal Rs 21352,motor_vehicles_conveyance,3,Code-mixed Hindi-English,3,True
Car servicing and maintenance Rs 60997,motor_vehicles_conveyance,3,Code-mixed Hindi-English,3,True
Speed governor installation,motor_vehicles_conveyance,3,Code-mixed Hindi-English,3,True
Co1d storage transport charges Rs 462l9,motor_vehicles_conveyance,3,Code-mixed Hindi-English,3,True
Toll tax paid Rajkot-Bhopal highway,motor_vehicles_conveyance,3,Code-mixed Hindi-English,3,True
GPS tracker installation,motor_vehicles_conveyance,3,Code-mixed Hindi-English,3,True
Truck body repair denting painting Rs 53912,motor_vehicles_conveyance,3,Code-mixed Hindi-English,3,True
Car battery replacement Ashok Leyland,motor_vehicles_conveyance,3,Code-mixed Hindi-English,3,True
Number plate HSRP new,motor_vehicles_conveyance,3,Code-mixed Hindi-English,3,True
Vehicle insurance premium renewal,motor_vehicles_conveyance,3,Code-mixed Hindi-English,3,True
Vehicle spare parts battery Rs 11784,motor_vehicles_conveyance,3,Code-mixed Hindi-English,3,True
Car wash and detailing,motor_vehicles_conveyance,3,Code-mixed Hindi-English,3,True
Tyre replacement 42 nos,motor_vehicles_conveyance,3,Code-mixed Hindi-English,3,True
Car {brand} {model} purchase new,motor_vehicles_conveyance,3,Code-mixed Hindi-English,3,True
Wheel alignment balancing Rs 471355,motor_vehicles_conveyance,3,Code-mixed Hindi-English,3,True
Vehicle spare parts shock absorber,motor_vehicles_conveyance,3,Code-mixed Hindi-English,3,True
Fitness certificate renewal truck Rs 38263,motor_vehicles_conveyance,3,Code-mixed Hindi-English,3,True
Taxi fare from Hyderabad to Hyderabad,motor_vehicles_conveyance,3,Code-mixed Hindi-English,3,True
Parking charges monthly,motor_vehicles_conveyance,3,Code-mixed Hindi-English,3,True
Car wash and detailing Rs 421463,motor_vehicles_conveyance,3,Code-mixed Hindi-English,3,True
Vehicle registration renewal fee,motor_vehicles_conveyance,3,Code-mixed Hindi-English,3,True
Toll tax paid Lucknow-Chennai highway,motor_vehicles_conveyance,3,Code-mixed Hindi-English,3,True
Toll tax paid Rajkot-Chennai highway,motor_vehicles_conveyance,3,Code-mixed Hindi-English,3,True
Engine oil change Mahindra,motor_vehicles_conveyance,3,Code-mixed Hindi-English,3,True
CNG refill 63 kg for taxi,motor_vehicles_conveyance,3,Code-mixed Hindi-English,3,True
CNG refill 22 kg for taxi,motor_vehicles_conveyance,3,Code-mixed Hindi-English,3,True
Toll tax paid Mumbai-Mumbai highway,motor_vehicles_conveyance,3,Code-mixed Hindi-English,3,True
Transportation charges goods truck Rs 459145,motor_vehicles_conveyance,3,Code-mixed Hindi-English,3,True
Truck body repair denting painting Rs 378298,motor_vehicles_conveyance,3,Code-mixed Hindi-English,3,True
Tyre replacement 16 nos,motor_vehicles_conveyance,3,Code-mixed Hindi-English,3,True
Car wash and detailing Rs 406470,motor_vehicles_conveyance,3,Code-mixed Hindi-English,3,True
Car servicing and maintenance Rs 13595,motor_vehicles_conveyance,3,Code-mixed Hindi-English,3,True
Car servicing and maintenance,motor_vehicles_conveyance,3,Code-mixed Hindi-English,3,True
Engine oil change Tata Rs 393410,motor_vehicles_conveyance,3,Code-mixed Hindi-English,3,True
Driver salary for October Rs 134424,motor_vehicles_conveyance,3,Code-mixed Hindi-English,3,True
CNG refill 4S kg for taxi,motor_vehicles_conveyance,3,Code-mixed Hindi-English,3,True
Speed governor installation Rs 28707,motor_vehicles_conveyance,3,Code-mixed Hindi-English,3,True
CNG refill 27 kg for taxi,motor_vehicles_conveyance,3,Code-mixed Hindi-English,3,True
CNG refill 53 kg for taxi,motor_vehicles_conveyance,3,Code-mixed Hindi-English,3,True
Truck hiring for goods transport Lucknow-Delhi,motor_vehicles_conveyance,3,Code-mixed Hindi-English,3,True
Parking charges monthly Rs 2678,motor_vehicles_conveyance,3,Code-mixed Hindi-English,3,True
Car battery replacement Tata Rs 19599,motor_vehicles_conveyance,3,Code-mixed Hindi-English,3,True
Vehicle insurance premium renewal Rs 8059,motor_vehicles_conveyance,3,Code-mixed Hindi-English,3,True
Car battery replacement Bajaj,motor_vehicles_conveyance,3,Code-mixed Hindi-English,3,True
Vehicle spare parts shock absorber Rs 458259,motor_vehicles_conveyance,3,Code-mixed Hindi-English,3,True
Toll tax paid Hyderabad-Delhi highway Rs 47534,motor_vehicles_conveyance,3,Code-mixed Hindi-English,3,True
Vehicle spare parts brake pad,motor_vehicles_conveyance,3,Code-mixed Hindi-English,3,True
Tyre replacement 33 nos Rs 30508,motor_vehicles_conveyance,3,Code-mixed Hindi-English,3,True
Transportation charges goods truck Rs 9271,motor_vehicles_conveyance,3,Code-mixed Hindi-English,3,True
Engine oil change TVS,motor_vehicles_conveyance,3,Code-mixed Hindi-English,3,True
Engine oil change Ashok Leyland Rs 7016,motor_vehicles_conveyance,3,Code-mixed Hindi-English,3,True
Truck body repair denting painting,motor_vehicles_conveyance,3,Code-mixed Hindi-English,3,True
Tyre replacement 19 nos,motor_vehicles_conveyance,3,Code-mixed Hindi-English,3,True
Truck hiring for goods transport Ahmedabad-Kolkata Rs 420655,motor_vehicles_conveyance,3,Code-mixed Hindi-English,3,True
Taxi fare from Rajkot to Ahmedabad,motor_vehicles_conveyance,3,Code-mixed Hindi-English,3,True
Bike fuel petrol 10 ltr,motor_vehicles_conveyance,3,Code-mixed Hindi-English,3,True
Toll tax paid Kolkata-Surat highway Rs 159590,motor_vehicles_conveyance,3,Code-mixed Hindi-English,3,True
Fitness certificate renewal truck Rs 323748,motor_vehicles_conveyance,3,Code-mixed Hindi-English,3,True
Tyre replacement 40 nos Rs 77783,motor_vehicles_conveyance,3,Code-mixed Hindi-English,3,True
CNG refill 23 kg for taxi,motor_vehicles_conveyance,3,Code-mixed Hindi-English,3,True
CNG refill 36 kg for taxi,motor_vehicles_conveyance,3,Code-mixed Hindi-English,3,True
Truck hiring for goods transport Ahmedabad-Chennai Rs 220157,motor_vehicles_conveyance,3,Code-mixed Hindi-English,3,True
Taxi fare from Delhi to Mumbai,motor_vehicles_conveyance,3,Code-mixed Hindi-English,3,True
Vehicle registration renewal fee Rs 69548,motor_vehicles_conveyance,3,Code-mixed Hindi-English,3,True
Loading unloading charges Rs 135294,motor_vehicles_conveyance,3,Code-mixed Hindi-English,3,True
Vehicle registration renewal fee Rs 211406,motor_vehicles_conveyance,3,Code-mixed Hindi-English,3,True
Toll tax paid Surat-Ahmedabad highway,motor_vehicles_conveyance,3,Code-mixed Hindi-English,3,True
Car battery replacement Hero,motor_vehicles_conveyance,3,Code-mixed Hindi-English,3,True
Car battery replacement Honda,motor_vehicles_conveyance,3,Code-mixed Hindi-English,3,True
Car battery replacement Toyota,motor_vehicles_conveyance,3,Code-mixed Hindi-English,3,True
Taxi fare from Vadodara to Bhopal Rs 417543,motor_vehicles_conveyance,3,Code-mixed Hindi-English,3,True
Car servicing and maintenance Rs 36276,motor_vehicles_conveyance,3,Code-mixed Hindi-English,3,True
Vehicle spare parts spark plug,motor_vehicles_conveyance,3,Code-mixed Hindi-English,3,True
Vehicle spare parts air filter Rs 25053,motor_vehicles_conveyance,3,Code-mixed Hindi-English,3,True
CNG refill S3 kg for taxi,motor_vehicles_conveyance,3,Code-mixed Hindi-English,3,True
Speed governor installation Rs 237162,motor_vehicles_conveyance,3,Code-mixed Hindi-English,3,True
Car wash and detailing Rs 103,motor_vehicles_conveyance,3,Code-mixed Hindi-English,3,True
Wheel alignment balancing Rs 471678,motor_vehicles_conveyance,3,Code-mixed Hindi-English,3,True
Parking charges monthly Rs 48448,motor_vehicles_conveyance,3,Code-mixed Hindi-English,3,True
Cold storage transport charges,motor_vehicles_conveyance,3,Code-mixed Hindi-English,3,True
Truck hiring for goods transport Pune-Jaipur,motor_vehicles_conveyance,3,Code-mixed Hindi-English,3,True
Taxi fare from Indore to Ahmedabad,motor_vehicles_conveyance,3,Code-mixed Hindi-English,3,True
Vehicle insurance premium renewa1,motor_vehicles_conveyance,3,Code-mixed Hindi-English,3,True
GPS tracker installation Rs 46344,motor_vehicles_conveyance,3,Code-mixed Hindi-English,3,True
Car wash and detailing Rs 265764,motor_vehicles_conveyance,3,Code-mixed Hindi-English,3,True
Vehicle insurance premium renewal Rs 44541,motor_vehicles_conveyance,3,Code-mixed Hindi-English,3,True
Loading unloading charges,motor_vehicles_conveyance,3,Code-mixed Hindi-English,3,True
Car {brand} {model} purchase new Rs 45178,motor_vehicles_conveyance,3,Code-mixed Hindi-English,3,True
Cold storage transport charges Rs 9389,motor_vehicles_conveyance,3,Code-mixed Hindi-English,3,True
Toll tax paid Hyderabad-Chennai highway,motor_vehicles_conveyance,3,Code-mixed Hindi-English,3,True
Taxi fare from Surat to Kolkata,motor_vehicles_conveyance,3,Code-mixed Hindi-English,3,True
Bike fuel petrol 11 ltr Rs 5891,motor_vehicles_conveyance,3,Code-mixed Hindi-English,3,True
Truck body repair denting painting Rs 118277,motor_vehicles_conveyance,3,Code-mixed Hindi-English,3,True
Bike fuel petrol 15 ltr,motor_vehicles_conveyance,3,Code-mixed Hindi-English,3,True
Vehicle insurance premium renewal Rs 11502,motor_vehicles_conveyance,3,Code-mixed Hindi-English,3,True
CNG refill 28 kg for taxi,motor_vehicles_conveyance,3,Code-mixed Hindi-English,3,True
Toll tax paid Hyderabad-Mumbai highway Rs 303326,motor_vehicles_conveyance,3,Code-mixed Hindi-English,3,True
Taxi fare from Vadodara to Hyderabad,motor_vehicles_conveyance,3,Code-mixed Hindi-English,3,True
Loading unloading charges Rs 255436,motor_vehicles_conveyance,3,Code-mixed Hindi-English,3,True
Tyre replacement 45 nos,motor_vehicles_conveyance,3,Code-mixed Hindi-English,3,True
Engine oil change Maruti,motor_vehicles_conveyance,3,Code-mixed Hindi-English,3,True
Driver salary for October Rs 123928,motor_vehicles_conveyance,3,Code-mixed Hindi-English,3,True
Driver salary for February Rs 353274,motor_vehicles_conveyance,3,Code-mixed Hindi-English,3,True
Engine oil change Bajaj Rs 35656,motor_vehicles_conveyance,3,Code-mixed Hindi-English,3,True
Truck body repair denting painting Rs 17391,motor_vehicles_conveyance,3,Code-mixed Hindi-English,3,True
Loading un1oading charges,motor_vehicles_conveyance,3,Code-mixed Hindi-English,3,True
Driver salary for August,motor_vehicles_conveyance,3,Code-mixed Hindi-English,3,True
Tyre replacement 39 nos,motor_vehicles_conveyance,3,Code-mixed Hindi-English,3,True
Truck hiring for goods transport Surat-Hyderabad,motor_vehicles_conveyance,3,Code-mixed Hindi-English,3,True
Car wash and detailing Rs 195939,motor_vehicles_conveyance,3,Code-mixed Hindi-English,3,True
Tyre replacement 22 nos,motor_vehicles_conveyance,3,Code-mixed Hindi-English,3,True
Speed governor installation Rs 92428,motor_vehicles_conveyance,3,Code-mixed Hindi-English,3,True
Toll tax paid Delhi-Jaipur highway,motor_vehicles_conveyance,3,Code-mixed Hindi-English,3,True
Truck hiring for goods transport Delhi-Surat,motor_vehicles_conveyance,3,Code-mixed Hindi-English,3,True
CNG refill 95 kg for taxi,motor_vehicles_conveyance,3,Code-mixed Hindi-English,3,True
Taxi fare from Vadodara to Mumbai,motor_vehicles_conveyance,3,Code-mixed Hindi-English,3,True
Tyre replacement 48 nos,motor_vehicles_conveyance,3,Code-mixed Hindi-English,3,True
Truck hiring for goods transport Indore-Hyderabad,motor_vehicles_conveyance,3,Code-mixed Hindi-English,3,True
Bike fuel petrol 18 ltr Rs 42913,motor_vehicles_conveyance,3,Code-mixed Hindi-English,3,True
Toll tax paid Bhopal-Indore highway Rs 475423,motor_vehicles_conveyance,3,Code-mixed Hindi-English,3,True
Tyre replacement 44 nos,motor_vehicles_conveyance,3,Code-mixed Hindi-English,3,True
Wheel alignment balancing Rs 283,motor_vehicles_conveyance,3,Code-mixed Hindi-English,3,True
Tyre replacement 46 nos Rs 309654,motor_vehicles_conveyance,3,Code-mixed Hindi-English,3,True
Car wash and detailing Rs 271888,motor_vehicles_conveyance,3,Code-mixed Hindi-English,3,True
Tyre replacement 2 nos,motor_vehicles_conveyance,3,Code-mixed Hindi-English,3,True
Driver salary for May,motor_vehicles_conveyance,3,Code-mixed Hindi-English,3,True
Toll tax paid Lucknow-Ahmedabad highway,motor_vehicles_conveyance,3,Code-mixed Hindi-English,3,True
Vehicle spare parts spark plug Rs 167349,motor_vehicles_conveyance,3,Code-mixed Hindi-English,3,True
Taxi fare from Hyderabad to Chennai Rs 116520,motor_vehicles_conveyance,3,Code-mixed Hindi-English,3,True
CNG refill 25 kg for taxi Rs 21227,motor_vehicles_conveyance,3,Code-mixed Hindi-English,3,True
Cold storage transport charges Rs 282832,motor_vehicles_conveyance,3,Code-mixed Hindi-English,3,True
Car wash and detailing Rs 31181,motor_vehicles_conveyance,3,Code-mixed Hindi-English,3,True
Bike fuel petrol 4 ltr Rs 308444,motor_vehicles_conveyance,3,Code-mixed Hindi-English,3,True
Vehicle spare parts oil filter Rs 15303,motor_vehicles_conveyance,3,Code-mixed Hindi-English,3,True
Fitness certificate renewal truck Rs 328302,motor_vehicles_conveyance,3,Code-mixed Hindi-English,3,True
Car battery replacement Bajaj Rs 180433,motor_vehicles_conveyance,3,Code-mixed Hindi-English,3,True
Parking charges monthly Rs 7017,motor_vehicles_conveyance,3,Code-mixed Hindi-English,3,True
Truck hiring for goods transport Pune-Chennai Rs 257943,motor_vehicles_conveyance,3,Code-mixed Hindi-English,3,True
CNG refill 61 kg for taxi Rs 44561,motor_vehicles_conveyance,3,Code-mixed Hindi-English,3,True
Car battery replacement Hero Rs 178385,motor_vehicles_conveyance,3,Code-mixed Hindi-English,3,True
Engine oil change Toyota Rs 362249,motor_vehicles_conveyance,3,Code-mixed Hindi-English,3,True
Taxi fare from Lucknow to Kolkata Rs 38040,motor_vehicles_conveyance,3,Code-mixed Hindi-English,3,True
Engine oil change Bajaj Rs 20S327,motor_vehicles_conveyance,3,Code-mixed Hindi-English,3,True
Toll tax paid Pune-Jaipur highway,motor_vehicles_conveyance,3,Code-mixed Hindi-English,3,True
Toll tax paid Bangalore-Lucknow highway Rs 108608,motor_vehicles_conveyance,3,Code-mixed Hindi-English,3,True
Toll tax paid Ahmedabad-Bhopal highway Rs 297,motor_vehicles_conveyance,3,Code-mixed Hindi-English,3,True
Engine oil change Toyota,motor_vehicles_conveyance,3,Code-mixed Hindi-English,3,True
Wheel alignment balancing Rs 46108,motor_vehicles_conveyance,3,Code-mixed Hindi-English,3,True
नाश्ता रु 15310,food_beverages_catering,4,Hindi (Devanagari),0,True
खाना रु 6679,food_beverages_catering,4,Hindi (Devanagari),0,True
खाना रु 42356,food_beverages_catering,4,Hindi (Devanagari),0,True
मिठाई रु 49010,food_beverages_catering,4,Hindi (Devanagari),0,True
पार्टी रु 9177,food_beverages_catering,4,Hindi (Devanagari),0,True
पार्टी रु 28074,food_beverages_catering,4,Hindi (Devanagari),0,True
पार्टी रु 48098,food_beverages_catering,4,Hindi (Devanagari),0,True
लंच रु 45234,food_beverages_catering,4,Hindi (Devanagari),0,True
लंच रु 37354,food_beverages_catering,4,Hindi (Devanagari),0,True
लंच रु 19029,food_beverages_catering,4,Hindi (Devanagari),0,True
मिठाई रु 48122,food_beverages_catering,4,Hindi (Devanagari),0,True
भोजन रु 33493,food_beverages_catering,4,Hindi (Devanagari),0,True
खाना रु 9107,food_beverages_catering,4,Hindi (Devanagari),0,True
चाय रु 7106,food_beverages_catering,4,Hindi (Devanagari),0,True
कैटरिंग रु 6295,food_beverages_catering,4,Hindi (Devanagari),0,True
चाय रु 9596,food_beverages_catering,4,Hindi (Devanagari),0,True
लंच रु 6876,food_beverages_catering,4,Hindi (Devanagari),0,True
खाना रु 24500,food_beverages_catering,4,Hindi (Devanagari),0,True
मिठाई रु 25507,food_beverages_catering,4,Hindi (Devanagari),0,True
कैटरिंग रु 27102,food_beverages_catering,4,Hindi (Devanagari),0,True
पार्टी रु 35540,food_beverages_catering,4,Hindi (Devanagari),0,True
चाय रु 47935,food_beverages_catering,4,Hindi (Devanagari),0,True
लंच रु 49459,food_beverages_catering,4,Hindi (Devanagari),0,True
चाय रु 32859,food_beverages_catering,4,Hindi (Devanagari),0,True
पार्टी रु 47655,food_beverages_catering,4,Hindi (Devanagari),0,True
खाना रु 19561,food_beverages_catering,4,Hindi (Devanagari),0,True
मिठाई रु 31964,food_beverages_catering,4,Hindi (Devanagari),0,True
मिठाई रु 22733,food_beverages_catering,4,Hindi (Devanagari),0,True
खाना रु 42867,food_beverages_catering,4,Hindi (Devanagari),0,True
पानी रु 8793,food_beverages_catering,4,Hindi (Devanagari),0,True
कैटरिंग रु 1408,food_beverages_catering,4,Hindi (Devanagari),0,True
नाश्ता रु 40024,food_beverages_catering,4,Hindi (Devanagari),0,True
चाय रु 48026,food_beverages_catering,4,Hindi (Devanagari),0,True
चाय रु 20023,food_beverages_catering,4,Hindi (Devanagari),0,True
नाश्ता रु 22771,food_beverages_catering,4,Hindi (Devanagari),0,True
लंच रु 36026,food_beverages_catering,4,Hindi (Devanagari),0,True
पार्टी रु 23173,food_beverages_catering,4,Hindi (Devanagari),0,True
खाना रु 35062,food_beverages_catering,4,Hindi (Devanagari),0,True
मिठाई रु 10579,food_beverages_catering,4,Hindi (Devanagari),0,True
भोजन रु 22650,food_beverages_catering,4,Hindi (Devanagari),0,True
नाश्ता रु 36262,food_beverages_catering,4,Hindi (Devanagari),0,True
मिठाई रु 11050,food_beverages_catering,4,Hindi (Devanagari),0,True
नाश्ता रु 12665,food_beverages_catering,4,Hindi (Devanagari),0,True
कैटरिंग रु 18288,food_beverages_catering,4,Hindi (Devanagari),0,True
मिठाई रु 49587,food_beverages_catering,4,Hindi (Devanagari),0,True
मिठाई रु 48608,food_beverages_catering,4,Hindi (Devanagari),0,True
भोजन रु 8177,food_beverages_catering,4,Hindi (Devanagari),0,True
लंच रु 19708,food_beverages_catering,4,Hindi (Devanagari),0,True
पानी रु 33176,food_beverages_catering,4,Hindi (Devanagari),0,True
पार्टी रु 21595,food_beverages_catering,4,Hindi (Devanagari),0,True
पानी रु 4983,food_beverages_catering,4,Hindi (Devanagari),0,True
कैटरिंग रु 27788,food_beverages_catering,4,Hindi (Devanagari),0,True
पानी रु 15365,food_beverages_catering,4,Hindi (Devanagari),0,True
मिठाई रु 21546,food_beverages_catering,4,Hindi (Devanagari),0,True
पार्टी रु 26473,food_beverages_catering,4,Hindi (Devanagari),0,True
मिठाई रु 31763,food_beverages_catering,4,Hindi (Devanagari),0,True
भोजन रु 4841,food_beverages_catering,4,Hindi (Devanagari),0,True
लंच रु 39660,food_beverages_catering,4,Hindi (Devanagari),0,True
भोजन रु 17592,food_beverages_catering,4,Hindi (Devanagari),0,True
कैटरिंग रु 30956,food_beverages_catering,4,Hindi (Devanagari),0,True
पार्टी रु 46266,food_beverages_catering,4,Hindi (Devanagari),0,True
नाश्ता रु 12495,food_beverages_catering,4,Hindi (Devanagari),0,True
लंच रु 9065,food_beverages_catering,4,Hindi (Devanagari),0,True
खाना रु 2260,food_beverages_catering,4,Hindi (Devanagari),0,True
चाय रु 42471,food_beverages_catering,4,Hindi (Devanagari),0,True
मिठाई रु 38896,food_beverages_catering,4,Hindi (Devanagari),0,True
नाश्ता रु 11580,food_beverages_catering,4,Hindi (Devanagari),0,True
लंच रु 44723,food_beverages_catering,4,Hindi (Devanagari),0,True
नाश्ता रु 9877,food_beverages_catering,4,Hindi (Devanagari),0,True
पानी रु 33823,food_beverages_catering,4,Hindi (Devanagari),0,True
मिठाई रु 28981,food_beverages_catering,4,Hindi (Devanagari),0,True
खाना रु 43003,food_beverages_catering,4,Hindi (Devanagari),0,True
कैटरिंग रु 16924,food_beverages_catering,4,Hindi (Devanagari),0,True
कैटरिंग रु 4056,food_beverages_catering,4,Hindi (Devanagari),0,True
चाय रु 14536,food_beverages_catering,4,Hindi (Devanagari),0,True
पार्टी रु 48254,food_beverages_catering,4,Hindi (Devanagari),0,True
लंच रु 28899,food_beverages_catering,4,Hindi (Devanagari),0,True
कैटरिंग रु 734,food_beverages_catering,4,Hindi (Devanagari),0,True
पार्टी रु 38095,food_beverages_catering,4,Hindi (Devanagari),0,True
मिठाई रु 38l28,food_beverages_catering,4,Hindi (Devanagari),0,True
भोजन रु 23368,food_beverages_catering,4,Hindi (Devanagari),0,True
लंच रु 47293,food_beverages_catering,4,Hindi (Devanagari),0,True
पार्टी रु 39651,food_beverages_catering,4,Hindi (Devanagari),0,True
कैटरिंग रु 36046,food_beverages_catering,4,Hindi (Devanagari),0,True
लंच रु 17504,food_beverages_catering,4,Hindi (Devanagari),0,True
भोजन रु 27920,food_beverages_catering,4,Hindi (Devanagari),0,True
लंच रु 32809,food_beverages_catering,4,Hindi (Devanagari),0,True
लंच रु 43805,food_beverages_catering,4,Hindi (Devanagari),0,True
मिठाई रु 47937,food_beverages_catering,4,Hindi (Devanagari),0,True
पानी रु 35226,food_beverages_catering,4,Hindi (Devanagari),0,True
खाना रु 18208,food_beverages_catering,4,Hindi (Devanagari),0,True
खाना रु 48306,food_beverages_catering,4,Hindi (Devanagari),0,True
नाश्ता रु 17164,food_beverages_catering,4,Hindi (Devanagari),0,True
खाना रु 10108,food_beverages_catering,4,Hindi (Devanagari),0,True
लंच रु 35278,food_beverages_catering,4,Hindi (Devanagari),0,True
पानी रु 29997,food_beverages_catering,4,Hindi (Devanagari),0,True
भोजन रु 10402,food_beverages_catering,4,Hindi (Devanagari),0,True
खाना रु 46008,food_beverages_catering,4,Hindi (Devanagari),0,True
भोजन रु 32031,food_beverages_catering,4,Hindi (Devanagari),0,True
पानी रु 36832,food_beverages_catering,4,Hindi (Devanagari),0,True
खाना रु 3261,food_beverages_catering,4,Hindi (Devanagari),0,True
मिठाई रु 30260,food_beverages_catering,4,Hindi (Devanagari),0,True
पानी रु 48682,food_beverages_catering,4,Hindi (Devanagari),0,True
भोजन रु 9583,food_beverages_catering,4,Hindi (Devanagari),0,True
मिठाई रु 8698,food_beverages_catering,4,Hindi (Devanagari),0,True
चाय रु 174,food_beverages_catering,4,Hindi (Devanagari),0,True
मिठाई रु 34829,food_beverages_catering,4,Hindi (Devanagari),0,True
कैटरिंग रु 15175,food_beverages_catering,4,Hindi (Devanagari),0,True
पार्टी रु 21232,food_beverages_catering,4,Hindi (Devanagari),0,True
पार्टी रु 46182,food_beverages_catering,4,Hindi (Devanagari),0,True
कैटरिंग रु 46043,food_beverages_catering,4,Hindi (Devanagari),0,True
लंच रु 30382,food_beverages_catering,4,Hindi (Devanagari),0,True
भोजन रु 23260,food_beverages_catering,4,Hindi (Devanagari),0,True
खाना रु 36346,food_beverages_catering,4,Hindi (Devanagari),0,True
भोजन रु 6305,food_beverages_catering,4,Hindi (Devanagari),0,True
पानी रु 18747,food_beverages_catering,4,Hindi (Devanagari),0,True
पानी रु 4118,food_beverages_catering,4,Hindi (Devanagari),0,True
लंच रु 21385,food_beverages_catering,4,Hindi (Devanagari),0,True
पार्टी रु 27553,food_beverages_catering,4,Hindi (Devanagari),0,True
खाना रु 23088,food_beverages_catering,4,Hindi (Devanagari),0,True
पानी रु 397,food_beverages_catering,4,Hindi (Devanagari),0,True
कैटरिंग रु 11209,food_beverages_catering,4,Hindi (Devanagari),0,True
पार्टी रु 13089,food_beverages_catering,4,Hindi (Devanagari),0,True
लंच रु 6903,food_beverages_catering,4,Hindi (Devanagari),0,True
भोजन रु 24120,food_beverages_catering,4,Hindi (Devanagari),0,True
कैटरिंग रु 48587,food_beverages_catering,4,Hindi (Devanagari),0,True
भोजन रु 1727,food_beverages_catering,4,Hindi (Devanagari),0,True
पार्टी रु 45814,food_beverages_catering,4,Hindi (Devanagari),0,True
नाश्ता रु 25072,food_beverages_catering,4,Hindi (Devanagari),0,True
मिठाई रु 1721,food_beverages_catering,4,Hindi (Devanagari),0,True
पानी रु 40500,food_beverages_catering,4,Hindi (Devanagari),0,True
खाना रु 22836,food_beverages_catering,4,Hindi (Devanagari),0,True
चाय रु 47376,food_beverages_catering,4,Hindi (Devanagari),0,True
खाना रु 39291,food_beverages_catering,4,Hindi (Devanagari),0,True
लंच रु 37841,food_beverages_catering,4,Hindi (Devanagari),0,True
पानी रु 13182,food_beverages_catering,4,Hindi (Devanagari),0,True
कैटरिंग रु 40672,food_beverages_catering,4,Hindi (Devanagari),0,True
खाना रु 19756,food_beverages_catering,4,Hindi (Devanagari),0,True
लंच रु 34475,food_beverages_catering,4,Hindi (Devanagari),0,True
मिठाई रु 20508,food_beverages_catering,4,Hindi (Devanagari),0,True
खाना रु 33228,food_beverages_catering,4,Hindi (Devanagari),0,True
पार्टी रु 5276,food_beverages_catering,4,Hindi (Devanagari),0,True
पानी रु 39017,food_beverages_catering,4,Hindi (Devanagari),0,True
कैटरिंग रु 48196,food_beverages_catering,4,Hindi (Devanagari),0,True
चाय रु 1753,food_beverages_catering,4,Hindi (Devanagari),0,True
नाश्ता रु 243,food_beverages_catering,4,Hindi (Devanagari),0,True
खाना रु 25422,food_beverages_catering,4,Hindi (Devanagari),0,True
भोजन रु 658,food_beverages_catering,4,Hindi (Devanagari),0,True
भोजन रु 11785,food_beverages_catering,4,Hindi (Devanagari),0,True
चाय रु 25382,food_beverages_catering,4,Hindi (Devanagari),0,True
भोजन रु 31179,food_beverages_catering,4,Hindi (Devanagari),0,True
पानी रु 25461,food_beverages_catering,4,Hindi (Devanagari),0,True
लंच रु 31238,food_beverages_catering,4,Hindi (Devanagari),0,True
मिठाई रु 997,food_beverages_catering,4,Hindi (Devanagari),0,True
पानी रु 27391,food_beverages_catering,4,Hindi (Devanagari),0,True
कैटरिंग रु 15720,food_beverages_catering,4,Hindi (Devanagari),0,True
पानी रु 6657,food_beverages_catering,4,Hindi (Devanagari),0,True
पार्टी रु 28607,food_beverages_catering,4,Hindi (Devanagari),0,True
कैटरिंग रु 6572,food_beverages_catering,4,Hindi (Devanagari),0,True
लंच रु 1568,food_beverages_catering,4,Hindi (Devanagari),0,True
कैटरिंग रु 5948,food_beverages_catering,4,Hindi (Devanagari),0,True
लंच रु 35053,food_beverages_catering,4,Hindi (Devanagari),0,True
पानी रु 36205,food_beverages_catering,4,Hindi (Devanagari),0,True
खाना रु 46344,food_beverages_catering,4,Hindi (Devanagari),0,True
मिठाई रु 25124,food_beverages_catering,4,Hindi (Devanagari),0,True
मिठाई रु 1914,food_beverages_catering,4,Hindi (Devanagari),0,True
चाय रु 34503,food_beverages_catering,4,Hindi (Devanagari),0,True
नाश्ता रु 23062,food_beverages_catering,4,Hindi (Devanagari),0,True
चाय रु 49879,food_beverages_catering,4,Hindi (Devanagari),0,True
पानी रु 25881,food_beverages_catering,4,Hindi (Devanagari),0,True
चाय रु 14017,food_beverages_catering,4,Hindi (Devanagari),0,True
खाना रु 28030,food_beverages_catering,4,Hindi (Devanagari),0,True
लंच रु 39276,food_beverages_catering,4,Hindi (Devanagari),0,True
नाश्ता रु 24751,food_beverages_catering,4,Hindi (Devanagari),0,True
भोजन रु 36090,food_beverages_catering,4,Hindi (Devanagari),0,True
पार्टी रु 23772,food_beverages_catering,4,Hindi (Devanagari),0,True
भोजन रु 26083,food_beverages_catering,4,Hindi (Devanagari),0,True
लंच रु 26853,food_beverages_catering,4,Hindi (Devanagari),0,True
भोजन रु 4063,food_beverages_catering,4,Hindi (Devanagari),0,True
खाना रु 18290,food_beverages_catering,4,Hindi (Devanagari),0,True
नाश्ता रु 21043,food_beverages_catering,4,Hindi (Devanagari),0,True
नाश्ता रु 13001,food_beverages_catering,4,Hindi (Devanagari),0,True
कैटरिंग रु 36261,food_beverages_catering,4,Hindi (Devanagari),0,True
पार्टी रु 1873l,food_beverages_catering,4,Hindi (Devanagari),0,True
पानी रु SS68,food_beverages_catering,4,Hindi (Devanagari),0,True
चाय रु 44369,food_beverages_catering,4,Hindi (Devanagari),0,True
पानी रु 25509,food_beverages_catering,4,Hindi (Devanagari),0,True
पानी रु 36089,food_beverages_catering,4,Hindi (Devanagari),0,True
भोजन रु 38482,food_beverages_catering,4,Hindi (Devanagari),0,True
भोजन रु 43441,food_beverages_catering,4,Hindi (Devanagari),0,True
मिठाई रु 22511,food_beverages_catering,4,Hindi (Devanagari),0,True
भोजन रु 7100,food_beverages_catering,4,Hindi (Devanagari),0,True
पानी रु 33918,food_beverages_catering,4,Hindi (Devanagari),0,True
नाश्ता रु 43264,food_beverages_catering,4,Hindi (Devanagari),0,True
चाय रु 20739,food_beverages_catering,4,Hindi (Devanagari),0,True
भोजन रु 6663,food_beverages_catering,4,Hindi (Devanagari),0,True
खाना रु 12253,food_beverages_catering,4,Hindi (Devanagari),0,True
मिठाई रु 13118,food_beverages_catering,4,Hindi (Devanagari),0,True
पार्टी रु 15712,food_beverages_catering,4,Hindi (Devanagari),0,True
नाश्ता रु 20393,food_beverages_catering,4,Hindi (Devanagari),0,True
पार्टी रु 40701,food_beverages_catering,4,Hindi (Devanagari),0,True
मिठाई रु 10239,food_beverages_catering,4,Hindi (Devanagari),0,True
चाय रु 23423,food_beverages_catering,4,Hindi (Devanagari),0,True
नाश्ता रु 48027,food_beverages_catering,4,Hindi (Devanagari),0,True
भोजन रु 34743,food_beverages_catering,4,Hindi (Devanagari),0,True
खाना रु 48722,food_beverages_catering,4,Hindi (Devanagari),0,True
पार्टी रु 4766,food_beverages_catering,4,Hindi (Devanagari),0,True
नाश्ता रु 30483,food_beverages_catering,4,Hindi (Devanagari),0,True
भोजन रु 21865,food_beverages_catering,4,Hindi (Devanagari),0,True
लंच रु 29079,food_beverages_catering,4,Hindi (Devanagari),0,True
कैटरिंग रु 45372,food_beverages_catering,4,Hindi (Devanagari),0,True
खाना रु 2269,food_beverages_catering,4,Hindi (Devanagari),0,True
भोजन रु 7924,food_beverages_catering,4,Hindi (Devanagari),0,True
कैटरिंग रु 46292,food_beverages_catering,4,Hindi (Devanagari),0,True
पानी रु 26963,food_beverages_catering,4,Hindi (Devanagari),0,True
लंच रु 2186,food_beverages_catering,4,Hindi (Devanagari),0,True
भोजन रु 48282,food_beverages_catering,4,Hindi (Devanagari),0,True
नाश्ता रु 11612,food_beverages_catering,4,Hindi (Devanagari),0,True
खाना रु 19893,food_beverages_catering,4,Hindi (Devanagari),0,True
पार्टी रु 6430,food_beverages_catering,4,Hindi (Devanagari),0,True
मिठाई रु 4886,food_beverages_catering,4,Hindi (Devanagari),0,True
पार्टी रु 4931,food_beverages_catering,4,Hindi (Devanagari),0,True
नाश्ता रु 40851,food_beverages_catering,4,Hindi (Devanagari),0,True
पार्टी रु 30084,food_beverages_catering,4,Hindi (Devanagari),0,True
पार्टी रु 22340,food_beverages_catering,4,Hindi (Devanagari),0,True
पार्टी रु 49616,food_beverages_catering,4,Hindi (Devanagari),0,True
भोजन रु 48334,food_beverages_catering,4,Hindi (Devanagari),0,True
खाना रु 27010,food_beverages_catering,4,Hindi (Devanagari),0,True
पार्टी रु 29295,food_beverages_catering,4,Hindi (Devanagari),0,True
पार्टी रु 5599,food_beverages_catering,4,Hindi (Devanagari),0,True
भोजन रु 48040,food_beverages_catering,4,Hindi (Devanagari),0,True
कैटरिंग रु 27842,food_beverages_catering,4,Hindi (Devanagari),0,True
नाश्ता रु 27921,food_beverages_catering,4,Hindi (Devanagari),0,True
पानी रु 15280,food_beverages_catering,4,Hindi (Devanagari),0,True
लंच रु 5906,food_beverages_catering,4,Hindi (Devanagari),0,True
लंच रु 5563,food_beverages_catering,4,Hindi (Devanagari),0,True
पानी रु 4416B,food_beverages_catering,4,Hindi (Devanagari),0,True
लंच रु 22144,food_beverages_catering,4,Hindi (Devanagari),0,True
पार्टी रु 48955,food_beverages_catering,4,Hindi (Devanagari),0,True
भोजन रु 32022,food_beverages_catering,4,Hindi (Devanagari),0,True
पार्टी रु 1137,food_beverages_catering,4,Hindi (Devanagari),0,True
कैटरिंग रु 32l63,food_beverages_catering,4,Hindi (Devanagari),0,True
चाय रु 47445,food_beverages_catering,4,Hindi (Devanagari),0,True
नाश्ता रु 7527,food_beverages_catering,4,Hindi (Devanagari),0,True
नाश्ता रु 16395,food_beverages_catering,4,Hindi (Devanagari),0,True
खाना रु 1045,food_beverages_catering,4,Hindi (Devanagari),0,True
नाश्ता रु 39028,food_beverages_catering,4,Hindi (Devanagari),0,True
भोजन रु 23689,food_beverages_catering,4,Hindi (Devanagari),0,True
मिठाई रु 3032,food_beverages_catering,4,Hindi (Devanagari),0,True
भोजन रु 821,food_beverages_catering,4,Hindi (Devanagari),0,True
khana order kiya rs 15261,food_beverages_catering,4,Transliterated Hindi,1,True
chai nashta rs 5149,food_beverages_catering,4,Transliterated Hindi,1,True
catering karwaya rs 40676,food_beverages_catering,4,Transliterated Hindi,1,True
restaurant ka bill rs 21668,food_beverages_catering,4,Transliterated Hindi,1,True
catering karwaya rs 42336,food_beverages_catering,4,Transliterated Hindi,1,True
khana order kiya rs 23221,food_beverages_catering,4,Transliterated Hindi,1,True
khana order kiya rs 18888,food_beverages_catering,4,Transliterated Hindi,1,True
restaurant ka bill rs 46985,food_beverages_catering,4,Transliterated Hindi,1,True
chai nashta rs 14892,food_beverages_catering,4,Transliterated Hindi,1,True
lunch party rs 2682,food_beverages_catering,4,Transliterated Hindi,1,True
canteen kharcha rs 9747,food_beverages_catering,4,Transliterated Hindi,1,True
canteen kharcha rs 39067,food_beverages_catering,4,Transliterated Hindi,1,True
catering karwaya rs 37028,food_beverages_catering,4,Transliterated Hindi,1,True
chai nashta rs 6148,food_beverages_catering,4,Transliterated Hindi,1,True
1unch party rs 40B43,food_beverages_catering,4,Transliterated Hindi,1,True
chai nashta rs 20083,food_beverages_catering,4,Transliterated Hindi,1,True
lunch party rs 33491,food_beverages_catering,4,Transliterated Hindi,1,True
lunch party rs 14104,food_beverages_catering,4,Transliterated Hindi,1,True
canteen kharcha rs 14831,food_beverages_catering,4,Transliterated Hindi,1,True
restaurant ka bill rs 14117,food_beverages_catering,4,Transliterated Hindi,1,True
lunch party rs 31355,food_beverages_catering,4,Transliterated Hindi,1,True
catering karwaya rs 8666,food_beverages_catering,4,Transliterated Hindi,1,True
catering karwaya rs 1174,food_beverages_catering,4,Transliterated Hindi,1,True
catering karwaya rs 41783,food_beverages_catering,4,Transliterated Hindi,1,True
lunch party rs 44484,food_beverages_catering,4,Transliterated Hindi,1,True
chai nashta rs 45434,food_beverages_catering,4,Transliterated Hindi,1,True
khana order kiya rs 21045,food_beverages_catering,4,Transliterated Hindi,1,True
canteen kharcha rs 19359,food_beverages_catering,4,Transliterated Hindi,1,True
khana order kiya rs 24326,food_beverages_catering,4,Transliterated Hindi,1,True
restaurant ka bill rs 30052,food_beverages_catering,4,Transliterated Hindi,1,True
catering karwaya rs 29573,food_beverages_catering,4,Transliterated Hindi,1,True
lunch party rs 28160,food_beverages_catering,4,Transliterated Hindi,1,True
restaurant ka bill rs 15429,food_beverages_catering,4,Transliterated Hindi,1,True
chai nashta rs 45648,food_beverages_catering,4,Transliterated Hindi,1,True
catering karwaya rs 29015,food_beverages_catering,4,Transliterated Hindi,1,True
catering karwaya rs 45102,food_beverages_catering,4,Transliterated Hindi,1,True
chai nashta rs 15482,food_beverages_catering,4,Transliterated Hindi,1,True
catering karwaya rs 15358,food_beverages_catering,4,Transliterated Hindi,1,True
chai nashta rs 12207,food_beverages_catering,4,Transliterated Hindi,1,True
lunch party rs 39611,food_beverages_catering,4,Transliterated Hindi,1,True
lunch party rs 5977,food_beverages_catering,4,Transliterated Hindi,1,True
khana order kiya rs 38042,food_beverages_catering,4,Transliterated Hindi,1,True
restaurant ka bill rs 47838,food_beverages_catering,4,Transliterated Hindi,1,True
restaurant ka bill rs 44765,food_beverages_catering,4,Transliterated Hindi,1,True
chai nashta rs 31332,food_beverages_catering,4,Transliterated Hindi,1,True
catering karwaya rs 20131,food_beverages_catering,4,Transliterated Hindi,1,True
chai nashta rs 39850,food_beverages_catering,4,Transliterated Hindi,1,True
lunch party rs 47316,food_beverages_catering,4,Transliterated Hindi,1,True
lunch party rs 5814,food_beverages_catering,4,Transliterated Hindi,1,True
canteen kharcha rs 35016,food_beverages_catering,4,Transliterated Hindi,1,True
canteen kharcha rs 6641,food_beverages_catering,4,Transliterated Hindi,1,True
catering karwaya rs 22764,food_beverages_catering,4,Transliterated Hindi,1,True
chai nashta rs 45751,food_beverages_catering,4,Transliterated Hindi,1,True
canteen kharcha rs 38687,food_beverages_catering,4,Transliterated Hindi,1,True
chai nashta rs 3625,food_beverages_catering,4,Transliterated Hindi,1,True
restaurant ka bill rs 43786,food_beverages_catering,4,Transliterated Hindi,1,True
lunch party rs 41395,food_beverages_catering,4,Transliterated Hindi,1,True
lunch party rs 27229,food_beverages_catering,4,Transliterated Hindi,1,True
chai nashta rs 17209,food_beverages_catering,4,Transliterated Hindi,1,True
lunch party rs 47593,food_beverages_catering,4,Transliterated Hindi,1,True
khana order kiya rs 12877,food_beverages_catering,4,Transliterated Hindi,1,True
lunch party rs 9986,food_beverages_catering,4,Transliterated Hindi,1,True
khana order kiya rs 5892,food_beverages_catering,4,Transliterated Hindi,1,True
khana order kiya rs 9629,food_beverages_catering,4,Transliterated Hindi,1,True
restaurant ka bill rs 20336,food_beverages_catering,4,Transliterated Hindi,1,True
chai nashta rs 35157,food_beverages_catering,4,Transliterated Hindi,1,True
chai nashta rs 10815,food_beverages_catering,4,Transliterated Hindi,1,True
canteen kharcha rs 18986,food_beverages_catering,4,Transliterated Hindi,1,True
chai nashta rs 15936,food_beverages_catering,4,Transliterated Hindi,1,True
lunch party rs 24655,food_beverages_catering,4,Transliterated Hindi,1,True
chai nashta rs 32040,food_beverages_catering,4,Transliterated Hindi,1,True
restaurant ka bill rs 41677,food_beverages_catering,4,Transliterated Hindi,1,True
chai nashta rs 45804,food_beverages_catering,4,Transliterated Hindi,1,True
chai nashta rs 2250,food_beverages_catering,4,Transliterated Hindi,1,True
khana order kiya rs 17903,food_beverages_catering,4,Transliterated Hindi,1,True
khana order kiya rs 3900S,food_beverages_catering,4,Transliterated Hindi,1,True
catering karwaya rs 19337,food_beverages_catering,4,Transliterated Hindi,1,True
canteen kharcha rs 28217,food_beverages_catering,4,Transliterated Hindi,1,True
catering karwaya rs 8020,food_beverages_catering,4,Transliterated Hindi,1,True
restaurant ka bill rs 44136,food_beverages_catering,4,Transliterated Hindi,1,True
chai nashta rs 37385,food_beverages_catering,4,Transliterated Hindi,1,True
lunch party rs 15358,food_beverages_catering,4,Transliterated Hindi,1,True
chai nashta rs 10876,food_beverages_catering,4,Transliterated Hindi,1,True
canteen kharcha rs 1535,food_beverages_catering,4,Transliterated Hindi,1,True
lunch party rs 6540,food_beverages_catering,4,Transliterated Hindi,1,True
khana order kiya rs 21856,food_beverages_catering,4,Transliterated Hindi,1,True
canteen kharcha rs 16454,food_beverages_catering,4,Transliterated Hindi,1,True
khana order kiya rs 14662,food_beverages_catering,4,Transliterated Hindi,1,True
chai nashta rs 30780,food_beverages_catering,4,Transliterated Hindi,1,True
canteen kharcha rs 40497,food_beverages_catering,4,Transliterated Hindi,1,True
khana order kiya rs 32489,food_beverages_catering,4,Transliterated Hindi,1,True
chai nashta rs 49613,food_beverages_catering,4,Transliterated Hindi,1,True
khana order kiya rs 35853,food_beverages_catering,4,Transliterated Hindi,1,True
chai nashta rs 19027,food_beverages_catering,4,Transliterated Hindi,1,True
khana order kiya rs 12671,food_beverages_catering,4,Transliterated Hindi,1,True
chai nashta rs 12614,food_beverages_catering,4,Transliterated Hindi,1,True
catering karwaya rs 29769,food_beverages_catering,4,Transliterated Hindi,1,True
canteen kharcha rs 2596,food_beverages_catering,4,Transliterated Hindi,1,True
canteen kharcha rs 3568,food_beverages_catering,4,Transliterated Hindi,1,True
catering karwaya rs 20241,food_beverages_catering,4,Transliterated Hindi,1,True
lunch party rs 24173,food_beverages_catering,4,Transliterated Hindi,1,True
khana order kiya rs 7892,food_beverages_catering,4,Transliterated Hindi,1,True
chai nashta rs 33256,food_beverages_catering,4,Transliterated Hindi,1,True
chai nashta rs 14077,food_beverages_catering,4,Transliterated Hindi,1,True
canteen kharcha rs 29075,food_beverages_catering,4,Transliterated Hindi,1,True
chai nashta rs 30961,food_beverages_catering,4,Transliterated Hindi,1,True
canteen kharcha rs 36209,food_beverages_catering,4,Transliterated Hindi,1,True
restaurant ka bill rs 10986,food_beverages_catering,4,Transliterated Hindi,1,True
lunch party rs 1444,food_beverages_catering,4,Transliterated Hindi,1,True
canteen kharcha rs 30041,food_beverages_catering,4,Transliterated Hindi,1,True
chai nashta rs 2838,food_beverages_catering,4,Transliterated Hindi,1,True
khana order kiya rs l1743,food_beverages_catering,4,Transliterated Hindi,1,True
lunch party rs 42385,food_beverages_catering,4,Transliterated Hindi,1,True
restaurant ka bill rs 34862,food_beverages_catering,4,Transliterated Hindi,1,True
khana order kiya rs 42396,food_beverages_catering,4,Transliterated Hindi,1,True
catering karwaya rs 1799,food_beverages_catering,4,Transliterated Hindi,1,True
catering karwaya rs 25136,food_beverages_catering,4,Transliterated Hindi,1,True
restaurant ka bill rs 3904,food_beverages_catering,4,Transliterated Hindi,1,True
catering karwaya rs 9925,food_beverages_catering,4,Transliterated Hindi,1,True
restaurant ka bill rs 18194,food_beverages_catering,4,Transliterated Hindi,1,True
restaurant ka bill rs 4179,food_beverages_catering,4,Transliterated Hindi,1,True
canteen kharcha rs 805,food_beverages_catering,4,Transliterated Hindi,1,True
catering karwaya rs 44399,food_beverages_catering,4,Transliterated Hindi,1,True
canteen kharcha rs 17975,food_beverages_catering,4,Transliterated Hindi,1,True
lunch party rs 5907,food_beverages_catering,4,Transliterated Hindi,1,True
lunch party rs 35413,food_beverages_catering,4,Transliterated Hindi,1,True
canteen kharcha rs 10135,food_beverages_catering,4,Transliterated Hindi,1,True
canteen kharcha rs 24602,food_beverages_catering,4,Transliterated Hindi,1,True
canteen kharcha rs 26296,food_beverages_catering,4,Transliterated Hindi,1,True
canteen kharcha rs 32491,food_beverages_catering,4,Transliterated Hindi,1,True
canteen kharcha rs 6162,food_beverages_catering,4,Transliterated Hindi,1,True
canteen kharcha rs 47089,food_beverages_catering,4,Transliterated Hindi,1,True
khana order kiya rs 25346,food_beverages_catering,4,Transliterated Hindi,1,True
khana order kiya rs 41516,food_beverages_catering,4,Transliterated Hindi,1,True
canteen kharcha rs 5289,food_beverages_catering,4,Transliterated Hindi,1,True
canteen kharcha rs 1199,food_beverages_catering,4,Transliterated Hindi,1,True
canteen kharcha rs 8809,food_beverages_catering,4,Transliterated Hindi,1,True
canteen kharcha rs 13074,food_beverages_catering,4,Transliterated Hindi,1,True
lunch party rs 18333,food_beverages_catering,4,Transliterated Hindi,1,True
canteen kharcha rs 6763,food_beverages_catering,4,Transliterated Hindi,1,True
restaurant ka bill rs 32146,food_beverages_catering,4,Transliterated Hindi,1,True
restaurant ka bill rs 24937,food_beverages_catering,4,Transliterated Hindi,1,True
canteen kharcha rs 8933,food_beverages_catering,4,Transliterated Hindi,1,True
restaurant ka bill rs 34161,food_beverages_catering,4,Transliterated Hindi,1,True
canteen kharcha rs 42329,food_beverages_catering,4,Transliterated Hindi,1,True
khana order kiya rs 41657,food_beverages_catering,4,Transliterated Hindi,1,True
restaurant ka bill rs 23347,food_beverages_catering,4,Transliterated Hindi,1,True
lunch party rs 37242,food_beverages_catering,4,Transliterated Hindi,1,True
lunch party rs 20928,food_beverages_catering,4,Transliterated Hindi,1,True
canteen kharcha rs 15269,food_beverages_catering,4,Transliterated Hindi,1,True
restaurant ka bill rs 34723,food_beverages_catering,4,Transliterated Hindi,1,True
khana order kiya rs 1250,food_beverages_catering,4,Transliterated Hindi,1,True
restaurant ka bill rs 47739,food_beverages_catering,4,Transliterated Hindi,1,True
chai nashta rs 43773,food_beverages_catering,4,Transliterated Hindi,1,True
restaurant ka bill rs 43124,food_beverages_catering,4,Transliterated Hindi,1,True
khana order kiya rs 12467,food_beverages_catering,4,Transliterated Hindi,1,True
canteen kharcha rs 39933,food_beverages_catering,4,Transliterated Hindi,1,True
lunch party rs 34762,food_beverages_catering,4,Transliterated Hindi,1,True
canteen kharcha rs 28858,food_beverages_catering,4,Transliterated Hindi,1,True
catering karwaya rs 20050,food_beverages_catering,4,Transliterated Hindi,1,True
chai nashta rs 46661,food_beverages_catering,4,Transliterated Hindi,1,True
catering karwaya rs 15029,food_beverages_catering,4,Transliterated Hindi,1,True
catering karwaya rs 8645,food_beverages_catering,4,Transliterated Hindi,1,True
canteen kharcha rs 26704,food_beverages_catering,4,Transliterated Hindi,1,True
canteen kharcha rs 43257,food_beverages_catering,4,Transliterated Hindi,1,True
restaurant ka bill rs 18009,food_beverages_catering,4,Transliterated Hindi,1,True
chai nashta rs 17577,food_beverages_catering,4,Transliterated Hindi,1,True
khana order kiya rs 1433,food_beverages_catering,4,Transliterated Hindi,1,True
lunch party rs 25902,food_beverages_catering,4,Transliterated Hindi,1,True
catering karwaya rs 32784,food_beverages_catering,4,Transliterated Hindi,1,True
canteen kharcha rs 31810,food_beverages_catering,4,Transliterated Hindi,1,True
restaurant ka bill rs 11916,food_beverages_catering,4,Transliterated Hindi,1,True
restaurant ka bill rs 48947,food_beverages_catering,4,Transliterated Hindi,1,True
canteen kharcha rs 13078,food_beverages_catering,4,Transliterated Hindi,1,True
restaurant ka bill rs 34888,food_beverages_catering,4,Transliterated Hindi,1,True
lunch party rs 11141,food_beverages_catering,4,Transliterated Hindi,1,True
chai nashta rs 49974,food_beverages_catering,4,Transliterated Hindi,1,True
chai nashta rs 4191,food_beverages_catering,4,Transliterated Hindi,1,True
khana order kiya rs 29492,food_beverages_catering,4,Transliterated Hindi,1,True
canteen kharcha rs 18304,food_beverages_catering,4,Transliterated Hindi,1,True
catering karwaya rs 17205,food_beverages_catering,4,Transliterated Hindi,1,True
restaurant ka bill rs 12744,food_beverages_catering,4,Transliterated Hindi,1,True
catering karwaya rs 3871,food_beverages_catering,4,Transliterated Hindi,1,True
khana order kiya rs 42784,food_beverages_catering,4,Transliterated Hindi,1,True
restaurant ka bill rs 11899,food_beverages_catering,4,Transliterated Hindi,1,True
restaurant ka bill rs 9829,food_beverages_catering,4,Transliterated Hindi,1,True
khana order kiya rs 46876,food_beverages_catering,4,Transliterated Hindi,1,True
canteen kharcha rs 9234,food_beverages_catering,4,Transliterated Hindi,1,True
chai nashta rs 18639,food_beverages_catering,4,Transliterated Hindi,1,True
restaurant ka bill rs 32040,food_beverages_catering,4,Transliterated Hindi,1,True
restaurant ka bill rs 35164,food_beverages_catering,4,Transliterated Hindi,1,True
restaurant ka bill rs 19730,food_beverages_catering,4,Transliterated Hindi,1,True
chai nashta rs 44583,food_beverages_catering,4,Transliterated Hindi,1,True
khana order kiya rs 7331,food_beverages_catering,4,Transliterated Hindi,1,True
canteen kharcha rs 593,food_beverages_catering,4,Transliterated Hindi,1,True
khana order kiya rs 35890,food_beverages_catering,4,Transliterated Hindi,1,True
khana order kiya rs 27836,food_beverages_catering,4,Transliterated Hindi,1,True
chai nashta rs 43274,food_beverages_catering,4,Transliterated Hindi,1,True
lunch party rs 25612,food_beverages_catering,4,Transliterated Hindi,1,True
khana order kiya rs 45075,food_beverages_catering,4,Transliterated Hindi,1,True
chai nashta rs 42781,food_beverages_catering,4,Transliterated Hindi,1,True
lunch party rs 24616,food_beverages_catering,4,Transliterated Hindi,1,True
canteen kharcha rs 44958,food_beverages_catering,4,Transliterated Hindi,1,True
canteen kharcha rs 44525,food_beverages_catering,4,Transliterated Hindi,1,True
canteen kharcha rs 9662,food_beverages_catering,4,Transliterated Hindi,1,True
restaurant ka bill rs 12782,food_beverages_catering,4,Transliterated Hindi,1,True
chai nashta rs 8206,food_beverages_catering,4,Transliterated Hindi,1,True
chai nashta rs 16630,food_beverages_catering,4,Transliterated Hindi,1,True
chai nashta rs 24241,food_beverages_catering,4,Transliterated Hindi,1,True
restaurant ka bill rs 25445,food_beverages_catering,4,Transliterated Hindi,1,True
khana order kiya rs 20952,food_beverages_catering,4,Transliterated Hindi,1,True
canteen kharcha rs 36654,food_beverages_catering,4,Transliterated Hindi,1,True
khana order kiya rs 4778,food_beverages_catering,4,Transliterated Hindi,1,True
canteen kharcha rs 41308,food_beverages_catering,4,Transliterated Hindi,1,True
lunch party rs 26483,food_beverages_catering,4,Transliterated Hindi,1,True
khana order kiya rs 42543,food_beverages_catering,4,Transliterated Hindi,1,True
khana order kiya rs 8963,food_beverages_catering,4,Transliterated Hindi,1,True
canteen kharcha rs 9318,food_beverages_catering,4,Transliterated Hindi,1,True
khana order kiya rs 5544,food_beverages_catering,4,Transliterated Hindi,1,True
lunch party rs 39759,food_beverages_catering,4,Transliterated Hindi,1,True
restaurant ka bill rs 43801,food_beverages_catering,4,Transliterated Hindi,1,True
khana order kiya rs 27220,food_beverages_catering,4,Transliterated Hindi,1,True
canteen kharcha rs 18904,food_beverages_catering,4,Transliterated Hindi,1,True
catering karwaya rs 9189,food_beverages_catering,4,Transliterated Hindi,1,True
lunch party rs 21033,food_beverages_catering,4,Transliterated Hindi,1,True
canteen kharcha rs 26542,food_beverages_catering,4,Transliterated Hindi,1,True
restaurant ka bill rs 49924,food_beverages_catering,4,Transliterated Hindi,1,True
khana order kiya rs 28856,food_beverages_catering,4,Transliterated Hindi,1,True
khana order kiya rs 30469,food_beverages_catering,4,Transliterated Hindi,1,True
khana order kiya rs 18038,food_beverages_catering,4,Transliterated Hindi,1,True
restaurant ka bill rs 35528,food_beverages_catering,4,Transliterated Hindi,1,True
chai nashta rs 41012,food_beverages_catering,4,Transliterated Hindi,1,True
restaurant ka bill rs 23599,food_beverages_catering,4,Transliterated Hindi,1,True
restaurant ka bill rs 9619,food_beverages_catering,4,Transliterated Hindi,1,True
catering karwaya rs 44914,food_beverages_catering,4,Transliterated Hindi,1,True
catering karwaya rs 41183,food_beverages_catering,4,Transliterated Hindi,1,True
restaurant ka bill rs 32836,food_beverages_catering,4,Transliterated Hindi,1,True
chai nashta rs 5102,food_beverages_catering,4,Transliterated Hindi,1,True
chai nashta rs 6409,food_beverages_catering,4,Transliterated Hindi,1,True
khana order kiya rs 35705,food_beverages_catering,4,Transliterated Hindi,1,True
lunch party rs 9926,food_beverages_catering,4,Transliterated Hindi,1,True
lunch party rs 19376,food_beverages_catering,4,Transliterated Hindi,1,True
lunch party rs 17007,food_beverages_catering,4,Transliterated Hindi,1,True
chai nashta rs 20236,food_beverages_catering,4,Transliterated Hindi,1,True
chai nashta rs 31854,food_beverages_catering,4,Transliterated Hindi,1,True
lunch party rs 24984,food_beverages_catering,4,Transliterated Hindi,1,True
canteen kharcha rs 21598,food_beverages_catering,4,Transliterated Hindi,1,True
chai nashta rs 25947,food_beverages_catering,4,Transliterated Hindi,1,True
catering karwaya rs 39812,food_beverages_catering,4,Transliterated Hindi,1,True
ભોજન રૂ 11346,food_beverages_catering,4,Gujarati,2,True
લંચ રૂ 8904,food_beverages_catering,4,Gujarati,2,True
લંચ રૂ 14246,food_beverages_catering,4,Gujarati,2,True
મિઠાઇ રૂ 2398,food_beverages_catering,4,Gujarati,2,True
ચા રૂ 42764,food_beverages_catering,4,Gujarati,2,True
નાસ્તો રૂ 34183,food_beverages_catering,4,Gujarati,2,True
કેટરિંગ રૂ 29108,food_beverages_catering,4,Gujarati,2,True
ખાવાનું રૂ 24269,food_beverages_catering,4,Gujarati,2,True
મિઠાઇ રૂ 4387,food_beverages_catering,4,Gujarati,2,True
નાસ્તો રૂ 49837,food_beverages_catering,4,Gujarati,2,True
ભોજન રૂ 30232,food_beverages_catering,4,Gujarati,2,True
મિઠાઇ રૂ 22694,food_beverages_catering,4,Gujarati,2,True
કેટરિંગ રૂ 32407,food_beverages_catering,4,Gujarati,2,True
પાર્ટી રૂ 23347,food_beverages_catering,4,Gujarati,2,True
મિઠાઇ રૂ 22687,food_beverages_catering,4,Gujarati,2,True
ચા રૂ 8125,food_beverages_catering,4,Gujarati,2,True
મિઠાઇ રૂ 36489,food_beverages_catering,4,Gujarati,2,True
ભોજન રૂ 25483,food_beverages_catering,4,Gujarati,2,True
કેટરિંગ રૂ 16759,food_beverages_catering,4,Gujarati,2,True
ચા રૂ 6509,food_beverages_catering,4,Gujarati,2,True
કેટરિંગ રૂ 4633,food_beverages_catering,4,Gujarati,2,True
કેટરિંગ રૂ 23993,food_beverages_catering,4,Gujarati,2,True
નાસ્તો રૂ 11341,food_beverages_catering,4,Gujarati,2,True
ચા રૂ 13460,food_beverages_catering,4,Gujarati,2,True
ચા રૂ 42089,food_beverages_catering,4,Gujarati,2,True
લંચ રૂ 11532,food_beverages_catering,4,Gujarati,2,True
લંચ રૂ 49236,food_beverages_catering,4,Gujarati,2,True
ચા રૂ 1452,food_beverages_catering,4,Gujarati,2,True
ભોજન રૂ 307,food_beverages_catering,4,Gujarati,2,True
પાર્ટી રૂ 41597,food_beverages_catering,4,Gujarati,2,True
નાસ્તો રૂ 2187,food_beverages_catering,4,Gujarati,2,True
ચા રૂ 39255,food_beverages_catering,4,Gujarati,2,True
મિઠાઇ રૂ 8236,food_beverages_catering,4,Gujarati,2,True
ખાવાનું રૂ 42013,food_beverages_catering,4,Gujarati,2,True
ચા રૂ 1972,food_beverages_catering,4,Gujarati,2,True
ચા રૂ 45029,food_beverages_catering,4,Gujarati,2,True
ચા રૂ 46345,food_beverages_catering,4,Gujarati,2,True
ખાવાનું રૂ 36559,food_beverages_catering,4,Gujarati,2,True
નાસ્તો રૂ 17890,food_beverages_catering,4,Gujarati,2,True
મિઠાઇ રૂ 18040,food_beverages_catering,4,Gujarati,2,True
કેટરિંગ રૂ 2515,food_beverages_catering,4,Gujarati,2,True
ભોજન રૂ 12361,food_beverages_catering,4,Gujarati,2,True
ચા રૂ 16587,food_beverages_catering,4,Gujarati,2,True
કેટરિંગ રૂ 46779,food_beverages_catering,4,Gujarati,2,True
લંચ રૂ 2753,food_beverages_catering,4,Gujarati,2,True
ચા રૂ 26969,food_beverages_catering,4,Gujarati,2,True
ભોજન રૂ 29964,food_beverages_catering,4,Gujarati,2,True
ભોજન રૂ 3322,food_beverages_catering,4,Gujarati,2,True
પાર્ટી રૂ 41963,food_beverages_catering,4,Gujarati,2,True
ભોજન રૂ 8933,food_beverages_catering,4,Gujarati,2,True
નાસ્તો રૂ 47691,food_beverages_catering,4,Gujarati,2,True
ભોજન રૂ 44865,food_beverages_catering,4,Gujarati,2,True
કેટરિંગ રૂ 49207,food_beverages_catering,4,Gujarati,2,True
કેટરિંગ રૂ 6305,food_beverages_catering,4,Gujarati,2,True
પાર્ટી રૂ 14437,food_beverages_catering,4,Gujarati,2,True
મિઠાઇ રૂ 13679,food_beverages_catering,4,Gujarati,2,True
મિઠાઇ રૂ 14539,food_beverages_catering,4,Gujarati,2,True
પાર્ટી રૂ 33452,food_beverages_catering,4,Gujarati,2,True
નાસ્તો રૂ 12664,food_beverages_catering,4,Gujarati,2,True
મિઠાઇ રૂ 42063,food_beverages_catering,4,Gujarati,2,True
મિઠાઇ રૂ 25644,food_beverages_catering,4,Gujarati,2,True
કેટરિંગ રૂ 34550,food_beverages_catering,4,Gujarati,2,True
પાર્ટી રૂ 16461,food_beverages_catering,4,Gujarati,2,True
લંચ રૂ 25071,food_beverages_catering,4,Gujarati,2,True
પાર્ટી રૂ 647,food_beverages_catering,4,Gujarati,2,True
કેટરિંગ રૂ 21156,food_beverages_catering,4,Gujarati,2,True
નાસ્તો રૂ 4185,food_beverages_catering,4,Gujarati,2,True
ખાવાનું રૂ 41016,food_beverages_catering,4,Gujarati,2,True
નાસ્તો રૂ 3463,food_beverages_catering,4,Gujarati,2,True
ભોજન રૂ 45799,food_beverages_catering,4,Gujarati,2,True
પાર્ટી રૂ 37576,food_beverages_catering,4,Gujarati,2,True
કેટરિંગ રૂ 9259,food_beverages_catering,4,Gujarati,2,True
મિઠાઇ રૂ 27077,food_beverages_catering,4,Gujarati,2,True
મિઠાઇ રૂ 37129,food_beverages_catering,4,Gujarati,2,True
કેટરિંગ રૂ 3848,food_beverages_catering,4,Gujarati,2,True
નાસ્તો રૂ 22581,food_beverages_catering,4,Gujarati,2,True
કેટરિંગ રૂ 10011,food_beverages_catering,4,Gujarati,2,True
ખાવાનું રૂ 31253,food_beverages_catering,4,Gujarati,2,True
ખાવાનું રૂ 8907,food_beverages_catering,4,Gujarati,2,True
નાસ્તો રૂ 37151,food_beverages_catering,4,Gujarati,2,True
લંચ રૂ 18439,food_beverages_catering,4,Gujarati,2,True
ચા રૂ 26341,food_beverages_catering,4,Gujarati,2,True
ખાવાનું રૂ 1838,food_beverages_catering,4,Gujarati,2,True
ભોજન રૂ 6121,food_beverages_catering,4,Gujarati,2,True
નાસ્તો રૂ 1767,food_beverages_catering,4,Gujarati,2,True
ખાવાનું રૂ 49323,food_beverages_catering,4,Gujarati,2,True
લંચ રૂ 31851,food_beverages_catering,4,Gujarati,2,True
લંચ રૂ 17720,food_beverages_catering,4,Gujarati,2,True
ચા રૂ 14004,food_beverages_catering,4,Gujarati,2,True
ભોજન રૂ 24127,food_beverages_catering,4,Gujarati,2,True
લંચ રૂ 15432,food_beverages_catering,4,Gujarati,2,True
નાસ્તો રૂ 1836,food_beverages_catering,4,Gujarati,2,True
ખાવાનું રૂ 42410,food_beverages_catering,4,Gujarati,2,True
લંચ રૂ 41418,food_beverages_catering,4,Gujarati,2,True
ખાવાનું રૂ 24433,food_beverages_catering,4,Gujarati,2,True
મિઠાઇ રૂ 48112,food_beverages_catering,4,Gujarati,2,True
મિઠાઇ રૂ 20645,food_beverages_catering,4,Gujarati,2,True
લંચ રૂ 4632,food_beverages_catering,4,Gujarati,2,True
નાસ્તો રૂ 6694,food_beverages_catering,4,Gujarati,2,True
કેટરિંગ રૂ 46906,food_beverages_catering,4,Gujarati,2,True
નાસ્તો રૂ 13898,food_beverages_catering,4,Gujarati,2,True
ખાવાનું રૂ 33384,food_beverages_catering,4,Gujarati,2,True
ખાવાનું રૂ 18248,food_beverages_catering,4,Gujarati,2,True
કેટરિંગ રૂ 45869,food_beverages_catering,4,Gujarati,2,True
લંચ રૂ 26839,food_beverages_catering,4,Gujarati,2,True
ચા રૂ 19265,food_beverages_catering,4,Gujarati,2,True
ચા રૂ 21457,food_beverages_catering,4,Gujarati,2,True
પાર્ટી રૂ 42551,food_beverages_catering,4,Gujarati,2,True
પાર્ટી રૂ 33655,food_beverages_catering,4,Gujarati,2,True
પાર્ટી રૂ 33859,food_beverages_catering,4,Gujarati,2,True
પાર્ટી રૂ 22642,food_beverages_catering,4,Gujarati,2,True
ખાવાનું રૂ 13167,food_beverages_catering,4,Gujarati,2,True
નાસ્તો રૂ 37005,food_beverages_catering,4,Gujarati,2,True
ભોજન રૂ 14012,food_beverages_catering,4,Gujarati,2,True
કેટરિંગ રૂ 46022,food_beverages_catering,4,Gujarati,2,True
ખાવાનું રૂ 42434,food_beverages_catering,4,Gujarati,2,True
લંચ રૂ 34932,food_beverages_catering,4,Gujarati,2,True
ખાવાનું રૂ 3240,food_beverages_catering,4,Gujarati,2,True
પાર્ટી રૂ 22563,food_beverages_catering,4,Gujarati,2,True
કેટરિંગ રૂ 32730,food_beverages_catering,4,Gujarati,2,True
મિઠાઇ રૂ 29607,food_beverages_catering,4,Gujarati,2,True
લંચ રૂ 49712,food_beverages_catering,4,Gujarati,2,True
ખાવાનું રૂ l9880,food_beverages_catering,4,Gujarati,2,True
નાસ્તો રૂ 4293,food_beverages_catering,4,Gujarati,2,True
નાસ્તો રૂ 49381,food_beverages_catering,4,Gujarati,2,True
નાસ્તો રૂ 21398,food_beverages_catering,4,Gujarati,2,True
પાર્ટી રૂ 33136,food_beverages_catering,4,Gujarati,2,True
નાસ્તો રૂ 35774,food_beverages_catering,4,Gujarati,2,True
કેટરિંગ રૂ 8834,food_beverages_catering,4,Gujarati,2,True
ભોજન રૂ 12792,food_beverages_catering,4,Gujarati,2,True
નાસ્તો રૂ 9659,food_beverages_catering,4,Gujarati,2,True
નાસ્તો રૂ 12265,food_beverages_catering,4,Gujarati,2,True
પાર્ટી રૂ 3381,food_beverages_catering,4,Gujarati,2,True
મિઠાઇ રૂ 19326,food_beverages_catering,4,Gujarati,2,True
નાસ્તો રૂ 19657,food_beverages_catering,4,Gujarati,2,True
ભોજન રૂ 20676,food_beverages_catering,4,Gujarati,2,True
ભોજન રૂ 39000,food_beverages_catering,4,Gujarati,2,True
મિઠાઇ રૂ 16046,food_beverages_catering,4,Gujarati,2,True
મિઠાઇ રૂ 37461,food_beverages_catering,4,Gujarati,2,True
મિઠાઇ રૂ 47476,food_beverages_catering,4,Gujarati,2,True
પાર્ટી રૂ 40004,food_beverages_catering,4,Gujarati,2,True
નાસ્તો રૂ 16957,food_beverages_catering,4,Gujarati,2,True
ભોજન રૂ 42022,food_beverages_catering,4,Gujarati,2,True
નાસ્તો રૂ 29452,food_beverages_catering,4,Gujarati,2,True
મિઠાઇ રૂ 33975,food_beverages_catering,4,Gujarati,2,True
ખાવાનું રૂ 31876,food_beverages_catering,4,Gujarati,2,True
નાસ્તો રૂ 35845,food_beverages_catering,4,Gujarati,2,True
ભોજન રૂ 23460,food_beverages_catering,4,Gujarati,2,True
મિઠાઇ રૂ 14173,food_beverages_catering,4,Gujarati,2,True
ચા રૂ 45456,food_beverages_catering,4,Gujarati,2,True
નાસ્તો રૂ 37778,food_beverages_catering,4,Gujarati,2,True
ભોજન રૂ 41885,food_beverages_catering,4,Gujarati,2,True
ખાવાનું રૂ 4827,food_beverages_catering,4,Gujarati,2,True
ખાવાનું રૂ 28269,food_beverages_catering,4,Gujarati,2,True
કેટરિંગ રૂ 5959,food_beverages_catering,4,Gujarati,2,True
ભોજન રૂ 37579,food_beverages_catering,4,Gujarati,2,True
પાર્ટી રૂ 7080,food_beverages_catering,4,Gujarati,2,True
નાસ્તો રૂ 22907,food_beverages_catering,4,Gujarati,2,True
નાસ્તો રૂ 37966,food_beverages_catering,4,Gujarati,2,True
ચા રૂ 49269,food_beverages_catering,4,Gujarati,2,True
ખાવાનું રૂ 8550,food_beverages_catering,4,Gujarati,2,True
ભોજન રૂ 21045,food_beverages_catering,4,Gujarati,2,True
કેટરિંગ રૂ 49283,food_beverages_catering,4,Gujarati,2,True
મિઠાઇ રૂ 15944,food_beverages_catering,4,Gujarati,2,True
લંચ રૂ 45967,food_beverages_catering,4,Gujarati,2,True
ભોજન રૂ 19252,food_beverages_catering,4,Gujarati,2,True
નાસ્તો રૂ 39183,food_beverages_catering,4,Gujarati,2,True
પાર્ટી રૂ 2420,food_beverages_catering,4,Gujarati,2,True
લંચ રૂ 6336,food_beverages_catering,4,Gujarati,2,True
મિઠાઇ રૂ 24005,food_beverages_catering,4,Gujarati,2,True
ચા રૂ 19964,food_beverages_catering,4,Gujarati,2,True
લંચ રૂ 12560,food_beverages_catering,4,Gujarati,2,True
પાર્ટી રૂ 13470,food_beverages_catering,4,Gujarati,2,True
નાસ્તો રૂ 32088,food_beverages_catering,4,Gujarati,2,True
કેટરિંગ રૂ 47656,food_beverages_catering,4,Gujarati,2,True
લંચ રૂ 24462,food_beverages_catering,4,Gujarati,2,True
ચા રૂ 8726,food_beverages_catering,4,Gujarati,2,True
કેટરિંગ રૂ 25747,food_beverages_catering,4,Gujarati,2,True
કેટરિંગ રૂ 14836,food_beverages_catering,4,Gujarati,2,True
ચા રૂ 10294,food_beverages_catering,4,Gujarati,2,True
ચા રૂ 32689,food_beverages_catering,4,Gujarati,2,True
નાસ્તો રૂ 13354,food_beverages_catering,4,Gujarati,2,True
નાસ્તો રૂ 21609,food_beverages_catering,4,Gujarati,2,True
નાસ્તો રૂ 11382,food_beverages_catering,4,Gujarati,2,True
લંચ રૂ 2835,food_beverages_catering,4,Gujarati,2,True
પાર્ટી રૂ 7061,food_beverages_catering,4,Gujarati,2,True
કેટરિંગ રૂ 17175,food_beverages_catering,4,Gujarati,2,True
લંચ રૂ 16787,food_beverages_catering,4,Gujarati,2,True
કેટરિંગ રૂ 889,food_beverages_catering,4,Gujarati,2,True
ભોજન રૂ 4679,food_beverages_catering,4,Gujarati,2,True
નાસ્તો રૂ 29469,food_beverages_catering,4,Gujarati,2,True
લંચ રૂ 30819,food_beverages_catering,4,Gujarati,2,True
નાસ્તો રૂ 9878,food_beverages_catering,4,Gujarati,2,True
નાસ્તો રૂ 3085,food_beverages_catering,4,Gujarati,2,True
ખાવાનું રૂ 39601,food_beverages_catering,4,Gujarati,2,True
કેટરિંગ રૂ 24433,food_beverages_catering,4,Gujarati,2,True
મિઠાઇ રૂ 49927,food_beverages_catering,4,Gujarati,2,True
કેટરિંગ રૂ 32130,food_beverages_catering,4,Gujarati,2,True
ચા રૂ 23067,food_beverages_catering,4,Gujarati,2,True
પાર્ટી રૂ 38510,food_beverages_catering,4,Gujarati,2,True
ચા રૂ 22651,food_beverages_catering,4,Gujarati,2,True
કેટરિંગ રૂ 10553,food_beverages_catering,4,Gujarati,2,True
પાર્ટી રૂ 2846,food_beverages_catering,4,Gujarati,2,True
પાર્ટી રૂ 11023,food_beverages_catering,4,Gujarati,2,True
નાસ્તો રૂ 25562,food_beverages_catering,4,Gujarati,2,True
ચા રૂ 4256,food_beverages_catering,4,Gujarati,2,True
પાર્ટી રૂ 9278,food_beverages_catering,4,Gujarati,2,True
ખાવાનું રૂ 42841,food_beverages_catering,4,Gujarati,2,True
ખાવાનું રૂ 19064,food_beverages_catering,4,Gujarati,2,True
મિઠાઇ રૂ 20612,food_beverages_catering,4,Gujarati,2,True
નાસ્તો રૂ 19365,food_beverages_catering,4,Gujarati,2,True
લંચ રૂ 12576,food_beverages_catering,4,Gujarati,2,True
નાસ્તો રૂ 39725,food_beverages_catering,4,Gujarati,2,True
પાર્ટી રૂ 16913,food_beverages_catering,4,Gujarati,2,True
કેટરિંગ રૂ 39157,food_beverages_catering,4,Gujarati,2,True
ખાવાનું રૂ 6232,food_beverages_catering,4,Gujarati,2,True
કેટરિંગ રૂ 27914,food_beverages_catering,4,Gujarati,2,True
લંચ રૂ 45584,food_beverages_catering,4,Gujarati,2,True
ચા રૂ 9467,food_beverages_catering,4,Gujarati,2,True
કેટરિંગ રૂ 6426,food_beverages_catering,4,Gujarati,2,True
નાસ્તો રૂ 20512,food_beverages_catering,4,Gujarati,2,True
ભોજન રૂ 13551,food_beverages_catering,4,Gujarati,2,True
લંચ રૂ 9187,food_beverages_catering,4,Gujarati,2,True
ભોજન રૂ 49678,food_beverages_catering,4,Gujarati,2,True
પાર્ટી રૂ 38125,food_beverages_catering,4,Gujarati,2,True
ભોજન રૂ 49215,food_beverages_catering,4,Gujarati,2,True
લંચ રૂ 8601,food_beverages_catering,4,Gujarati,2,True
પાર્ટી રૂ 7777,food_beverages_catering,4,Gujarati,2,True
મિઠાઇ રૂ 25436,food_beverages_catering,4,Gujarati,2,True
કેટરિંગ રૂ 27286,food_beverages_catering,4,Gujarati,2,True
મિઠાઇ રૂ 35822,food_beverages_catering,4,Gujarati,2,True
પાર્ટી રૂ 35766,food_beverages_catering,4,Gujarati,2,True
મિઠાઇ રૂ 4689,food_beverages_catering,4,Gujarati,2,True
નાસ્તો રૂ 4119,food_beverages_catering,4,Gujarati,2,True
ખાવાનું રૂ 23532,food_beverages_catering,4,Gujarati,2,True
ચા રૂ 26585,food_beverages_catering,4,Gujarati,2,True
લંચ રૂ 40585,food_beverages_catering,4,Gujarati,2,True
નાસ્તો રૂ 40332,food_beverages_catering,4,Gujarati,2,True
ભોજન રૂ 5420,food_beverages_catering,4,Gujarati,2,True
ખાવાનું રૂ 15699,food_beverages_catering,4,Gujarati,2,True
ચા રૂ 30924,food_beverages_catering,4,Gujarati,2,True
ભોજન રૂ 35164,food_beverages_catering,4,Gujarati,2,True
મિઠાઇ રૂ 49747,food_beverages_catering,4,Gujarati,2,True
લંચ રૂ 19486,food_beverages_catering,4,Gujarati,2,True
લંચ રૂ 40750,food_beverages_catering,4,Gujarati,2,True
ચા રૂ 22741,food_beverages_catering,4,Gujarati,2,True
ખાવાનું રૂ 2191,food_beverages_catering,4,Gujarati,2,True
પાર્ટી રૂ 22578,food_beverages_catering,4,Gujarati,2,True
ચા રૂ 21857,food_beverages_catering,4,Gujarati,2,True
નાસ્તો રૂ 31455,food_beverages_catering,4,Gujarati,2,True
Monthly team dinner outing,food_beverages_catering,4,Code-mixed Hindi-English,3,True
Catering for training party,food_beverages_catering,4,Code-mixed Hindi-English,3,True
Drinking water cans 43 nos,food_beverages_catering,4,Code-mixed Hindi-English,3,True
Snacks for training session,food_beverages_catering,4,Code-mixed Hindi-English,3,True
Refreshment for board meeting Rs 9808,food_beverages_catering,4,Code-mixed Hindi-English,3,True
Employee farewell party Rs 22318,food_beverages_catering,4,Code-mixed Hindi-English,3,True
Disposable plates cups for party Rs 6192,food_beverages_catering,4,Code-mixed Hindi-English,3,True
Fruits for office pantry,food_beverages_catering,4,Code-mixed Hindi-English,3,True
Milestone celebration team lunch Rs 219316,food_beverages_catering,4,Code-mixed Hindi-English,3,True
Cold drinks for summer supply Rs 100368,food_beverages_catering,4,Code-mixed Hindi-English,3,True
Cold drinks for summer supply Rs 158404,food_beverages_catering,4,Code-mixed Hindi-English,3,True
Cold drinks for summer supply,food_beverages_catering,4,Code-mixed Hindi-English,3,True
Guest lunch charges Rs 43899,food_beverages_catering,4,Code-mixed Hindi-English,3,True
Festival sweets distribution,food_beverages_catering,4,Code-mixed Hindi-English,3,True
Fruits for office pantry Rs 38092,food_beverages_catering,4,Code-mixed Hindi-English,3,True
Annual day dinner catering,food_beverages_catering,4,Code-mixed Hindi-English,3,True
Zomato order for team meeting Rs 15718,food_beverages_catering,4,Code-mixed Hindi-English,3,True
Milestone celebration team lunch Rs 331171,food_beverages_catering,4,Code-mixed Hindi-English,3,True
Canteen supplies monthly,food_beverages_catering,4,Code-mixed Hindi-English,3,True
Office birthday cake,food_beverages_catering,4,Code-mixed Hindi-English,3,True
Employee farewell party,food_beverages_catering,4,Code-mixed Hindi-English,3,True
Tea coffee supplies for office Rs 16774,food_beverages_catering,4,Code-mixed Hindi-English,3,True
Restaurant bill client dinner,food_beverages_catering,4,Code-mixed Hindi-English,3,True
Chai nashta for staff Rs 76279,food_beverages_catering,4,Code-mixed Hindi-English,3,True
Biscuits and namkeen for pantry,food_beverages_catering,4,Code-mixed Hindi-English,3,True
Annual day dinner catering Rs 351589,food_beverages_catering,4,Code-mixed Hindi-English,3,True
Refreshment for board meeting Rs 28201,food_beverages_catering,4,Code-mixed Hindi-English,3,True
Catering for training party Rs 203179,food_beverages_catering,4,Code-mixed Hindi-English,3,True
Tea coffee supplies for office,food_beverages_catering,4,Code-mixed Hindi-English,3,True
Party catering diwali celebration,food_beverages_catering,4,Code-mixed Hindi-English,3,True
Lunch for staff 44 persons Rs 138503,food_beverages_catering,4,Code-mixed Hindi-English,3,True
Drinking water cans 19 nos,food_beverages_catering,4,Code-mixed Hindi-English,3,True
Lunch for staff 12 persons Rs 23358,food_beverages_catering,4,Code-mixed Hindi-English,3,True
Drinking water cans 11 nos Rs 271739,food_beverages_catering,4,Code-mixed Hindi-English,3,True
Party catering diwali celebration Rs 49810,food_beverages_catering,4,Code-mixed Hindi-English,3,True
Lunch for staff 33 persons Rs 284580,food_beverages_catering,4,Code-mixed Hindi-English,3,True
Guest lunch charges,food_beverages_catering,4,Code-mixed Hindi-English,3,True
Drinking water cans 1 nos,food_beverages_catering,4,Code-mixed Hindi-English,3,True
Breakfast meeting arrangement Rs 39746,food_beverages_catering,4,Code-mixed Hindi-English,3,True
Biscuits and namkeen for pantry Rs 49208,food_beverages_catering,4,Code-mixed Hindi-English,3,True
Milestone celebration team lunch Rs 10499,food_beverages_catering,4,Code-mixed Hindi-English,3,True
Monthly team dinner outing Rs 324939,food_beverages_catering,4,Code-mixed Hindi-English,3,True
Chai nashta for staff Rs 3l8517,food_beverages_catering,4,Code-mixed Hindi-English,3,True
Refreshment for board meeting,food_beverages_catering,4,Code-mixed Hindi-English,3,True
Biscuits and namkeen for pantry Rs 406302,food_beverages_catering,4,Code-mixed Hindi-English,3,True
Lunch for staff 28 persons,food_beverages_catering,4,Code-mixed Hindi-English,3,True
Cold drinks for summer supply Rs 145678,food_beverages_catering,4,Code-mixed Hindi-English,3,True
Breakfast meeting arrangement,food_beverages_catering,4,Code-mixed Hindi-English,3,True
Refreshment for board meeting Rs 1031,food_beverages_catering,4,Code-mixed Hindi-English,3,True
Milestone celebration team lunch,food_beverages_catering,4,Code-mixed Hindi-English,3,True
Lunch meeting 17 pax Rs 431105,food_beverages_catering,4,Code-mixed Hindi-English,3,True
Lunch for staff 8 persons Rs 39215,food_beverages_catering,4,Code-mixed Hindi-English,3,True
Festival sweets distribution Rs 478442,food_beverages_catering,4,Code-mixed Hindi-English,3,True
Canteen supplies monthly Rs 345069,food_beverages_catering,4,Code-mixed Hindi-English,3,True
Zomato order for team meeting,food_beverages_catering,4,Code-mixed Hindi-English,3,True
Snacks for training session Rs 361657,food_beverages_catering,4,Code-mixed Hindi-English,3,True
Annual day dinner catering Rs 22123,food_beverages_catering,4,Code-mixed Hindi-English,3,True
Refreshment for board meeting Rs 37200,food_beverages_catering,4,Code-mixed Hindi-English,3,True
Catering for seminar party,food_beverages_catering,4,Code-mixed Hindi-English,3,True
Biscuits and namkeen for pantry Rs 45865,food_beverages_catering,4,Code-mixed Hindi-English,3,True
Canteen supp1ies monthly Rs 62443,food_beverages_catering,4,Code-mixed Hindi-English,3,True
Office birthday cake Rs 16904,food_beverages_catering,4,Code-mixed Hindi-English,3,True
Restaurant bill client dinner Rs 139357,food_beverages_catering,4,Code-mixed Hindi-English,3,True
Breakfast meeting arrangement Rs 399495,food_beverages_catering,4,Code-mixed Hindi-English,3,True
Annual day dinner catering Rs 23484,food_beverages_catering,4,Code-mixed Hindi-English,3,True
Lunch meeting 16 pax Rs 8471,food_beverages_catering,4,Code-mixed Hindi-English,3,True
Party catering diwali celebration Rs 274316,food_beverages_catering,4,Code-mixed Hindi-English,3,True
Lunch for staff 21 persons,food_beverages_catering,4,Code-mixed Hindi-English,3,True
Water cooler maintenance Rs 459474,food_beverages_catering,4,Code-mixed Hindi-English,3,True
Fruits for office pantry Rs 3245,food_beverages_catering,4,Code-mixed Hindi-English,3,True
Chai nashta for staff Rs 247121,food_beverages_catering,4,Code-mixed Hindi-English,3,True
Lunch for staff 21 persons Rs 55335,food_beverages_catering,4,Code-mixed Hindi-English,3,True
Party catering diwali celebration Rs 275569,food_beverages_catering,4,Code-mixed Hindi-English,3,True
Lunch meeting 36 pax,food_beverages_catering,4,Code-mixed Hindi-English,3,True
Guest lunch charges Rs 458354,food_beverages_catering,4,Code-mixed Hindi-English,3,True
Lunch meeting 25 pax Rs 311517,food_beverages_catering,4,Code-mixed Hindi-English,3,True
Water cooler maintenance,food_beverages_catering,4,Code-mixed Hindi-English,3,True
Lunch for staff 40 persons,food_beverages_catering,4,Code-mixed Hindi-English,3,True
Zomato order for team meeting Rs 13886,food_beverages_catering,4,Code-mixed Hindi-English,3,True
Guest lunch charges Rs 404781,food_beverages_catering,4,Code-mixed Hindi-English,3,True
Restaurant bill client dinner Rs 249725,food_beverages_catering,4,Code-mixed Hindi-English,3,True
Water cooler maintenance Rs 114466,food_beverages_catering,4,Code-mixed Hindi-English,3,True
Monthly team dinner outing Rs 161369,food_beverages_catering,4,Code-mixed Hindi-English,3,True
Breakfast meeting arrangement Rs 9713,food_beverages_catering,4,Code-mixed Hindi-English,3,True
Milestone celebration team lunch Rs 125127,food_beverages_catering,4,Code-mixed Hindi-English,3,True
Disposable plates cups for party Rs 431709,food_beverages_catering,4,Code-mixed Hindi-English,3,True
Biscuits and namkeen for pantry Rs 355859,food_beverages_catering,4,Code-mixed Hindi-English,3,True
Water cooler maintenance Rs 44461,food_beverages_catering,4,Code-mixed Hindi-English,3,True
Zomato order for team meeting Rs 22040,food_beverages_catering,4,Code-mixed Hindi-English,3,True
Water cooler maintenance Rs 432349,food_beverages_catering,4,Code-mixed Hindi-English,3,True
Water cooler maintenance Rs 22622,food_beverages_catering,4,Code-mixed Hindi-English,3,True
Party catering diwali celebration Rs 78744,food_beverages_catering,4,Code-mixed Hindi-English,3,True
Festival sweets distribution Rs 469239,food_beverages_catering,4,Code-mixed Hindi-English,3,True
Breakfast meeting arrangement Rs 114929,food_beverages_catering,4,Code-mixed Hindi-English,3,True
Chai nashta for staff,food_beverages_catering,4,Code-mixed Hindi-English,3,True
Lunch for staff 37 persons,food_beverages_catering,4,Code-mixed Hindi-English,3,True
Festival sweets distribution Rs 31546,food_beverages_catering,4,Code-mixed Hindi-English,3,True
Lunch meeting 30 pax Rs 297451,food_beverages_catering,4,Code-mixed Hindi-English,3,True
Drinking water cans 39 nos,food_beverages_catering,4,Code-mixed Hindi-English,3,True
Drinking water cans 18 nos Rs 336076,food_beverages_catering,4,Code-mixed Hindi-English,3,True
Annual day dinner catering Rs 725,food_beverages_catering,4,Code-mixed Hindi-English,3,True
Lunch for staff 46 persons,food_beverages_catering,4,Code-mixed Hindi-English,3,True
Zomato order for team meeting Rs 10257,food_beverages_catering,4,Code-mixed Hindi-English,3,True
Drinking water cans 34 nos Rs 14507,food_beverages_catering,4,Code-mixed Hindi-English,3,True
Party catering diwali celebration Rs 164421,food_beverages_catering,4,Code-mixed Hindi-English,3,True
Lunch meeting 9 pax,food_beverages_catering,4,Code-mixed Hindi-English,3,True
Monthly team dinner outing Rs 135544,food_beverages_catering,4,Code-mixed Hindi-English,3,True
Refreshment for board meeting Rs 37933,food_beverages_catering,4,Code-mixed Hindi-English,3,True
Restaurant bill client dinner Rs 237408,food_beverages_catering,4,Code-mixed Hindi-English,3,True
Employee farewell party Rs 25574,food_beverages_catering,4,Code-mixed Hindi-English,3,True
Milestone celebration team lunch Rs 489529,food_beverages_catering,4,Code-mixed Hindi-English,3,True
Drinking water cans 48 nos Rs 375140,food_beverages_catering,4,Code-mixed Hindi-English,3,True
Biscuits and namkeen for pantry Rs 36037,food_beverages_catering,4,Code-mixed Hindi-English,3,True
Drinking water cans 4 nos Rs 226365,food_beverages_catering,4,Code-mixed Hindi-English,3,True
Lunch meeting 47 pax,food_beverages_catering,4,Code-mixed Hindi-English,3,True
Canteen supplies monthly Rs 57881,food_beverages_catering,4,Code-mixed Hindi-English,3,True
Breakfast meeting arrangement Rs 391,food_beverages_catering,4,Code-mixed Hindi-English,3,True
Chai nashta for staff Rs 39153,food_beverages_catering,4,Code-mixed Hindi-English,3,True
Guest lunch charges Rs 244944,food_beverages_catering,4,Code-mixed Hindi-English,3,True
Biscuits and namkeen for pantry Rs 48307,food_beverages_catering,4,Code-mixed Hindi-English,3,True
Monthly team dinner outing Rs 405879,food_beverages_catering,4,Code-mixed Hindi-English,3,True
Lunch meeting 41 pax Rs 17182,food_beverages_catering,4,Code-mixed Hindi-English,3,True
Drinking water cans 14 nos,food_beverages_catering,4,Code-mixed Hindi-English,3,True
Monthly team dinner outing Rs 122164,food_beverages_catering,4,Code-mixed Hindi-English,3,True
Cold drinks for summer supply Rs 41225,food_beverages_catering,4,Code-mixed Hindi-English,3,True
Snacks for training session Rs 265378,food_beverages_catering,4,Code-mixed Hindi-English,3,True
Disposable plates cups for party,food_beverages_catering,4,Code-mixed Hindi-English,3,True
Zomato order for team meeting Rs 19728,food_beverages_catering,4,Code-mixed Hindi-English,3,True
Festival sweets distribution Rs 221177,food_beverages_catering,4,Code-mixed Hindi-English,3,True
Milestone celebration team lunch Rs 49723,food_beverages_catering,4,Code-mixed Hindi-English,3,True
Office birthday cake Rs 24228,food_beverages_catering,4,Code-mixed Hindi-English,3,True
Monthly team dinner outing Rs 252034,food_beverages_catering,4,Code-mixed Hindi-English,3,True
Milestone celebration team lunch Rs 217141,food_beverages_catering,4,Code-mixed Hindi-English,3,True
Lunch for staff 43 persons Rs 49882,food_beverages_catering,4,Code-mixed Hindi-English,3,True
Party catering diwali celebration Rs 454570,food_beverages_catering,4,Code-mixed Hindi-English,3,True
Cold drinks for summer supply Rs 12504,food_beverages_catering,4,Code-mixed Hindi-English,3,True
Restaurant bill client dinner Rs 43291,food_beverages_catering,4,Code-mixed Hindi-English,3,True
Drinking water cans 12 nos,food_beverages_catering,4,Code-mixed Hindi-English,3,True
Fruits for office pantry Rs 258991,food_beverages_catering,4,Code-mixed Hindi-English,3,True
स्पा रु 36330,club_health_beauty,5,Hindi (Devanagari),0,True
हेल्थ इंश्योरेंस रु 219,club_health_beauty,5,Hindi (Devanagari),0,True
जिम रु 28857,club_health_beauty,5,Hindi (Devanagari),0,True
जिम रु 17248,club_health_beauty,5,Hindi (Devanagari),0,True
जिम रु 25445,club_health_beauty,5,Hindi (Devanagari),0,True
क्लब रु 9121,club_health_beauty,5,Hindi (Devanagari),0,True
ब्यूटी सैलून रु 41437,club_health_beauty,5,Hindi (Devanagari),0,True
योगा रु 4849,club_health_beauty,5,Hindi (Devanagari),0,True
क्लब रु 24569,club_health_beauty,5,Hindi (Devanagari),0,True
जिम रु 23764,club_health_beauty,5,Hindi (Devanagari),0,True
योगा रु 37947,club_health_beauty,5,Hindi (Devanagari),0,True
ब्यूटी सैलून रु 15146,club_health_beauty,5,Hindi (Devanagari),0,True
योगा रु 27011,club_health_beauty,5,Hindi (Devanagari),0,True
क्लब रु 44454,club_health_beauty,5,Hindi (Devanagari),0,True
ब्यूटी सैलून रु 14741,club_health_beauty,5,Hindi (Devanagari),0,True
योगा रु 7223,club_health_beauty,5,Hindi (Devanagari),0,True
योगा रु 27527,club_health_beauty,5,Hindi (Devanagari),0,True
स्पा रु 36897,club_health_beauty,5,Hindi (Devanagari),0,True
जिम रु 43694,club_health_beauty,5,Hindi (Devanagari),0,True
योगा रु 19851,club_health_beauty,5,Hindi (Devanagari),0,True
जिम रु 19582,club_health_beauty,5,Hindi (Devanagari),0,True
ब्यूटी सैलून रु 35844,club_health_beauty,5,Hindi (Devanagari),0,True
जिम रु 30316,club_health_beauty,5,Hindi (Devanagari),0,True
जिम रु 18752,club_health_beauty,5,Hindi (Devanagari),0,True
क्लब रु 6137,club_health_beauty,5,Hindi (Devanagari),0,True
योगा रु 26411,club_health_beauty,5,Hindi (Devanagari),0,True
क्लब रु 43916,club_health_beauty,5,Hindi (Devanagari),0,True
क्लब रु 35386,club_health_beauty,5,Hindi (Devanagari),0,True
स्पा रु 20841,club_health_beauty,5,Hindi (Devanagari),0,True
योगा रु 25366,club_health_beauty,5,Hindi (Devanagari),0,True
ब्यूटी सैलून रु 4830,club_health_beauty,5,Hindi (Devanagari),0,True
जिम रु 15317,club_health_beauty,5,Hindi (Devanagari),0,True
ब्यूटी सैलून रु 22187,club_health_beauty,5,Hindi (Devanagari),0,True
स्पा रु 4628,club_health_beauty,5,Hindi (Devanagari),0,True
जिम रु 34284,club_health_beauty,5,Hindi (Devanagari),0,True
क्लब रु 31099,club_health_beauty,5,Hindi (Devanagari),0,True
क्लब रु 37952,club_health_beauty,5,Hindi (Devanagari),0,True
क्लब रु 48056,club_health_beauty,5,Hindi (Devanagari),0,True
योगा रु 18993,club_health_beauty,5,Hindi (Devanagari),0,True
योगा रु 9614,club_health_beauty,5,Hindi (Devanagari),0,True
स्पा रु 16349,club_health_beauty,5,Hindi (Devanagari),0,True
क्लब रु 35392,club_health_beauty,5,Hindi (Devanagari),0,True
स्पा रु 26677,club_health_beauty,5,Hindi (Devanagari),0,True
क्लब रु 22387,club_health_beauty,5,Hindi (Devanagari),0,True
योगा रु 20521,club_health_beauty,5,Hindi (Devanagari),0,True
हेल्थ इंश्योरेंस रु 3060,club_health_beauty,5,Hindi (Devanagari),0,True
ब्यूटी सैलून रु 49489,club_health_beauty,5,Hindi (Devanagari),0,True
योगा रु 43044,club_health_beauty,5,Hindi (Devanagari),0,True
जिम रु 27829,club_health_beauty,5,Hindi (Devanagari),0,True
क्लब रु 4813,club_health_beauty,5,Hindi (Devanagari),0,True
जिम रु 4044,club_health_beauty,5,Hindi (Devanagari),0,True
योगा रु 15267,club_health_beauty,5,Hindi (Devanagari),0,True
जिम रु 18B10,club_health_beauty,5,Hindi (Devanagari),0,True
हेल्थ इंश्योरेंस रु 9118,club_health_beauty,5,Hindi (Devanagari),0,True
क्लब रु 42945,club_health_beauty,5,Hindi (Devanagari),0,True
योगा रु 7011,club_health_beauty,5,Hindi (Devanagari),0,True
हेल्थ इंश्योरेंस रु 31076,club_health_beauty,5,Hindi (Devanagari),0,True
स्पा रु 38313,club_health_beauty,5,Hindi (Devanagari),0,True
क्लब रु 18534,club_health_beauty,5,Hindi (Devanagari),0,True
स्पा रु 47629,club_health_beauty,5,Hindi (Devanagari),0,True
क्लब रु 29021,club_health_beauty,5,Hindi (Devanagari),0,True
क्लब रु 29923,club_health_beauty,5,Hindi (Devanagari),0,True
जिम रु 17394,club_health_beauty,5,Hindi (Devanagari),0,True
स्पा रु 45750,club_health_beauty,5,Hindi (Devanagari),0,True
जिम रु 27578,club_health_beauty,5,Hindi (Devanagari),0,True
योगा रु 18242,club_health_beauty,5,Hindi (Devanagari),0,True
क्लब रु 5948,club_health_beauty,5,Hindi (Devanagari),0,True
जिम रु 35491,club_health_beauty,5,Hindi (Devanagari),0,True
ब्यूटी सैलून रु 41618,club_health_beauty,5,Hindi (Devanagari),0,True
जिम रु 16839,club_health_beauty,5,Hindi (Devanagari),0,True
क्लब रु 11016,club_health_beauty,5,Hindi (Devanagari),0,True
ब्यूटी सैलून रु 12751,club_health_beauty,5,Hindi (Devanagari),0,True
क्लब रु 28306,club_health_beauty,5,Hindi (Devanagari),0,True
ब्यूटी सैलून रु 43986,club_health_beauty,5,Hindi (Devanagari),0,True
योगा रु 28801,club_health_beauty,5,Hindi (Devanagari),0,True
योगा रु 25218,club_health_beauty,5,Hindi (Devanagari),0,True
हेल्थ इंश्योरेंस रु 49110,club_health_beauty,5,Hindi (Devanagari),0,True
जिम रु 40823,club_health_beauty,5,Hindi (Devanagari),0,True
ब्यूटी सैलून रु 13872,club_health_beauty,5,Hindi (Devanagari),0,True
योगा रु 48377,club_health_beauty,5,Hindi (Devanagari),0,True
ब्यूटी सैलून रु 37640,club_health_beauty,5,Hindi (Devanagari),0,True
ब्यूटी सैलून रु 1052,club_health_beauty,5,Hindi (Devanagari),0,True
योगा रु 29109,club_health_beauty,5,Hindi (Devanagari),0,True
स्पा रु 21226,club_health_beauty,5,Hindi (Devanagari),0,True
हेल्थ इंश्योरेंस रु 23792,club_health_beauty,5,Hindi (Devanagari),0,True
जिम रु 13183,club_health_beauty,5,Hindi (Devanagari),0,True
हेल्थ इंश्योरेंस रु 8179,club_health_beauty,5,Hindi (Devanagari),0,True
ब्यूटी सैलून रु 822,club_health_beauty,5,Hindi (Devanagari),0,True
योगा रु 17280,club_health_beauty,5,Hindi (Devanagari),0,True
ब्यूटी सैलून रु 11317,club_health_beauty,5,Hindi (Devanagari),0,True
हेल्थ इंश्योरेंस रु 11026,club_health_beauty,5,Hindi (Devanagari),0,True
स्पा रु 20754,club_health_beauty,5,Hindi (Devanagari),0,True
जिम रु 34872,club_health_beauty,5,Hindi (Devanagari),0,True
स्पा रु 32138,club_health_beauty,5,Hindi (Devanagari),0,True
क्लब रु 27450,club_health_beauty,5,Hindi (Devanagari),0,True
ब्यूटी सैलून रु 37468,club_health_beauty,5,Hindi (Devanagari),0,True
हेल्थ इंश्योरेंस रु 5057,club_health_beauty,5,Hindi (Devanagari),0,True
ब्यूटी सैलून रु 39316,club_health_beauty,5,Hindi (Devanagari),0,True
जिम रु 43336,club_health_beauty,5,Hindi (Devanagari),0,True
योगा रु 8086,club_health_beauty,5,Hindi (Devanagari),0,True
क्लब रु 27935,club_health_beauty,5,Hindi (Devanagari),0,True
योगा रु 33764,club_health_beauty,5,Hindi (Devanagari),0,True
ब्यूटी सैलून रु 28616,club_health_beauty,5,Hindi (Devanagari),0,True
क्लब रु 4543,club_health_beauty,5,Hindi (Devanagari),0,True
जिम रु 9159,club_health_beauty,5,Hindi (Devanagari),0,True
जिम रु 34350,club_health_beauty,5,Hindi (Devanagari),0,True
क्लब रु 26396,club_health_beauty,5,Hindi (Devanagari),0,True
हेल्थ इंश्योरेंस रु 22859,club_health_beauty,5,Hindi (Devanagari),0,True
योगा रु 40677,club_health_beauty,5,Hindi (Devanagari),0,True
योगा रु 13653,club_health_beauty,5,Hindi (Devanagari),0,True
ब्यूटी सैलून रु 35516,club_health_beauty,5,Hindi (Devanagari),0,True
ब्यूटी सैलून रु 2714,club_health_beauty,5,Hindi (Devanagari),0,True
क्लब रु 39757,club_health_beauty,5,Hindi (Devanagari),0,True
क्लब रु 7104,club_health_beauty,5,Hindi (Devanagari),0,True
हेल्थ इंश्योरेंस रु 46209,club_health_beauty,5,Hindi (Devanagari),0,True
जिम रु 48625,club_health_beauty,5,Hindi (Devanagari),0,True
जिम रु 31973,club_health_beauty,5,Hindi (Devanagari),0,True
ब्यूटी सैलून रु 36485,club_health_beauty,5,Hindi (Devanagari),0,True
स्पा रु 16564,club_health_beauty,5,Hindi (Devanagari),0,True
स्पा रु 4499O,club_health_beauty,5,Hindi (Devanagari),0,True
स्पा रु 10519,club_health_beauty,5,Hindi (Devanagari),0,True
हेल्थ इंश्योरेंस रु 5402,club_health_beauty,5,Hindi (Devanagari),0,True
हेल्थ इंश्योरेंस रु 11545,club_health_beauty,5,Hindi (Devanagari),0,True
स्पा रु 10347,club_health_beauty,5,Hindi (Devanagari),0,True
योगा रु 26284,club_health_beauty,5,Hindi (Devanagari),0,True
क्लब रु 9605,club_health_beauty,5,Hindi (Devanagari),0,True
हेल्थ इंश्योरेंस रु 32126,club_health_beauty,5,Hindi (Devanagari),0,True
क्लब रु 45719,club_health_beauty,5,Hindi (Devanagari),0,True
योगा रु 22966,club_health_beauty,5,Hindi (Devanagari),0,True
योगा रु 32187,club_health_beauty,5,Hindi (Devanagari),0,True
क्लब रु 42549,club_health_beauty,5,Hindi (Devanagari),0,True
स्पा रु 4345,club_health_beauty,5,Hindi (Devanagari),0,True
ब्यूटी सैलून रु 30482,club_health_beauty,5,Hindi (Devanagari),0,True
क्लब रु 41082,club_health_beauty,5,Hindi (Devanagari),0,True
स्पा रु 4098,club_health_beauty,5,Hindi (Devanagari),0,True
क्लब रु 34594,club_health_beauty,5,Hindi (Devanagari),0,True
स्पा रु 25023,club_health_beauty,5,Hindi (Devanagari),0,True
हेल्थ इंश्योरेंस रु 28849,club_health_beauty,5,Hindi (Devanagari),0,True
क्लब रु 43717,club_health_beauty,5,Hindi (Devanagari),0,True
स्पा रु 40604,club_health_beauty,5,Hindi (Devanagari),0,True
जिम रु 4878,club_health_beauty,5,Hindi (Devanagari),0,True
ब्यूटी सैलून रु 8215,club_health_beauty,5,Hindi (Devanagari),0,True
स्पा रु 46195,club_health_beauty,5,Hindi (Devanagari),0,True
हेल्थ इंश्योरेंस रु 35002,club_health_beauty,5,Hindi (Devanagari),0,True
जिम रु 48019,club_health_beauty,5,Hindi (Devanagari),0,True
योगा रु 5711,club_health_beauty,5,Hindi (Devanagari),0,True
हेल्थ इंश्योरेंस रु 33705,club_health_beauty,5,Hindi (Devanagari),0,True
योगा रु 15621,club_health_beauty,5,Hindi (Devanagari),0,True
क्लब रु 24008,club_health_beauty,5,Hindi (Devanagari),0,True
स्पा रु 10058,club_health_beauty,5,Hindi (Devanagari),0,True
स्पा रु 15832,club_health_beauty,5,Hindi (Devanagari),0,True
जिम रु 5727,club_health_beauty,5,Hindi (Devanagari),0,True
ब्यूटी सैलून रु 36935,club_health_beauty,5,Hindi (Devanagari),0,True
स्पा रु 45226,club_health_beauty,5,Hindi (Devanagari),0,True
जिम रु 2392,club_health_beauty,5,Hindi (Devanagari),0,True
क्लब रु 3833,club_health_beauty,5,Hindi (Devanagari),0,True
योगा रु 34612,club_health_beauty,5,Hindi (Devanagari),0,True
हेल्थ इंश्योरेंस रु 6586,club_health_beauty,5,Hindi (Devanagari),0,True
योगा रु 24852,club_health_beauty,5,Hindi (Devanagari),0,True
स्पा रु 21637,club_health_beauty,5,Hindi (Devanagari),0,True
हेल्थ इंश्योरेंस रु 34056,club_health_beauty,5,Hindi (Devanagari),0,True
हेल्थ इंश्योरेंस रु 3109,club_health_beauty,5,Hindi (Devanagari),0,True
योगा रु 31857,club_health_beauty,5,Hindi (Devanagari),0,True
हेल्थ इंश्योरेंस रु 17072,club_health_beauty,5,Hindi (Devanagari),0,True
हेल्थ इंश्योरेंस रु 31218,club_health_beauty,5,Hindi (Devanagari),0,True
जिम रु 34984,club_health_beauty,5,Hindi (Devanagari),0,True
योगा रु 36535,club_health_beauty,5,Hindi (Devanagari),0,True
ब्यूटी सैलून रु 31440,club_health_beauty,5,Hindi (Devanagari),0,True
स्पा रु 31733,club_health_beauty,5,Hindi (Devanagari),0,True
हेल्थ इंश्योरेंस रु 39714,club_health_beauty,5,Hindi (Devanagari),0,True
जिम रु 28526,club_health_beauty,5,Hindi (Devanagari),0,True
योगा रु 32871,club_health_beauty,5,Hindi (Devanagari),0,True
जिम रु 22099,club_health_beauty,5,Hindi (Devanagari),0,True
जिम रु 48464,club_health_beauty,5,Hindi (Devanagari),0,True
हेल्थ इंश्योरेंस रु 9391,club_health_beauty,5,Hindi (Devanagari),0,True
जिम रु 42391,club_health_beauty,5,Hindi (Devanagari),0,True
हेल्थ इंश्योरेंस रु 1196,club_health_beauty,5,Hindi (Devanagari),0,True
ब्यूटी सैलून रु 29889,club_health_beauty,5,Hindi (Devanagari),0,True
जिम रु 28390,club_health_beauty,5,Hindi (Devanagari),0,True
जिम रु 4197,club_health_beauty,5,Hindi (Devanagari),0,True
क्लब रु 12675,club_health_beauty,5,Hindi (Devanagari),0,True
योगा रु 33993,club_health_beauty,5,Hindi (Devanagari),0,True
ब्यूटी सैलून रु 2819,club_health_beauty,5,Hindi (Devanagari),0,True
जिम रु 6546,club_health_beauty,5,Hindi (Devanagari),0,True
योगा रु 18444,club_health_beauty,5,Hindi (Devanagari),0,True
ब्यूटी सैलून रु 2888,club_health_beauty,5,Hindi (Devanagari),0,True
क्लब रु 40842,club_health_beauty,5,Hindi (Devanagari),0,True
स्पा रु 43861,club_health_beauty,5,Hindi (Devanagari),0,True
स्पा रु 16401,club_health_beauty,5,Hindi (Devanagari),0,True
स्पा रु 16911,club_health_beauty,5,Hindi (Devanagari),0,True
क्लब रु 46192,club_health_beauty,5,Hindi (Devanagari),0,True
स्पा रु 4160,club_health_beauty,5,Hindi (Devanagari),0,True
स्पा रु 8342,club_health_beauty,5,Hindi (Devanagari),0,True
जिम रु 35962,club_health_beauty,5,Hindi (Devanagari),0,True
स्पा रु 14430,club_health_beauty,5,Hindi (Devanagari),0,True
ब्यूटी सैलून रु 43658,club_health_beauty,5,Hindi (Devanagari),0,True
स्पा रु 15077,club_health_beauty,5,Hindi (Devanagari),0,True
स्पा रु 4723,club_health_beauty,5,Hindi (Devanagari),0,True
जिम रु 3336,club_health_beauty,5,Hindi (Devanagari),0,True
जिम रु 5617,club_health_beauty,5,Hindi (Devanagari),0,True
स्पा रु 4449,club_health_beauty,5,Hindi (Devanagari),0,True
हेल्थ इंश्योरेंस रु 22363,club_health_beauty,5,Hindi (Devanagari),0,True
जिम रु 23770,club_health_beauty,5,Hindi (Devanagari),0,True
ब्यूटी सैलून रु 15471,club_health_beauty,5,Hindi (Devanagari),0,True
ब्यूटी सैलून रु 37342,club_health_beauty,5,Hindi (Devanagari),0,True
क्लब रु 514,club_health_beauty,5,Hindi (Devanagari),0,True
योगा रु 27177,club_health_beauty,5,Hindi (Devanagari),0,True
योगा रु 14991,club_health_beauty,5,Hindi (Devanagari),0,True
ब्यूटी सैलून रु 46630,club_health_beauty,5,Hindi (Devanagari),0,True
स्पा रु 45990,club_health_beauty,5,Hindi (Devanagari),0,True
योगा रु 18216,club_health_beauty,5,Hindi (Devanagari),0,True
योगा रु 1772,club_health_beauty,5,Hindi (Devanagari),0,True
ब्यूटी सैलून रु 30909,club_health_beauty,5,Hindi (Devanagari),0,True
स्पा रु 12211,club_health_beauty,5,Hindi (Devanagari),0,True
क्लब रु 48770,club_health_beauty,5,Hindi (Devanagari),0,True
क्लब रु 27550,club_health_beauty,5,Hindi (Devanagari),0,True
योगा रु 27094,club_health_beauty,5,Hindi (Devanagari),0,True
ब्यूटी सैलून रु 33275,club_health_beauty,5,Hindi (Devanagari),0,True
क्लब रु 28636,club_health_beauty,5,Hindi (Devanagari),0,True
जिम रु 47236,club_health_beauty,5,Hindi (Devanagari),0,True
हेल्थ इंश्योरेंस रु 25998,club_health_beauty,5,Hindi (Devanagari),0,True
योगा रु 40024,club_health_beauty,5,Hindi (Devanagari),0,True
जिम रु 34564,club_health_beauty,5,Hindi (Devanagari),0,True
ब्यूटी सैलून रु 4181,club_health_beauty,5,Hindi (Devanagari),0,True
जिम रु 43985,club_health_beauty,5,Hindi (Devanagari),0,True
जिम रु 39871,club_health_beauty,5,Hindi (Devanagari),0,True
जिम रु 42969,club_health_beauty,5,Hindi (Devanagari),0,True
जिम रु 29903,club_health_beauty,5,Hindi (Devanagari),0,True
ब्यूटी सैलून रु 23796,club_health_beauty,5,Hindi (Devanagari),0,True
स्पा रु 30985,club_health_beauty,5,Hindi (Devanagari),0,True
क्लब रु 10579,club_health_beauty,5,Hindi (Devanagari),0,True
जिम रु 38285,club_health_beauty,5,Hindi (Devanagari),0,True
योगा रु 3251,club_health_beauty,5,Hindi (Devanagari),0,True
योगा रु 20326,club_health_beauty,5,Hindi (Devanagari),0,True
ब्यूटी सैलून रु 7341,club_health_beauty,5,Hindi (Devanagari),0,True
क्लब रु 3682,club_health_beauty,5,Hindi (Devanagari),0,True
हेल्थ इंश्योरेंस रु 46255,club_health_beauty,5,Hindi (Devanagari),0,True
स्पा रु 49501,club_health_beauty,5,Hindi (Devanagari),0,True
स्पा रु 39715,club_health_beauty,5,Hindi (Devanagari),0,True
क्लब रु 19041,club_health_beauty,5,Hindi (Devanagari),0,True
जिम रु 9600,club_health_beauty,5,Hindi (Devanagari),0,True
स्पा रु 1626,club_health_beauty,5,Hindi (Devanagari),0,True
क्लब रु 44572,club_health_beauty,5,Hindi (Devanagari),0,True
स्पा रु 25439,club_health_beauty,5,Hindi (Devanagari),0,True
स्पा रु 21722,club_health_beauty,5,Hindi (Devanagari),0,True
हेल्थ इंश्योरेंस रु 40821,club_health_beauty,5,Hindi (Devanagari),0,True
योगा रु 28557,club_health_beauty,5,Hindi (Devanagari),0,True
क्लब रु 38145,club_health_beauty,5,Hindi (Devanagari),0,True
जिम रु 12007,club_health_beauty,5,Hindi (Devanagari),0,True
जिम रु 26093,club_health_beauty,5,Hindi (Devanagari),0,True
saloon gaya rs 11931,club_health_beauty,5,Transliterated Hindi,1,True
spa gaya rs 36465,club_health_beauty,5,Transliterated Hindi,1,True
yoga class rs 40538,club_health_beauty,5,Transliterated Hindi,1,True
yoga class rs 5017,club_health_beauty,5,Transliterated Hindi,1,True
health insurance rs 3023,club_health_beauty,5,Transliterated Hindi,1,True
spa gaya rs 32512,club_health_beauty,5,Transliterated Hindi,1,True
spa gaya rs 16018,club_health_beauty,5,Transliterated Hindi,1,True
spa gaya rs 42846,club_health_beauty,5,Transliterated Hindi,1,True
yoga class rs 37602,club_health_beauty,5,Transliterated Hindi,1,True
gym membership liya rs 13061,club_health_beauty,5,Transliterated Hindi,1,True
yoga class rs 34252,club_health_beauty,5,Transliterated Hindi,1,True
saloon gaya rs 41457,club_health_beauty,5,Transliterated Hindi,1,True
saloon gaya rs 14054,club_health_beauty,5,Transliterated Hindi,1,True
spa gaya rs 12816,club_health_beauty,5,Transliterated Hindi,1,True
saloon gaya rs 946,club_health_beauty,5,Transliterated Hindi,1,True
yoga class rs 19250,club_health_beauty,5,Transliterated Hindi,1,True
spa gaya rs 1217,club_health_beauty,5,Transliterated Hindi,1,True
yoga class rs 12981,club_health_beauty,5,Transliterated Hindi,1,True
yoga class rs 27833,club_health_beauty,5,Transliterated Hindi,1,True
yoga class rs 44315,club_health_beauty,5,Transliterated Hindi,1,True
spa gaya rs 6665,club_health_beauty,5,Transliterated Hindi,1,True
health insurance rs 25424,club_health_beauty,5,Transliterated Hindi,1,True
health insurance rs 13968,club_health_beauty,5,Transliterated Hindi,1,True
gym membership liya rs 19267,club_health_beauty,5,Transliterated Hindi,1,True
gym membership liya rs 48363,club_health_beauty,5,Transliterated Hindi,1,True
gym membership liya rs 49576,club_health_beauty,5,Transliterated Hindi,1,True
yoga class rs 32111,club_health_beauty,5,Transliterated Hindi,1,True
saloon gaya rs 41343,club_health_beauty,5,Transliterated Hindi,1,True
yoga class rs 9397,club_health_beauty,5,Transliterated Hindi,1,True
spa gaya rs 5236,club_health_beauty,5,Transliterated Hindi,1,True
gym membership liya rs 4749,club_health_beauty,5,Transliterated Hindi,1,True
health insurance rs 24190,club_health_beauty,5,Transliterated Hindi,1,True
health insurance rs 41406,club_health_beauty,5,Transliterated Hindi,1,True
saloon gaya rs 41799,club_health_beauty,5,Transliterated Hindi,1,True
saloon gaya rs 929,club_health_beauty,5,Transliterated Hindi,1,True
yoga class rs 34544,club_health_beauty,5,Transliterated Hindi,1,True
gym membership liya rs 8493,club_health_beauty,5,Transliterated Hindi,1,True
gym membership liya rs 21301,club_health_beauty,5,Transliterated Hindi,1,True
yoga class rs 41647,club_health_beauty,5,Transliterated Hindi,1,True
health insurance rs 26637,club_health_beauty,5,Transliterated Hindi,1,True
health insurance rs 14069,club_health_beauty,5,Transliterated Hindi,1,True
spa gaya rs 6263,club_health_beauty,5,Transliterated Hindi,1,True
gym membership liya rs 33359,club_health_beauty,5,Transliterated Hindi,1,True
health insurance rs 7275,club_health_beauty,5,Transliterated Hindi,1,True
yoga class rs 4240,club_health_beauty,5,Transliterated Hindi,1,True
spa gaya rs 10535,club_health_beauty,5,Transliterated Hindi,1,True
saloon gaya rs 24191,club_health_beauty,5,Transliterated Hindi,1,True
health insurance rs 33676,club_health_beauty,5,Transliterated Hindi,1,True
yoga class rs 1l179,club_health_beauty,5,Transliterated Hindi,1,True
spa gaya rs 38104,club_health_beauty,5,Transliterated Hindi,1,True
gym membership liya rs 49539,club_health_beauty,5,Transliterated Hindi,1,True
spa gaya rs 36974,club_health_beauty,5,Transliterated Hindi,1,True
health insurance rs 40252,club_health_beauty,5,Transliterated Hindi,1,True
saloon gaya rs 42131,club_health_beauty,5,Transliterated Hindi,1,True
gym membership liya rs 35505,club_health_beauty,5,Transliterated Hindi,1,True
spa gaya rs 14164,club_health_beauty,5,Transliterated Hindi,1,True
gym membership liya rs 20287,club_health_beauty,5,Transliterated Hindi,1,True
saloon gaya rs 47085,club_health_beauty,5,Transliterated Hindi,1,True
yoga class rs 13380,club_health_beauty,5,Transliterated Hindi,1,True
spa gaya rs 30220,club_health_beauty,5,Transliterated Hindi,1,True
saloon gaya rs 40225,club_health_beauty,5,Transliterated Hindi,1,True
yoga class rs 34786,club_health_beauty,5,Transliterated Hindi,1,True
spa gaya rs 27630,club_health_beauty,5,Transliterated Hindi,1,True
gym membership liya rs 35521,club_health_beauty,5,Transliterated Hindi,1,True
gym membership liya rs 35296,club_health_beauty,5,Transliterated Hindi,1,True
yoga class rs 49503,club_health_beauty,5,Transliterated Hindi,1,True
gym membership liya rs 38263,club_health_beauty,5,Transliterated Hindi,1,True
yoga class rs 43544,club_health_beauty,5,Transliterated Hindi,1,True
yoga class rs 44445,club_health_beauty,5,Transliterated Hindi,1,True
spa gaya rs 23729,club_health_beauty,5,Transliterated Hindi,1,True
saloon gaya rs 23811,club_health_beauty,5,Transliterated Hindi,1,True
saloon gaya rs 15630,club_health_beauty,5,Transliterated Hindi,1,True
saloon gaya rs 13627,club_health_beauty,5,Transliterated Hindi,1,True
health insurance rs 34590,club_health_beauty,5,Transliterated Hindi,1,True
yoga class rs 17386,club_health_beauty,5,Transliterated Hindi,1,True
health insurance rs 3748,club_health_beauty,5,Transliterated Hindi,1,True
saloon gaya rs 28379,club_health_beauty,5,Transliterated Hindi,1,True
health insurance rs 42891,club_health_beauty,5,Transliterated Hindi,1,True
yoga class rs 3694,club_health_beauty,5,Transliterated Hindi,1,True
gym membership liya rs 29419,club_health_beauty,5,Transliterated Hindi,1,True
health insurance rs 167,club_health_beauty,5,Transliterated Hindi,1,True
saloon gaya rs 24138,club_health_beauty,5,Transliterated Hindi,1,True
spa gaya rs 8235,club_health_beauty,5,Transliterated Hindi,1,True
saloon gaya rs 14275,club_health_beauty,5,Transliterated Hindi,1,True
gym membership liya rs 8383,club_health_beauty,5,Transliterated Hindi,1,True
gym membership liya rs 42043,club_health_beauty,5,Transliterated Hindi,1,True
yoga class rs 45811,club_health_beauty,5,Transliterated Hindi,1,True
saloon gaya rs 46808,club_health_beauty,5,Transliterated Hindi,1,True
saloon gaya rs 19117,club_health_beauty,5,Transliterated Hindi,1,True
yoga class rs 48663,club_health_beauty,5,Transliterated Hindi,1,True
health insurance rs 14559,club_health_beauty,5,Transliterated Hindi,1,True
yoga class rs 23724,club_health_beauty,5,Transliterated Hindi,1,True
gym membership liya rs 42900,club_health_beauty,5,Transliterated Hindi,1,True
spa gaya rs 17887,club_health_beauty,5,Transliterated Hindi,1,True
health insurance rs 40270,club_health_beauty,5,Transliterated Hindi,1,True
gym membership liya rs 33593,club_health_beauty,5,Transliterated Hindi,1,True
spa gaya rs 19335,club_health_beauty,5,Transliterated Hindi,1,True
saloon gaya rs 27349,club_health_beauty,5,Transliterated Hindi,1,True
gym membership liya rs 21598,club_health_beauty,5,Transliterated Hindi,1,True
gym membership liya rs 33385,club_health_beauty,5,Transliterated Hindi,1,True
health insurance rs 931,club_health_beauty,5,Transliterated Hindi,1,True
gym membership liya rs l49l9,club_health_beauty,5,Transliterated Hindi,1,True
spa gaya rs 4139,club_health_beauty,5,Transliterated Hindi,1,True
saloon gaya rs 7460,club_health_beauty,5,Transliterated Hindi,1,True
yoga class rs 14114,club_health_beauty,5,Transliterated Hindi,1,True
health insurance rs 33805,club_health_beauty,5,Transliterated Hindi,1,True
health insurance rs 47610,club_health_beauty,5,Transliterated Hindi,1,True
spa gaya rs 41529,club_health_beauty,5,Transliterated Hindi,1,True
spa gaya rs 23641,club_health_beauty,5,Transliterated Hindi,1,True
yoga class rs 46849,club_health_beauty,5,Transliterated Hindi,1,True
yoga class rs 17167,club_health_beauty,5,Transliterated Hindi,1,True
gym membership liya rs 14153,club_health_beauty,5,Transliterated Hindi,1,True
saloon gaya rs 28310,club_health_beauty,5,Transliterated Hindi,1,True
gym membership 1iya rs 35112,club_health_beauty,5,Transliterated Hindi,1,True
gym membership liya rs 23850,club_health_beauty,5,Transliterated Hindi,1,True
yoga class rs 32069,club_health_beauty,5,Transliterated Hindi,1,True
spa gaya rs 22197,club_health_beauty,5,Transliterated Hindi,1,True
spa gaya rs 43228,club_health_beauty,5,Transliterated Hindi,1,True
saloon gaya rs 44125,club_health_beauty,5,Transliterated Hindi,1,True
health insurance rs 12460,club_health_beauty,5,Transliterated Hindi,1,True
yoga class rs 20108,club_health_beauty,5,Transliterated Hindi,1,True
spa gaya rs 8403,club_health_beauty,5,Transliterated Hindi,1,True
spa gaya rs 31670,club_health_beauty,5,Transliterated Hindi,1,True
health insurance rs 26859,club_health_beauty,5,Transliterated Hindi,1,True
gym membership liya rs l4638,club_health_beauty,5,Transliterated Hindi,1,True
spa gaya rs 26S67,club_health_beauty,5,Transliterated Hindi,1,True
gym membership liya rs 49362,club_health_beauty,5,Transliterated Hindi,1,True
yoga class rs 33054,club_health_beauty,5,Transliterated Hindi,1,True
saloon gaya rs 6336,club_health_beauty,5,Transliterated Hindi,1,True
yoga class rs 12550,club_health_beauty,5,Transliterated Hindi,1,True
health insurance rs 7069,club_health_beauty,5,Transliterated Hindi,1,True
saloon gaya rs 37161,club_health_beauty,5,Transliterated Hindi,1,True
gym membership liya rs 5142,club_health_beauty,5,Transliterated Hindi,1,True
saloon gaya rs 23239,club_health_beauty,5,Transliterated Hindi,1,True
health insurance rs 25927,club_health_beauty,5,Transliterated Hindi,1,True
health insurance rs 11108,club_health_beauty,5,Transliterated Hindi,1,True
spa gaya rs 25372,club_health_beauty,5,Transliterated Hindi,1,True
health insurance rs 45072,club_health_beauty,5,Transliterated Hindi,1,True
spa gaya rs 6156,club_health_beauty,5,Transliterated Hindi,1,True
saloon gaya rs 32171,club_health_beauty,5,Transliterated Hindi,1,True
saloon gaya rs 19549,club_health_beauty,5,Transliterated Hindi,1,True
health insurance rs 35168,club_health_beauty,5,Transliterated Hindi,1,True
yoga class rs 27065,club_health_beauty,5,Transliterated Hindi,1,True
gym membership liya rs 39921,club_health_beauty,5,Transliterated Hindi,1,True
yoga class rs 9238,club_health_beauty,5,Transliterated Hindi,1,True
saloon gaya rs 41911,club_health_beauty,5,Transliterated Hindi,1,True
yoga class rs 23709,club_health_beauty,5,Transliterated Hindi,1,True
spa gaya rs 47873,club_health_beauty,5,Transliterated Hindi,1,True
saloon gaya rs 32574,club_health_beauty,5,Transliterated Hindi,1,True
health insurance rs 27629,club_health_beauty,5,Transliterated Hindi,1,True
spa gaya rs 17442,club_health_beauty,5,Transliterated Hindi,1,True
health insurance rs 13404,club_health_beauty,5,Transliterated Hindi,1,True
yoga class rs 48725,club_health_beauty,5,Transliterated Hindi,1,True
saloon gaya rs 47434,club_health_beauty,5,Transliterated Hindi,1,True
health insurance rs 21645,club_health_beauty,5,Transliterated Hindi,1,True
gym membership liya rs 40356,club_health_beauty,5,Transliterated Hindi,1,True
gym membership liya rs 36975,club_health_beauty,5,Transliterated Hindi,1,True
spa gaya rs 30936,club_health_beauty,5,Transliterated Hindi,1,True
saloon gaya rs 37064,club_health_beauty,5,Transliterated Hindi,1,True
health insurance rs 37883,club_health_beauty,5,Transliterated Hindi,1,True
yoga class rs 20668,club_health_beauty,5,Transliterated Hindi,1,True
gym membership liya rs 29074,club_health_beauty,5,Transliterated Hindi,1,True
saloon gaya rs 19283,club_health_beauty,5,Transliterated Hindi,1,True
spa gaya rs 9906,club_health_beauty,5,Transliterated Hindi,1,True
health insurance rs 3784,club_health_beauty,5,Transliterated Hindi,1,True
spa gaya rs 25629,club_health_beauty,5,Transliterated Hindi,1,True
yoga class rs 2522,club_health_beauty,5,Transliterated Hindi,1,True
yoga class rs 36B16,club_health_beauty,5,Transliterated Hindi,1,True
health insurance rs 21796,club_health_beauty,5,Transliterated Hindi,1,True
yoga class rs 3706,club_health_beauty,5,Transliterated Hindi,1,True
yoga class rs 2643,club_health_beauty,5,Transliterated Hindi,1,True
health insurance rs 12668,club_health_beauty,5,Transliterated Hindi,1,True
health insurance rs 4708,club_health_beauty,5,Transliterated Hindi,1,True
yoga class rs 42140,club_health_beauty,5,Transliterated Hindi,1,True
saloon gaya rs 30883,club_health_beauty,5,Transliterated Hindi,1,True
spa gaya rs 22664,club_health_beauty,5,Transliterated Hindi,1,True
health insurance rs 17928,club_health_beauty,5,Transliterated Hindi,1,True
yoga class rs 27372,club_health_beauty,5,Transliterated Hindi,1,True
saloon gaya rs 14531,club_health_beauty,5,Transliterated Hindi,1,True
yoga class rs 38473,club_health_beauty,5,Transliterated Hindi,1,True
spa gaya rs 269,club_health_beauty,5,Transliterated Hindi,1,True
saloon gaya rs 3106,club_health_beauty,5,Transliterated Hindi,1,True
yoga class rs 43693,club_health_beauty,5,Transliterated Hindi,1,True
gym membership liya rs 40454,club_health_beauty,5,Transliterated Hindi,1,True
spa gaya rs 48024,club_health_beauty,5,Transliterated Hindi,1,True
health insurance rs 4190,club_health_beauty,5,Transliterated Hindi,1,True
gym membership liya rs 30814,club_health_beauty,5,Transliterated Hindi,1,True
health insurance rs 10602,club_health_beauty,5,Transliterated Hindi,1,True
spa gaya rs 13198,club_health_beauty,5,Transliterated Hindi,1,True
saloon gaya rs 36453,club_health_beauty,5,Transliterated Hindi,1,True
gym membership liya rs 24664,club_health_beauty,5,Transliterated Hindi,1,True
saloon gaya rs 17189,club_health_beauty,5,Transliterated Hindi,1,True
gym membership liya rs 11796,club_health_beauty,5,Transliterated Hindi,1,True
saloon gaya rs 42758,club_health_beauty,5,Transliterated Hindi,1,True
gym membership liya rs 27783,club_health_beauty,5,Transliterated Hindi,1,True
gym membership 1iya rs 42425,club_health_beauty,5,Transliterated Hindi,1,True
health insurance rs 7486,club_health_beauty,5,Transliterated Hindi,1,True
yoga class rs 40115,club_health_beauty,5,Transliterated Hindi,1,True
health insurance rs 28185,club_health_beauty,5,Transliterated Hindi,1,True
saloon gaya rs 36270,club_health_beauty,5,Transliterated Hindi,1,True
gym membership 1iya rs 38478,club_health_beauty,5,Transliterated Hindi,1,True
yoga class rs 12281,club_health_beauty,5,Transliterated Hindi,1,True
health insurance rs 47837,club_health_beauty,5,Transliterated Hindi,1,True
saloon gaya rs 34172,club_health_beauty,5,Transliterated Hindi,1,True
spa gaya rs 16633,club_health_beauty,5,Transliterated Hindi,1,True
spa gaya rs 977,club_health_beauty,5,Transliterated Hindi,1,True
gym membership liya rs 26499,club_health_beauty,5,Transliterated Hindi,1,True
spa gaya rs 22797,club_health_beauty,5,Transliterated Hindi,1,True
saloon gaya rs 28365,club_health_beauty,5,Transliterated Hindi,1,True
health insurance rs 18017,club_health_beauty,5,Transliterated Hindi,1,True
yoga class rs 15354,club_health_beauty,5,Transliterated Hindi,1,True
gym membership liya rs 42724,club_health_beauty,5,Transliterated Hindi,1,True
health insurance rs 27504,club_health_beauty,5,Transliterated Hindi,1,True
gym membership liya rs 4247,club_health_beauty,5,Transliterated Hindi,1,True
saloon gaya rs 22121,club_health_beauty,5,Transliterated Hindi,1,True
gym membership liya rs 17288,club_health_beauty,5,Transliterated Hindi,1,True
saloon gaya rs 14080,club_health_beauty,5,Transliterated Hindi,1,True
spa gaya rs 15569,club_health_beauty,5,Transliterated Hindi,1,True
spa gaya rs 25056,club_health_beauty,5,Transliterated Hindi,1,True
yoga class rs 46122,club_health_beauty,5,Transliterated Hindi,1,True
gym membership liya rs 1888,club_health_beauty,5,Transliterated Hindi,1,True
spa gaya rs 25254,club_health_beauty,5,Transliterated Hindi,1,True
spa gaya rs 38002,club_health_beauty,5,Transliterated Hindi,1,True
health insurance rs 36817,club_health_beauty,5,Transliterated Hindi,1,True
yoga class rs 40470,club_health_beauty,5,Transliterated Hindi,1,True
spa gaya rs 15062,club_health_beauty,5,Transliterated Hindi,1,True
gym membership liya rs 45186,club_health_beauty,5,Transliterated Hindi,1,True
health insurance rs 48281,club_health_beauty,5,Transliterated Hindi,1,True
health insurance rs 8760,club_health_beauty,5,Transliterated Hindi,1,True
spa gaya rs 11899,club_health_beauty,5,Transliterated Hindi,1,True
yoga class rs 44570,club_health_beauty,5,Transliterated Hindi,1,True
saloon gaya rs 20950,club_health_beauty,5,Transliterated Hindi,1,True
health insurance rs 33921,club_health_beauty,5,Transliterated Hindi,1,True
health insurance rs 18052,club_health_beauty,5,Transliterated Hindi,1,True
gym membership liya rs 48193,club_health_beauty,5,Transliterated Hindi,1,True
gym membership liya rs 23083,club_health_beauty,5,Transliterated Hindi,1,True
health insurance rs 39170,club_health_beauty,5,Transliterated Hindi,1,True
spa gaya rs 48032,club_health_beauty,5,Transliterated Hindi,1,True
yoga class rs 39424,club_health_beauty,5,Transliterated Hindi,1,True
health insurance rs 21420,club_health_beauty,5,Transliterated Hindi,1,True
health insurance rs 44494,club_health_beauty,5,Transliterated Hindi,1,True
saloon gaya rs 14043,club_health_beauty,5,Transliterated Hindi,1,True
health insurance rs 20273,club_health_beauty,5,Transliterated Hindi,1,True
health insurance rs 29918,club_health_beauty,5,Transliterated Hindi,1,True
gym membership liya rs 2515,club_health_beauty,5,Transliterated Hindi,1,True
gym membership liya rs 10410,club_health_beauty,5,Transliterated Hindi,1,True
yoga class rs 23540,club_health_beauty,5,Transliterated Hindi,1,True
health insurance rs 22129,club_health_beauty,5,Transliterated Hindi,1,True
yoga class rs 17829,club_health_beauty,5,Transliterated Hindi,1,True
yoga class rs 30471,club_health_beauty,5,Transliterated Hindi,1,True
યોગા રૂ 15736,club_health_beauty,5,Gujarati,2,True
સ્પા રૂ 16753,club_health_beauty,5,Gujarati,2,True
હેલ્થ ઇન્શ્યોરન્સ રૂ 38821,club_health_beauty,5,Gujarati,2,True
હેલ્થ ઇન્શ્યોરન્સ રૂ 29842,club_health_beauty,5,Gujarati,2,True
જિમ રૂ 23852,club_health_beauty,5,Gujarati,2,True
સ્પા રૂ 40939,club_health_beauty,5,Gujarati,2,True
બ્યુટી સલૂન રૂ 23052,club_health_beauty,5,Gujarati,2,True
હેલ્થ ઇન્શ્યોરન્સ રૂ 29701,club_health_beauty,5,Gujarati,2,True
સ્પા રૂ 37517,club_health_beauty,5,Gujarati,2,True
જિમ રૂ 48806,club_health_beauty,5,Gujarati,2,True
જિમ રૂ 26093,club_health_beauty,5,Gujarati,2,True
યોગા રૂ 2594,club_health_beauty,5,Gujarati,2,True
યોગા રૂ 22511,club_health_beauty,5,Gujarati,2,True
હેલ્થ ઇન્શ્યોરન્સ રૂ 16636,club_health_beauty,5,Gujarati,2,True
સ્પા રૂ 685,club_health_beauty,5,Gujarati,2,True
યોગા રૂ 7013,club_health_beauty,5,Gujarati,2,True
હેલ્થ ઇન્શ્યોરન્સ રૂ 13160,club_health_beauty,5,Gujarati,2,True
હેલ્થ ઇન્શ્યોરન્સ રૂ 47216,club_health_beauty,5,Gujarati,2,True
જિમ રૂ 26210,club_health_beauty,5,Gujarati,2,True
જિમ રૂ 19083,club_health_beauty,5,Gujarati,2,True
જિમ રૂ 48186,club_health_beauty,5,Gujarati,2,True
સ્પા રૂ 44256,club_health_beauty,5,Gujarati,2,True
જિમ રૂ 43205,club_health_beauty,5,Gujarati,2,True
સ્પા રૂ 7056,club_health_beauty,5,Gujarati,2,True
સ્પા રૂ 32231,club_health_beauty,5,Gujarati,2,True
હેલ્થ ઇન્શ્યોરન્સ રૂ 30132,club_health_beauty,5,Gujarati,2,True
યોગા રૂ 38682,club_health_beauty,5,Gujarati,2,True
યોગા રૂ 46831,club_health_beauty,5,Gujarati,2,True
હેલ્થ ઇન્શ્યોરન્સ રૂ 8167,club_health_beauty,5,Gujarati,2,True
હેલ્થ ઇન્શ્યોરન્સ રૂ 44000,club_health_beauty,5,Gujarati,2,True
બ્યુટી સલૂન રૂ 15469,club_health_beauty,5,Gujarati,2,True
સ્પા રૂ 34337,club_health_beauty,5,Gujarati,2,True
યોગા રૂ 20187,club_health_beauty,5,Gujarati,2,True
સ્પા રૂ 23561,club_health_beauty,5,Gujarati,2,True
સ્પા રૂ 26107,club_health_beauty,5,Gujarati,2,True
બ્યુટી સલૂન રૂ 6850,club_health_beauty,5,Gujarati,2,True
હેલ્થ ઇન્શ્યોરન્સ રૂ 31491,club_health_beauty,5,Gujarati,2,True
યોગા રૂ 12990,club_health_beauty,5,Gujarati,2,True
બ્યુટી સલૂન રૂ 14782,club_health_beauty,5,Gujarati,2,True
બ્યુટી સલૂન રૂ 2018,club_health_beauty,5,Gujarati,2,True
જિમ રૂ 29183,club_health_beauty,5,Gujarati,2,True
બ્યુટી સલૂન રૂ 26520,club_health_beauty,5,Gujarati,2,True
જિમ રૂ 39230,club_health_beauty,5,Gujarati,2,True
બ્યુટી સલૂન રૂ 16262,club_health_beauty,5,Gujarati,2,True
હેલ્થ ઇન્શ્યોરન્સ રૂ 5679,club_health_beauty,5,Gujarati,2,True
યોગા રૂ 49033,club_health_beauty,5,Gujarati,2,True
બ્યુટી સલૂન રૂ 2969,club_health_beauty,5,Gujarati,2,True
જિમ રૂ 36031,club_health_beauty,5,Gujarati,2,True
હેલ્થ ઇન્શ્યોરન્સ રૂ 19478,club_health_beauty,5,Gujarati,2,True
યોગા રૂ 34433,club_health_beauty,5,Gujarati,2,True
સ્પા રૂ 1956,club_health_beauty,5,Gujarati,2,True
હેલ્થ ઇન્શ્યોરન્સ રૂ 42800,club_health_beauty,5,Gujarati,2,True
સ્પા રૂ 9269,club_health_beauty,5,Gujarati,2,True
બ્યુટી સલૂન રૂ 35474,club_health_beauty,5,Gujarati,2,True
હેલ્થ ઇન્શ્યોરન્સ રૂ 13191,club_health_beauty,5,Gujarati,2,True
હેલ્થ ઇન્શ્યોરન્સ રૂ 5108,club_health_beauty,5,Gujarati,2,True
બ્યુટી સલૂન રૂ 40395,club_health_beauty,5,Gujarati,2,True
જિમ રૂ 24524,club_health_beauty,5,Gujarati,2,True
જિમ રૂ 4568,club_health_beauty,5,Gujarati,2,True
જિમ રૂ 33346,club_health_beauty,5,Gujarati,2,True
યોગા રૂ 42481,club_health_beauty,5,Gujarati,2,True
જિમ રૂ 42953,club_health_beauty,5,Gujarati,2,True
જિમ રૂ 26734,club_health_beauty,5,Gujarati,2,True
જિમ રૂ 30797,club_health_beauty,5,Gujarati,2,True
સ્પા રૂ 19916,club_health_beauty,5,Gujarati,2,True
સ્પા રૂ 8252,club_health_beauty,5,Gujarati,2,True
સ્પા રૂ 43316,club_health_beauty,5,Gujarati,2,True
યોગા રૂ 2253,club_health_beauty,5,Gujarati,2,True
યોગા રૂ 45776,club_health_beauty,5,Gujarati,2,True
યોગા રૂ 24297,club_health_beauty,5,Gujarati,2,True
હેલ્થ ઇન્શ્યોરન્સ રૂ 40183,club_health_beauty,5,Gujarati,2,True
સ્પા રૂ 3717,club_health_beauty,5,Gujarati,2,True
બ્યુટી સલૂન રૂ 9782,club_health_beauty,5,Gujarati,2,True
બ્યુટી સલૂન રૂ 31546,club_health_beauty,5,Gujarati,2,True
બ્યુટી સલૂન રૂ 29344,club_health_beauty,5,Gujarati,2,True
હેલ્થ ઇન્શ્યોરન્સ રૂ 12241,club_health_beauty,5,Gujarati,2,True
જિમ રૂ 9689,club_health_beauty,5,Gujarati,2,True
હેલ્થ ઇન્શ્યોરન્સ રૂ 7592,club_health_beauty,5,Gujarati,2,True
સ્પા રૂ 42009,club_health_beauty,5,Gujarati,2,True
બ્યુટી સલૂન રૂ 28461,club_health_beauty,5,Gujarati,2,True
બ્યુટી સલૂન રૂ 18891,club_health_beauty,5,Gujarati,2,True
સ્પા રૂ 1859,club_health_beauty,5,Gujarati,2,True
સ્પા રૂ 15927,club_health_beauty,5,Gujarati,2,True
બ્યુટી સલૂન રૂ 44983,club_health_beauty,5,Gujarati,2,True
યોગા રૂ 33376,club_health_beauty,5,Gujarati,2,True
હેલ્થ ઇન્શ્યોરન્સ રૂ 22620,club_health_beauty,5,Gujarati,2,True
હેલ્થ ઇન્શ્યોરન્સ રૂ 27640,club_health_beauty,5,Gujarati,2,True
જિમ રૂ 14244,club_health_beauty,5,Gujarati,2,True
યોગા રૂ 532,club_health_beauty,5,Gujarati,2,True
જિમ રૂ 3730,club_health_beauty,5,Gujarati,2,True
જિમ રૂ 19928,club_health_beauty,5,Gujarati,2,True
જિમ રૂ 44074,club_health_beauty,5,Gujarati,2,True
બ્યુટી સલૂન રૂ 43192,club_health_beauty,5,Gujarati,2,True
સ્પા રૂ 22486,club_health_beauty,5,Gujarati,2,True
હેલ્થ ઇન્શ્યોરન્સ રૂ 5587,club_health_beauty,5,Gujarati,2,True
યોગા રૂ 25059,club_health_beauty,5,Gujarati,2,True
બ્યુટી સલૂન રૂ 14662,club_health_beauty,5,Gujarati,2,True
યોગા રૂ 12420,club_health_beauty,5,Gujarati,2,True
હેલ્થ ઇન્શ્યોરન્સ રૂ 2160S,club_health_beauty,5,Gujarati,2,True
હેલ્થ ઇન્શ્યોરન્સ રૂ 28521,club_health_beauty,5,Gujarati,2,True
હેલ્થ ઇન્શ્યોરન્સ રૂ 40456,club_health_beauty,5,Gujarati,2,True
હેલ્થ ઇન્શ્યોરન્સ રૂ 14347,club_health_beauty,5,Gujarati,2,True
સ્પા રૂ 33899,club_health_beauty,5,Gujarati,2,True
બ્યુટી સલૂન રૂ 13610,club_health_beauty,5,Gujarati,2,True
હેલ્થ ઇન્શ્યોરન્સ રૂ 8843,club_health_beauty,5,Gujarati,2,True
જિમ રૂ 6054,club_health_beauty,5,Gujarati,2,True
બ્યુટી સલૂન રૂ 36282,club_health_beauty,5,Gujarati,2,True
જિમ રૂ 33999,club_health_beauty,5,Gujarati,2,True
જિમ રૂ 18812,club_health_beauty,5,Gujarati,2,True
સ્પા રૂ 29294,club_health_beauty,5,Gujarati,2,True
હેલ્થ ઇન્શ્યોરન્સ રૂ 22639,club_health_beauty,5,Gujarati,2,True
હેલ્થ ઇન્શ્યોરન્સ રૂ 29955,club_health_beauty,5,Gujarati,2,True
હેલ્થ ઇન્શ્યોરન્સ રૂ 42041,club_health_beauty,5,Gujarati,2,True
હેલ્થ ઇન્શ્યોરન્સ રૂ 49211,club_health_beauty,5,Gujarati,2,True
હેલ્થ ઇન્શ્યોરન્સ રૂ 21980,club_health_beauty,5,Gujarati,2,True
હેલ્થ ઇન્શ્યોરન્સ રૂ 33783,club_health_beauty,5,Gujarati,2,True
જિમ રૂ 6979,club_health_beauty,5,Gujarati,2,True
સ્પા રૂ 43677,club_health_beauty,5,Gujarati,2,True
સ્પા રૂ 44364,club_health_beauty,5,Gujarati,2,True
યોગા રૂ 14459,club_health_beauty,5,Gujarati,2,True
યોગા રૂ 12073,club_health_beauty,5,Gujarati,2,True
યોગા રૂ 21223,club_health_beauty,5,Gujarati,2,True
યોગા રૂ 39836,club_health_beauty,5,Gujarati,2,True
સ્પા રૂ 33577,club_health_beauty,5,Gujarati,2,True
જિમ રૂ 15575,club_health_beauty,5,Gujarati,2,True
હેલ્થ ઇન્શ્યોરન્સ રૂ 20759,club_health_beauty,5,Gujarati,2,True
સ્પા રૂ 1764,club_health_beauty,5,Gujarati,2,True
યોગા રૂ 44139,club_health_beauty,5,Gujarati,2,True
હેલ્થ ઇન્શ્યોરન્સ રૂ 22215,club_health_beauty,5,Gujarati,2,True
હેલ્થ ઇન્શ્યોરન્સ રૂ 5859,club_health_beauty,5,Gujarati,2,True
સ્પા રૂ 8493,club_health_beauty,5,Gujarati,2,True
યોગા રૂ 8226,club_health_beauty,5,Gujarati,2,True
યોગા રૂ 12826,club_health_beauty,5,Gujarati,2,True
યોગા રૂ 44388,club_health_beauty,5,Gujarati,2,True
જિમ રૂ 17523,club_health_beauty,5,Gujarati,2,True
બ્યુટી સલૂન રૂ 9026,club_health_beauty,5,Gujarati,2,True
બ્યુટી સલૂન રૂ 9002,club_health_beauty,5,Gujarati,2,True
જિમ રૂ 41673,club_health_beauty,5,Gujarati,2,True
સ્પા રૂ 41687,club_health_beauty,5,Gujarati,2,True
જિમ રૂ 38765,club_health_beauty,5,Gujarati,2,True
બ્યુટી સલૂન રૂ 42454,club_health_beauty,5,Gujarati,2,True
જિમ રૂ 20042,club_health_beauty,5,Gujarati,2,True
હેલ્થ ઇન્શ્યોરન્સ રૂ 17055,club_health_beauty,5,Gujarati,2,True
સ્પા રૂ 6451,club_health_beauty,5,Gujarati,2,True
સ્પા રૂ 26417,club_health_beauty,5,Gujarati,2,True
જિમ રૂ 25140,club_health_beauty,5,Gujarati,2,True
યોગા રૂ 27254,club_health_beauty,5,Gujarati,2,True
જિમ રૂ 4065,club_health_beauty,5,Gujarati,2,True
હેલ્થ ઇન્શ્યોરન્સ રૂ 31163,club_health_beauty,5,Gujarati,2,True
હેલ્થ ઇન્શ્યોરન્સ રૂ 14023,club_health_beauty,5,Gujarati,2,True
જિમ રૂ 37137,club_health_beauty,5,Gujarati,2,True
હેલ્થ ઇન્શ્યોરન્સ રૂ 15996,club_health_beauty,5,Gujarati,2,True
યોગા રૂ 1626,club_health_beauty,5,Gujarati,2,True
હેલ્થ ઇન્શ્યોરન્સ રૂ 37071,club_health_beauty,5,Gujarati,2,True
જિમ રૂ 13833,club_health_beauty,5,Gujarati,2,True
જિમ રૂ 4429,club_health_beauty,5,Gujarati,2,True
જિમ રૂ 22424,club_health_beauty,5,Gujarati,2,True
જિમ રૂ 40181,club_health_beauty,5,Gujarati,2,True
સ્પા રૂ 38455,club_health_beauty,5,Gujarati,2,True
બ્યુટી સલૂન રૂ 36881,club_health_beauty,5,Gujarati,2,True
જિમ રૂ 20774,club_health_beauty,5,Gujarati,2,True
હેલ્થ ઇન્શ્યોરન્સ રૂ 45185,club_health_beauty,5,Gujarati,2,True
જિમ રૂ 11048,club_health_beauty,5,Gujarati,2,True
બ્યુટી સલૂન રૂ 39916,club_health_beauty,5,Gujarati,2,True
યોગા રૂ 10810,club_health_beauty,5,Gujarati,2,True
યોગા રૂ 12358,club_health_beauty,5,Gujarati,2,True
જિમ રૂ 36197,club_health_beauty,5,Gujarati,2,True
બ્યુટી સલૂન રૂ 33637,club_health_beauty,5,Gujarati,2,True
હેલ્થ ઇન્શ્યોરન્સ રૂ 3662,club_health_beauty,5,Gujarati,2,True
હેલ્થ ઇન્શ્યોરન્સ રૂ 37541,club_health_beauty,5,Gujarati,2,True
બ્યુટી સલૂન રૂ 11667,club_health_beauty,5,Gujarati,2,True
સ્પા રૂ 43229,club_health_beauty,5,Gujarati,2,True
સ્પા રૂ 31565,club_health_beauty,5,Gujarati,2,True
બ્યુટી સલૂન રૂ 40066,club_health_beauty,5,Gujarati,2,True
જિમ રૂ 42286,club_health_beauty,5,Gujarati,2,True
સ્પા રૂ 28077,club_health_beauty,5,Gujarati,2,True
જિમ રૂ 31741,club_health_beauty,5,Gujarati,2,True
સ્પા રૂ 14371,club_health_beauty,5,Gujarati,2,True
સ્પા રૂ 22944,club_health_beauty,5,Gujarati,2,True
બ્યુટી સલૂન રૂ 33101,club_health_beauty,5,Gujarati,2,True
હેલ્થ ઇન્શ્યોરન્સ રૂ 7466,club_health_beauty,5,Gujarati,2,True
યોગા રૂ 19657,club_health_beauty,5,Gujarati,2,True
જિમ રૂ 12756,club_health_beauty,5,Gujarati,2,True
બ્યુટી સલૂન રૂ 32487,club_health_beauty,5,Gujarati,2,True
સ્પા રૂ 32832,club_health_beauty,5,Gujarati,2,True
હેલ્થ ઇન્શ્યોરન્સ રૂ 87S9,club_health_beauty,5,Gujarati,2,True
બ્યુટી સલૂન રૂ 17554,club_health_beauty,5,Gujarati,2,True
જિમ રૂ 42999,club_health_beauty,5,Gujarati,2,True
જિમ રૂ 2547,club_health_beauty,5,Gujarati,2,True
સ્પા રૂ 789,club_health_beauty,5,Gujarati,2,True
બ્યુટી સલૂન રૂ 26930,club_health_beauty,5,Gujarati,2,True
જિમ રૂ 43561,club_health_beauty,5,Gujarati,2,True
સ્પા રૂ 26703,club_health_beauty,5,Gujarati,2,True
હેલ્થ ઇન્શ્યોરન્સ રૂ 9571,club_health_beauty,5,Gujarati,2,True
યોગા રૂ 29118,club_health_beauty,5,Gujarati,2,True
જિમ રૂ 5378,club_health_beauty,5,Gujarati,2,True
હેલ્થ ઇન્શ્યોરન્સ રૂ 33331,club_health_beauty,5,Gujarati,2,True
સ્પા રૂ 358,club_health_beauty,5,Gujarati,2,True
હેલ્થ ઇન્શ્યોરન્સ રૂ 20749,club_health_beauty,5,Gujarati,2,True
યોગા રૂ 37616,club_health_beauty,5,Gujarati,2,True
હેલ્થ ઇન્શ્યોરન્સ રૂ 16493,club_health_beauty,5,Gujarati,2,True
બ્યુટી સલૂન રૂ 23836,club_health_beauty,5,Gujarati,2,True
હેલ્થ ઇન્શ્યોરન્સ રૂ 44912,club_health_beauty,5,Gujarati,2,True
જિમ રૂ 47189,club_health_beauty,5,Gujarati,2,True
બ્યુટી સલૂન રૂ 35243,club_health_beauty,5,Gujarati,2,True
સ્પા રૂ 21144,club_health_beauty,5,Gujarati,2,True
યોગા રૂ 17239,club_health_beauty,5,Gujarati,2,True
હેલ્થ ઇન્શ્યોરન્સ રૂ 33603,club_health_beauty,5,Gujarati,2,True
બ્યુટી સલૂન રૂ 7418,club_health_beauty,5,Gujarati,2,True
સ્પા રૂ 49124,club_health_beauty,5,Gujarati,2,True
જિમ રૂ 49350,club_health_beauty,5,Gujarati,2,True
સ્પા રૂ 40236,club_health_beauty,5,Gujarati,2,True
હેલ્થ ઇન્શ્યોરન્સ રૂ 8724,club_health_beauty,5,Gujarati,2,True
બ્યુટી સલૂન રૂ 23100,club_health_beauty,5,Gujarati,2,True
સ્પા રૂ 8276,club_health_beauty,5,Gujarati,2,True
જિમ રૂ 12144,club_health_beauty,5,Gujarati,2,True
યોગા રૂ 36059,club_health_beauty,5,Gujarati,2,True
બ્યુટી સલૂન રૂ 44953,club_health_beauty,5,Gujarati,2,True
જિમ રૂ 25475,club_health_beauty,5,Gujarati,2,True
જિમ રૂ 19701,club_health_beauty,5,Gujarati,2,True
સ્પા રૂ 43696,club_health_beauty,5,Gujarati,2,True
બ્યુટી સલૂન રૂ 40357,club_health_beauty,5,Gujarati,2,True
હેલ્થ ઇન્શ્યોરન્સ રૂ 14978,club_health_beauty,5,Gujarati,2,True
હેલ્થ ઇન્શ્યોરન્સ રૂ 6168,club_health_beauty,5,Gujarati,2,True
જિમ રૂ 41967,club_health_beauty,5,Gujarati,2,True
યોગા રૂ 2798,club_health_beauty,5,Gujarati,2,True
જિમ રૂ 43539,club_health_beauty,5,Gujarati,2,True
જિમ રૂ 26003,club_health_beauty,5,Gujarati,2,True
હેલ્થ ઇન્શ્યોરન્સ રૂ 12543,club_health_beauty,5,Gujarati,2,True
હેલ્થ ઇન્શ્યોરન્સ રૂ 34967,club_health_beauty,5,Gujarati,2,True
જિમ રૂ 34903,club_health_beauty,5,Gujarati,2,True
સ્પા રૂ 21934,club_health_beauty,5,Gujarati,2,True
યોગા રૂ 27526,club_health_beauty,5,Gujarati,2,True
જિમ રૂ 45277,club_health_beauty,5,Gujarati,2,True
બ્યુટી સલૂન રૂ 36064,club_health_beauty,5,Gujarati,2,True
બ્યુટી સલૂન રૂ 31333,club_health_beauty,5,Gujarati,2,True
સ્પા રૂ 11202,club_health_beauty,5,Gujarati,2,True
બ્યુટી સલૂન રૂ 7341,club_health_beauty,5,Gujarati,2,True
સ્પા રૂ 14278,club_health_beauty,5,Gujarati,2,True
સ્પા રૂ 46190,club_health_beauty,5,Gujarati,2,True
બ્યુટી સલૂન રૂ 35034,club_health_beauty,5,Gujarati,2,True
બ્યુટી સલૂન રૂ 25433,club_health_beauty,5,Gujarati,2,True
સ્પા રૂ 555,club_health_beauty,5,Gujarati,2,True
યોગા રૂ 49931,club_health_beauty,5,Gujarati,2,True
હેલ્થ ઇન્શ્યોરન્સ રૂ 14778,club_health_beauty,5,Gujarati,2,True
હેલ્થ ઇન્શ્યોરન્સ રૂ 37999,club_health_beauty,5,Gujarati,2,True
યોગા રૂ 14497,club_health_beauty,5,Gujarati,2,True
હેલ્થ ઇન્શ્યોરન્સ રૂ 29847,club_health_beauty,5,Gujarati,2,True
બ્યુટી સલૂન રૂ 6645,club_health_beauty,5,Gujarati,2,True
Yoga class fees monthly,club_health_beauty,5,Code-mixed Hindi-English,3,True
Body massage oil and supplies,club_health_beauty,5,Code-mixed Hindi-English,3,True
Steam bath membership fees,club_health_beauty,5,Code-mixed Hindi-English,3,True
Protein supplements purchase,club_health_beauty,5,Code-mixed Hindi-English,3,True
Wellness program registration Rs 44650,club_health_beauty,5,Code-mixed Hindi-English,3,True
Tennis court booking annual Rs 258606,club_health_beauty,5,Code-mixed Hindi-English,3,True
Health checkup camp expenses Rs 9846,club_health_beauty,5,Code-mixed Hindi-English,3,True
Gym equipment treadmill purchase,club_health_beauty,5,Code-mixed Hindi-English,3,True
Spa voucher gift Rs 16761,club_health_beauty,5,Code-mixed Hindi-English,3,True
Tennis court booking annual,club_health_beauty,5,Code-mixed Hindi-English,3,True
Club membership fees Rs 18290,club_health_beauty,5,Code-mixed Hindi-English,3,True
Health insurance premium family,club_health_beauty,5,Code-mixed Hindi-English,3,True
Health checkup camp expenses Rs 44114,club_health_beauty,5,Code-mixed Hindi-English,3,True
Facial and skincare products,club_health_beauty,5,Code-mixed Hindi-English,3,True
Hair styling for corporate event,club_health_beauty,5,Code-mixed Hindi-English,3,True
Massage therapy session,club_health_beauty,5,Code-mixed Hindi-English,3,True
Swimming pool membership Rs 237606,club_health_beauty,5,Code-mixed Hindi-English,3,True
Club membership fees,club_health_beauty,5,Code-mixed Hindi-English,3,True
We1lness program registration,club_health_beauty,5,Code-mixed Hindi-English,3,True
Fitness trainer consultation Rs 109912,club_health_beauty,5,Code-mixed Hindi-English,3,True
Personal trainer charges,club_health_beauty,5,Code-mixed Hindi-English,3,True
Yoga class fees monthly Rs 13759,club_health_beauty,5,Code-mixed Hindi-English,3,True
Spa voucher gift Rs 227177,club_health_beauty,5,Code-mixed Hindi-English,3,True
Weight loss program enrollment,club_health_beauty,5,Code-mixed Hindi-English,3,True
Beauty salon services for staff function,club_health_beauty,5,Code-mixed Hindi-English,3,True
Golf club membership fees,club_health_beauty,5,Code-mixed Hindi-English,3,True
Weight loss program enrollment Rs 27718,club_health_beauty,5,Code-mixed Hindi-English,3,True
Golf club membership fees Rs 306844,club_health_beauty,5,Code-mixed Hindi-English,3,True
Ayurvedic massage therapy Rs 23533,club_health_beauty,5,Code-mixed Hindi-English,3,True
Fitness trainer consultation Rs 299401,club_health_beauty,5,Code-mixed Hindi-English,3,True
Sports equipment for recreation room,club_health_beauty,5,Code-mixed Hindi-English,3,True
Ayurvedic massage therapy,club_health_beauty,5,Code-mixed Hindi-English,3,True
Health checkup camp expenses,club_health_beauty,5,Code-mixed Hindi-English,3,True
Ayurvedic massage therapy Rs 365700,club_health_beauty,5,Code-mixed Hindi-English,3,True
Facial and skincare products Rs 43370,club_health_beauty,5,Code-mixed Hindi-English,3,True
Protein supplements purchase Rs 48497,club_health_beauty,5,Code-mixed Hindi-English,3,True
Hair styling for corporate event Rs 463521,club_health_beauty,5,Code-mixed Hindi-English,3,True
Body massage oil and supplies Rs 33538,club_health_beauty,5,Code-mixed Hindi-English,3,True
Salon visit for event grooming Rs 451595,club_health_beauty,5,Code-mixed Hindi-English,3,True
Meditation workshop fees,club_health_beauty,5,Code-mixed Hindi-English,3,True
Gym membership annual fee,club_health_beauty,5,Code-mixed Hindi-English,3,True
Sports equipment for recreation room Rs 18172,club_health_beauty,5,Code-mixed Hindi-English,3,True
Protein supplements purchase Rs 39523,club_health_beauty,5,Code-mixed Hindi-English,3,True
Tennis court booking annual Rs 2874,club_health_beauty,5,Code-mixed Hindi-English,3,True
Weight loss program enrollment Rs 133167,club_health_beauty,5,Code-mixed Hindi-English,3,True
Salon visit for event grooming Rs 218438,club_health_beauty,5,Code-mixed Hindi-English,3,True
Weight loss program enrollment Rs 32071,club_health_beauty,5,Code-mixed Hindi-English,3,True
Fitness trainer consultation,club_health_beauty,5,Code-mixed Hindi-English,3,True
Facial and skincare products Rs 459175,club_health_beauty,5,Code-mixed Hindi-English,3,True
Body massage oil and supplies Rs 289291,club_health_beauty,5,Code-mixed Hindi-English,3,True
Gym equipment treadmill purchase Rs 54033,club_health_beauty,5,Code-mixed Hindi-English,3,True
Wellness program registration,club_health_beauty,5,Code-mixed Hindi-English,3,True
Yoga class fees monthly Rs 11703,club_health_beauty,5,Code-mixed Hindi-English,3,True
Beauty salon services for staff function Rs 14043,club_health_beauty,5,Code-mixed Hindi-English,3,True
Swimming pool membership,club_health_beauty,5,Code-mixed Hindi-English,3,True
Spa voucher gift,club_health_beauty,5,Code-mixed Hindi-English,3,True
Health checkup camp expenses Rs 16292,club_health_beauty,5,Code-mixed Hindi-English,3,True
Personal trainer charges Rs 384319,club_health_beauty,5,Code-mixed Hindi-English,3,True
Hair styling for corporate event Rs 417648,club_health_beauty,5,Code-mixed Hindi-English,3,True
Health checkup camp expenses Rs 452428,club_health_beauty,5,Code-mixed Hindi-English,3,True
Health insurance premium family Rs 129054,club_health_beauty,5,Code-mixed Hindi-English,3,True
Salon visit for event grooming,club_health_beauty,5,Code-mixed Hindi-English,3,True
Steam bath membership fees Rs 401583,club_health_beauty,5,Code-mixed Hindi-English,3,True
Meditation workshop fees Rs 393572,club_health_beauty,5,Code-mixed Hindi-English,3,True
Hair styling for corporate event Rs 95723,club_health_beauty,5,Code-mixed Hindi-English,3,True
Personal trainer charges Rs 98870,club_health_beauty,5,Code-mixed Hindi-English,3,True
Health insurance premium family Rs 13310,club_health_beauty,5,Code-mixed Hindi-English,3,True
Massage therapy session Rs 427428,club_health_beauty,5,Code-mixed Hindi-English,3,True
Spa voucher gift Rs 68l8,club_health_beauty,5,Code-mixed Hindi-English,3,True
Gym membership annual fee Rs 260812,club_health_beauty,5,Code-mixed Hindi-English,3,True
Steam bath membership fees Rs 97715,club_health_beauty,5,Code-mixed Hindi-English,3,True
Tennis court booking annual Rs 204029,club_health_beauty,5,Code-mixed Hindi-English,3,True
Sports equipment for recreation room Rs 318093,club_health_beauty,5,Code-mixed Hindi-English,3,True
Yoga class fees monthly Rs 19503,club_health_beauty,5,Code-mixed Hindi-English,3,True
Health insurance premium family Rs 127413,club_health_beauty,5,Code-mixed Hindi-English,3,True
Sports equipment for recreation room Rs 19736,club_health_beauty,5,Code-mixed Hindi-English,3,True
Tennis court booking annual Rs 26621,club_health_beauty,5,Code-mixed Hindi-English,3,True
Spa voucher gift Rs 440184,club_health_beauty,5,Code-mixed Hindi-English,3,True
Hair styling for corporate event Rs 19883,club_health_beauty,5,Code-mixed Hindi-English,3,True
Yoga class fees monthly Rs 27579,club_health_beauty,5,Code-mixed Hindi-English,3,True
Fitness trainer consultation Rs 24645,club_health_beauty,5,Code-mixed Hindi-English,3,True
Massage therapy session Rs 157636,club_health_beauty,5,Code-mixed Hindi-English,3,True
Spa voucher gift Rs 201783,club_health_beauty,5,Code-mixed Hindi-English,3,True
Club membership fees Rs 43750,club_health_beauty,5,Code-mixed Hindi-English,3,True
Health checkup camp expenses Rs 166989,club_health_beauty,5,Code-mixed Hindi-English,3,True
Wellness program registration Rs 179470,club_health_beauty,5,Code-mixed Hindi-English,3,True
Spa voucher gift Rs 269206,club_health_beauty,5,Code-mixed Hindi-English,3,True
Spa voucher gift Rs 31081,club_health_beauty,5,Code-mixed Hindi-English,3,True
Personal trainer charges Rs 20092,club_health_beauty,5,Code-mixed Hindi-English,3,True
Facial and skincare products Rs 23197,club_health_beauty,5,Code-mixed Hindi-English,3,True
Yoga class fees monthly Rs 26688,club_health_beauty,5,Code-mixed Hindi-English,3,True
Meditation workshop fees Rs 190783,club_health_beauty,5,Code-mixed Hindi-English,3,True
Wellness program registration Rs 326720,club_health_beauty,5,Code-mixed Hindi-English,3,True
Body massage oil and supplies Rs 18208,club_health_beauty,5,Code-mixed Hindi-English,3,True
Body massage oil and supplies Rs 285222,club_health_beauty,5,Code-mixed Hindi-English,3,True
Personal trainer charges Rs 171155,club_health_beauty,5,Code-mixed Hindi-English,3,True
Steam bath membership fees Rs 45363,club_health_beauty,5,Code-mixed Hindi-English,3,True
Personal trainer charges Rs 257602,club_health_beauty,5,Code-mixed Hindi-English,3,True
Swimming pool membership Rs 39163,club_health_beauty,5,Code-mixed Hindi-English,3,True
Facial and skincare products Rs 436591,club_health_beauty,5,Code-mixed Hindi-English,3,True
Health checkup camp expenses Rs 295037,club_health_beauty,5,Code-mixed Hindi-English,3,True
Tennis court booking annual Rs 1547,club_health_beauty,5,Code-mixed Hindi-English,3,True
Steam bath membership fees Rs 458443,club_health_beauty,5,Code-mixed Hindi-English,3,True
Steam bath membership fees Rs 11227,club_health_beauty,5,Code-mixed Hindi-English,3,True
Gym equipment treadmill purchase Rs 18039,club_health_beauty,5,Code-mixed Hindi-English,3,True
Swimming pool membership Rs 37S632,club_health_beauty,5,Code-mixed Hindi-English,3,True
Beauty salon services for staff function Rs 335297,club_health_beauty,5,Code-mixed Hindi-English,3,True
Swimming pool membership Rs 486206,club_health_beauty,5,Code-mixed Hindi-English,3,True
Salon visit for event grooming Rs 23482,club_health_beauty,5,Code-mixed Hindi-English,3,True
Health insurance premium fami1y Rs 330035,club_health_beauty,5,Code-mixed Hindi-English,3,True
Protein supplements purchase Rs 263810,club_health_beauty,5,Code-mixed Hindi-English,3,True
Gym membership annual fee Rs 47795,club_health_beauty,5,Code-mixed Hindi-English,3,True
Meditation workshop fees Rs 384204,club_health_beauty,5,Code-mixed Hindi-English,3,True
Massage therapy session Rs 31268,club_health_beauty,5,Code-mixed Hindi-English,3,True
Tennis court booking annual Rs 30699,club_health_beauty,5,Code-mixed Hindi-English,3,True
Protein supplements purchase Rs 268435,club_health_beauty,5,Code-mixed Hindi-English,3,True
Ayurvedic massage therapy Rs 92800,club_health_beauty,5,Code-mixed Hindi-English,3,True
Facial and skincare products Rs 378042,club_health_beauty,5,Code-mixed Hindi-English,3,True
Tennis court booking annual Rs 675,club_health_beauty,5,Code-mixed Hindi-English,3,True
Gym membership annual fee Rs 230273,club_health_beauty,5,Code-mixed Hindi-English,3,True
Massage therapy session Rs 137361,club_health_beauty,5,Code-mixed Hindi-English,3,True
Salon visit for event grooming Rs 236708,club_health_beauty,5,Code-mixed Hindi-English,3,True
Facial and skincare products Rs 304103,club_health_beauty,5,Code-mixed Hindi-English,3,True
Health checkup camp expenses Rs 4797,club_health_beauty,5,Code-mixed Hindi-English,3,True
Tennis court booking annual Rs 319217,club_health_beauty,5,Code-mixed Hindi-English,3,True
Tennis court booking annual Rs 103581,club_health_beauty,5,Code-mixed Hindi-English,3,True
Body massage oil and supplies Rs 24229,club_health_beauty,5,Code-mixed Hindi-English,3,True
Body massage oil and supplies Rs 79504,club_health_beauty,5,Code-mixed Hindi-English,3,True
Gym equipment treadmill purchase Rs 380912,club_health_beauty,5,Code-mixed Hindi-English,3,True
Beauty salon services for staff function Rs 25993,club_health_beauty,5,Code-mixed Hindi-English,3,True
Body massage oil and supplies Rs 2713,club_health_beauty,5,Code-mixed Hindi-English,3,True
Health checkup camp expenses Rs 448165,club_health_beauty,5,Code-mixed Hindi-English,3,True
Golf club membership fees Rs 413515,club_health_beauty,5,Code-mixed Hindi-English,3,True
Protein supplements purchase Rs 317756,club_health_beauty,5,Code-mixed Hindi-English,3,True
Yoga class fees monthly Rs 288472,club_health_beauty,5,Code-mixed Hindi-English,3,True
इंटरनेट रु 16711,personal_employee_benefit,6,Hindi (Devanagari),0,True
भत्ता रु 40547,personal_employee_benefit,6,Hindi (Devanagari),0,True
वर्दी रु 3425,personal_employee_benefit,6,Hindi (Devanagari),0,True
कर्मचारी कल्याण रु 24412,personal_employee_benefit,6,Hindi (Devanagari),0,True
बोनस रु 46039,personal_employee_benefit,6,Hindi (Devanagari),0,True
मोबाइल रु 36628,personal_employee_benefit,6,Hindi (Devanagari),0,True
कर्मचारी कल्याण रु 22417,personal_employee_benefit,6,Hindi (Devanagari),0,True
मोबाइल रु 7494,personal_employee_benefit,6,Hindi (Devanagari),0,True
वर्दी रु 11131,personal_employee_benefit,6,Hindi (Devanagari),0,True
कर्मचारी कल्याण रु 46562,personal_employee_benefit,6,Hindi (Devanagari),0,True
गिफ्ट रु 35128,personal_employee_benefit,6,Hindi (Devanagari),0,True
इंटरनेट रु 2046,personal_employee_benefit,6,Hindi (Devanagari),0,True
वर्दी रु 6689,personal_employee_benefit,6,Hindi (Devanagari),0,True
गिफ्ट रु 20069,personal_employee_benefit,6,Hindi (Devanagari),0,True
इंटरनेट रु 34839,personal_employee_benefit,6,Hindi (Devanagari),0,True
बोनस रु 33829,personal_employee_benefit,6,Hindi (Devanagari),0,True
बोनस रु 38254,personal_employee_benefit,6,Hindi (Devanagari),0,True
गिफ्ट रु 3456,personal_employee_benefit,6,Hindi (Devanagari),0,True
बोनस रु 19077,personal_employee_benefit,6,Hindi (Devanagari),0,True
मोबाइल रु 31421,personal_employee_benefit,6,Hindi (Devanagari),0,True
मोबाइल रु 28116,personal_employee_benefit,6,Hindi (Devanagari),0,True
भत्ता रु 5212,personal_employee_benefit,6,Hindi (Devanagari),0,True
इंटरनेट रु 43289,personal_employee_benefit,6,Hindi (Devanagari),0,True
इंटरनेट रु 44718,personal_employee_benefit,6,Hindi (Devanagari),0,True
कर्मचारी कल्याण रु 38070,personal_employee_benefit,6,Hindi (Devanagari),0,True
भत्ता रु 39326,personal_employee_benefit,6,Hindi (Devanagari),0,True
मोबाइल रु 2167,personal_employee_benefit,6,Hindi (Devanagari),0,True
भत्ता रु 31091,personal_employee_benefit,6,Hindi (Devanagari),0,True
कर्मचारी कल्याण रु 20399,personal_employee_benefit,6,Hindi (Devanagari),0,True
भत्ता रु 47141,personal_employee_benefit,6,Hindi (Devanagari),0,True
कर्मचारी कल्याण रु 11648,personal_employee_benefit,6,Hindi (Devanagari),0,True
मोबाइल रु 46583,personal_employee_benefit,6,Hindi (Devanagari),0,True
मोबाइल रु 37453,personal_employee_benefit,6,Hindi (Devanagari),0,True
इंटरनेट रु 31152,personal_employee_benefit,6,Hindi (Devanagari),0,True
इंटरनेट रु 30934,personal_employee_benefit,6,Hindi (Devanagari),0,True
बोनस रु 26425,personal_employee_benefit,6,Hindi (Devanagari),0,True
बोनस रु 3169,personal_employee_benefit,6,Hindi (Devanagari),0,True
कर्मचारी कल्याण रु 32097,personal_employee_benefit,6,Hindi (Devanagari),0,True
बोनस रु 29159,personal_employee_benefit,6,Hindi (Devanagari),0,True
बोनस रु 15166,personal_employee_benefit,6,Hindi (Devanagari),0,True
कर्मचारी कल्याण रु 20606,personal_employee_benefit,6,Hindi (Devanagari),0,True
वर्दी रु 42607,personal_employee_benefit,6,Hindi (Devanagari),0,True
कर्मचारी कल्याण रु 7624,personal_employee_benefit,6,Hindi (Devanagari),0,True
गिफ्ट रु 12479,personal_employee_benefit,6,Hindi (Devanagari),0,True
वर्दी रु 12790,personal_employee_benefit,6,Hindi (Devanagari),0,True
वर्दी रु 19503,personal_employee_benefit,6,Hindi (Devanagari),0,True
वर्दी रु 33711,personal_employee_benefit,6,Hindi (Devanagari),0,True
इंटरनेट रु 25483,personal_employee_benefit,6,Hindi (Devanagari),0,True
इंटरनेट रु 25717,personal_employee_benefit,6,Hindi (Devanagari),0,True
भत्ता रु 26769,personal_employee_benefit,6,Hindi (Devanagari),0,True
इंटरनेट रु 5994,personal_employee_benefit,6,Hindi (Devanagari),0,True
भत्ता रु 3110,personal_employee_benefit,6,Hindi (Devanagari),0,True
बोनस रु 19814,personal_employee_benefit,6,Hindi (Devanagari),0,True
गिफ्ट रु 19464,personal_employee_benefit,6,Hindi (Devanagari),0,True
भत्ता रु 31089,personal_employee_benefit,6,Hindi (Devanagari),0,True
कर्मचारी कल्याण रु 3190,personal_employee_benefit,6,Hindi (Devanagari),0,True
मोबाइल रु 15733,personal_employee_benefit,6,Hindi (Devanagari),0,True
मोबाइल रु 22045,personal_employee_benefit,6,Hindi (Devanagari),0,True
इंटरनेट रु 9894,personal_employee_benefit,6,Hindi (Devanagari),0,True
कर्मचारी कल्याण रु 14218,personal_employee_benefit,6,Hindi (Devanagari),0,True
बोनस रु 20117,personal_employee_benefit,6,Hindi (Devanagari),0,True
बोनस रु 48686,personal_employee_benefit,6,Hindi (Devanagari),0,True
मोबाइल रु 25548,personal_employee_benefit,6,Hindi (Devanagari),0,True
कर्मचारी कल्याण रु 4252,personal_employee_benefit,6,Hindi (Devanagari),0,True
मोबाइल रु 10981,personal_employee_benefit,6,Hindi (Devanagari),0,True
कर्मचारी कल्याण रु 15032,personal_employee_benefit,6,Hindi (Devanagari),0,True
भत्ता रु 37881,personal_employee_benefit,6,Hindi (Devanagari),0,True
गिफ्ट रु 3010,personal_employee_benefit,6,Hindi (Devanagari),0,True
वर्दी रु 28311,personal_employee_benefit,6,Hindi (Devanagari),0,True
इंटरनेट रु 27820,personal_employee_benefit,6,Hindi (Devanagari),0,True
इंटरनेट रु 10096,personal_employee_benefit,6,Hindi (Devanagari),0,True
कर्मचारी कल्याण रु 26803,personal_employee_benefit,6,Hindi (Devanagari),0,True
कर्मचारी कल्याण रु 3866,personal_employee_benefit,6,Hindi (Devanagari),0,True
कर्मचारी कल्याण रु 45675,personal_employee_benefit,6,Hindi (Devanagari),0,True
कर्मचारी कल्याण रु 36774,personal_employee_benefit,6,Hindi (Devanagari),0,True
वर्दी रु 31473,personal_employee_benefit,6,Hindi (Devanagari),0,True
इंटरनेट रु 38388,personal_employee_benefit,6,Hindi (Devanagari),0,True
इंटरनेट रु 6182,personal_employee_benefit,6,Hindi (Devanagari),0,True
मोबाइल रु 16509,personal_employee_benefit,6,Hindi (Devanagari),0,True
बोनस रु 26811,personal_employee_benefit,6,Hindi (Devanagari),0,True
वर्दी रु 19044,personal_employee_benefit,6,Hindi (Devanagari),0,True
वर्दी रु 22896,personal_employee_benefit,6,Hindi (Devanagari),0,True
वर्दी रु 15261,personal_employee_benefit,6,Hindi (Devanagari),0,True
वर्दी रु 33736,personal_employee_benefit,6,Hindi (Devanagari),0,True
इंटरनेट रु 45544,personal_employee_benefit,6,Hindi (Devanagari),0,True
भत्ता रु 25339,personal_employee_benefit,6,Hindi (Devanagari),0,True
कर्मचारी कल्याण रु 45340,personal_employee_benefit,6,Hindi (Devanagari),0,True
कर्मचारी कल्याण रु 27842,personal_employee_benefit,6,Hindi (Devanagari),0,True
भत्ता रु 4203,personal_employee_benefit,6,Hindi (Devanagari),0,True
इंटरनेट रु 4664,personal_employee_benefit,6,Hindi (Devanagari),0,True
भत्ता रु 45482,personal_employee_benefit,6,Hindi (Devanagari),0,True
मोबाइल रु 11607,personal_employee_benefit,6,Hindi (Devanagari),0,True
वर्दी रु 10033,personal_employee_benefit,6,Hindi (Devanagari),0,True
वर्दी रु 45928,personal_employee_benefit,6,Hindi (Devanagari),0,True
वर्दी रु 39086,personal_employee_benefit,6,Hindi (Devanagari),0,True
कर्मचारी कल्याण रु 14565,personal_employee_benefit,6,Hindi (Devanagari),0,True
इंटरनेट रु 23613,personal_employee_benefit,6,Hindi (Devanagari),0,True
मोबाइल रु 29011,personal_employee_benefit,6,Hindi (Devanagari),0,True
इंटरनेट रु 11217,personal_employee_benefit,6,Hindi (Devanagari),0,True
कर्मचारी कल्याण रु 19812,personal_employee_benefit,6,Hindi (Devanagari),0,True
बोनस रु 35494,personal_employee_benefit,6,Hindi (Devanagari),0,True
बोनस रु 47052,personal_employee_benefit,6,Hindi (Devanagari),0,True
बोनस रु 49550,personal_employee_benefit,6,Hindi (Devanagari),0,True
वर्दी रु 35880,personal_employee_benefit,6,Hindi (Devanagari),0,True
कर्मचारी कल्याण रु 9862,personal_employee_benefit,6,Hindi (Devanagari),0,True
मोबाइल रु 9112,personal_employee_benefit,6,Hindi (Devanagari),0,True
इंटरनेट रु 17169,personal_employee_benefit,6,Hindi (Devanagari),0,True
कर्मचारी कल्याण रु 37868,personal_employee_benefit,6,Hindi (Devanagari),0,True
बोनस रु 28333,personal_employee_benefit,6,Hindi (Devanagari),0,True
मोबाइल रु 2259,personal_employee_benefit,6,Hindi (Devanagari),0,True
वर्दी रु 45384,personal_employee_benefit,6,Hindi (Devanagari),0,True
वर्दी रु 33893,personal_employee_benefit,6,Hindi (Devanagari),0,True
वर्दी रु 48035,personal_employee_benefit,6,Hindi (Devanagari),0,True
इंटरनेट रु 16821,personal_employee_benefit,6,Hindi (Devanagari),0,True
मोबाइल रु 8156,personal_employee_benefit,6,Hindi (Devanagari),0,True
इंटरनेट रु 26835,personal_employee_benefit,6,Hindi (Devanagari),0,True
वर्दी रु 5579,personal_employee_benefit,6,Hindi (Devanagari),0,True
कर्मचारी कल्याण रु 4009,personal_employee_benefit,6,Hindi (Devanagari),0,True
मोबाइल रु 45108,personal_employee_benefit,6,Hindi (Devanagari),0,True
इंटरनेट रु 30476,personal_employee_benefit,6,Hindi (Devanagari),0,True
वर्दी रु 33076,personal_employee_benefit,6,Hindi (Devanagari),0,True
मोबाइल रु 42561,personal_employee_benefit,6,Hindi (Devanagari),0,True
बोनस रु 47450,personal_employee_benefit,6,Hindi (Devanagari),0,True
मोबाइल रु 7400,personal_employee_benefit,6,Hindi (Devanagari),0,True
इंटरनेट रु 11344,personal_employee_benefit,6,Hindi (Devanagari),0,True
भत्ता रु 49941,personal_employee_benefit,6,Hindi (Devanagari),0,True
कर्मचारी कल्याण रु 4095,personal_employee_benefit,6,Hindi (Devanagari),0,True
इंटरनेट रु l1821,personal_employee_benefit,6,Hindi (Devanagari),0,True
भत्ता रु 35709,personal_employee_benefit,6,Hindi (Devanagari),0,True
इंटरनेट रु 10258,personal_employee_benefit,6,Hindi (Devanagari),0,True
बोनस रु 20184,personal_employee_benefit,6,Hindi (Devanagari),0,True
कर्मचारी कल्याण रु 17110,personal_employee_benefit,6,Hindi (Devanagari),0,True
भत्ता रु 22309,personal_employee_benefit,6,Hindi (Devanagari),0,True
भत्ता रु 1836,personal_employee_benefit,6,Hindi (Devanagari),0,True
कर्मचारी कल्याण रु 47052,personal_employee_benefit,6,Hindi (Devanagari),0,True
वर्दी रु 33125,personal_employee_benefit,6,Hindi (Devanagari),0,True
बोनस रु 33602,personal_employee_benefit,6,Hindi (Devanagari),0,True
भत्ता रु 4907,personal_employee_benefit,6,Hindi (Devanagari),0,True
मोबाइल रु 19246,personal_employee_benefit,6,Hindi (Devanagari),0,True
बोनस रु 15825,personal_employee_benefit,6,Hindi (Devanagari),0,True
बोनस रु 4963,personal_employee_benefit,6,Hindi (Devanagari),0,True
बोनस रु 49372,personal_employee_benefit,6,Hindi (Devanagari),0,True
मोबाइल रु 2595B,personal_employee_benefit,6,Hindi (Devanagari),0,True
बोनस रु 40049,personal_employee_benefit,6,Hindi (Devanagari),0,True
गिफ्ट रु 8980,personal_employee_benefit,6,Hindi (Devanagari),0,True
भत्ता रु 35468,personal_employee_benefit,6,Hindi (Devanagari),0,True
मोबाइल रु 34697,personal_employee_benefit,6,Hindi (Devanagari),0,True
इंटरनेट रु 20793,personal_employee_benefit,6,Hindi (Devanagari),0,True
भत्ता रु 11351,personal_employee_benefit,6,Hindi (Devanagari),0,True
बोनस रु 28459,personal_employee_benefit,6,Hindi (Devanagari),0,True
मोबाइल रु 12634,personal_employee_benefit,6,Hindi (Devanagari),0,True
इंटरनेट रु 10106,personal_employee_benefit,6,Hindi (Devanagari),0,True
गिफ्ट रु 39007,personal_employee_benefit,6,Hindi (Devanagari),0,True
बोनस रु 33007,personal_employee_benefit,6,Hindi (Devanagari),0,True
भत्ता रु 3194O,personal_employee_benefit,6,Hindi (Devanagari),0,True
वर्दी रु 44200,personal_employee_benefit,6,Hindi (Devanagari),0,True
इंटरनेट रु 16348,personal_employee_benefit,6,Hindi (Devanagari),0,True
कर्मचारी कल्याण रु 38976,personal_employee_benefit,6,Hindi (Devanagari),0,True
वर्दी रु 16989,personal_employee_benefit,6,Hindi (Devanagari),0,True
वर्दी रु 49966,personal_employee_benefit,6,Hindi (Devanagari),0,True
बोनस रु 3564,personal_employee_benefit,6,Hindi (Devanagari),0,True
बोनस रु 11187,personal_employee_benefit,6,Hindi (Devanagari),0,True
बोनस रु 23100,personal_employee_benefit,6,Hindi (Devanagari),0,True
भत्ता रु 12781,personal_employee_benefit,6,Hindi (Devanagari),0,True
भत्ता रु 20796,personal_employee_benefit,6,Hindi (Devanagari),0,True
भत्ता रु 5422,personal_employee_benefit,6,Hindi (Devanagari),0,True
बोनस रु 34332,personal_employee_benefit,6,Hindi (Devanagari),0,True
वर्दी रु 17676,personal_employee_benefit,6,Hindi (Devanagari),0,True
मोबाइल रु 2463,personal_employee_benefit,6,Hindi (Devanagari),0,True
कर्मचारी कल्याण रु 24272,personal_employee_benefit,6,Hindi (Devanagari),0,True
बोनस रु 22318,personal_employee_benefit,6,Hindi (Devanagari),0,True
इंटरनेट रु 16069,personal_employee_benefit,6,Hindi (Devanagari),0,True
मोबाइल रु 45l95,personal_employee_benefit,6,Hindi (Devanagari),0,True
बोनस रु 22515,personal_employee_benefit,6,Hindi (Devanagari),0,True
कर्मचारी कल्याण रु 11863,personal_employee_benefit,6,Hindi (Devanagari),0,True
कर्मचारी कल्याण रु 45275,personal_employee_benefit,6,Hindi (Devanagari),0,True
मोबाइल रु 3665,personal_employee_benefit,6,Hindi (Devanagari),0,True
बोनस रु 10165,personal_employee_benefit,6,Hindi (Devanagari),0,True
भत्ता रु 3805,personal_employee_benefit,6,Hindi (Devanagari),0,True
मोबाइल रु 34714,personal_employee_benefit,6,Hindi (Devanagari),0,True
बोनस रु 26148,personal_employee_benefit,6,Hindi (Devanagari),0,True
भत्ता रु 37199,personal_employee_benefit,6,Hindi (Devanagari),0,True
इंटरनेट रु 23668,personal_employee_benefit,6,Hindi (Devanagari),0,True
भत्ता रु 13409,personal_employee_benefit,6,Hindi (Devanagari),0,True
बोनस रु 34595,personal_employee_benefit,6,Hindi (Devanagari),0,True
मोबाइल रु 34190,personal_employee_benefit,6,Hindi (Devanagari),0,True
वर्दी रु 39336,personal_employee_benefit,6,Hindi (Devanagari),0,True
मोबाइल रु 31176,personal_employee_benefit,6,Hindi (Devanagari),0,True
वर्दी रु 44183,personal_employee_benefit,6,Hindi (Devanagari),0,True
वर्दी रु 8041,personal_employee_benefit,6,Hindi (Devanagari),0,True
गिफ्ट रु 49748,personal_employee_benefit,6,Hindi (Devanagari),0,True
भत्ता रु 9748,personal_employee_benefit,6,Hindi (Devanagari),0,True
भत्ता रु 26641,personal_employee_benefit,6,Hindi (Devanagari),0,True
वर्दी रु 14771,personal_employee_benefit,6,Hindi (Devanagari),0,True
भत्ता रु 32248,personal_employee_benefit,6,Hindi (Devanagari),0,True
बोनस रु 25982,personal_employee_benefit,6,Hindi (Devanagari),0,True
भत्ता रु 660,personal_employee_benefit,6,Hindi (Devanagari),0,True
गिफ्ट रु 18878,personal_employee_benefit,6,Hindi (Devanagari),0,True
मोबाइल रु 45667,personal_employee_benefit,6,Hindi (Devanagari),0,True
गिफ्ट रु 12197,personal_employee_benefit,6,Hindi (Devanagari),0,True
मोबाइल रु 29992,personal_employee_benefit,6,Hindi (Devanagari),0,True
वर्दी रु 26709,personal_employee_benefit,6,Hindi (Devanagari),0,True
बोनस रु 33253,personal_employee_benefit,6,Hindi (Devanagari),0,True
बोनस रु 3030,personal_employee_benefit,6,Hindi (Devanagari),0,True
बोनस रु 21225,personal_employee_benefit,6,Hindi (Devanagari),0,True
मोबाइल रु 12434,personal_employee_benefit,6,Hindi (Devanagari),0,True
गिफ्ट रु 26554,personal_employee_benefit,6,Hindi (Devanagari),0,True
बोनस रु 13917,personal_employee_benefit,6,Hindi (Devanagari),0,True
बोनस रु 7191,personal_employee_benefit,6,Hindi (Devanagari),0,True
बोनस रु 19442,personal_employee_benefit,6,Hindi (Devanagari),0,True
भत्ता रु 28005,personal_employee_benefit,6,Hindi (Devanagari),0,True
भत्ता रु 11631,personal_employee_benefit,6,Hindi (Devanagari),0,True
इंटरनेट रु 29479,personal_employee_benefit,6,Hindi (Devanagari),0,True
बोनस रु 33496,personal_employee_benefit,6,Hindi (Devanagari),0,True
मोबाइल रु 3377,personal_employee_benefit,6,Hindi (Devanagari),0,True
भत्ता रु 36205,personal_employee_benefit,6,Hindi (Devanagari),0,True
भत्ता रु 18025,personal_employee_benefit,6,Hindi (Devanagari),0,True
कर्मचारी कल्याण रु 8053,personal_employee_benefit,6,Hindi (Devanagari),0,True
गिफ्ट रु 7197,personal_employee_benefit,6,Hindi (Devanagari),0,True
बोनस रु 41907,personal_employee_benefit,6,Hindi (Devanagari),0,True
मोबाइल रु 30330,personal_employee_benefit,6,Hindi (Devanagari),0,True
बोनस रु 46275,personal_employee_benefit,6,Hindi (Devanagari),0,True
वर्दी रु 41016,personal_employee_benefit,6,Hindi (Devanagari),0,True
इंटरनेट रु 9112,personal_employee_benefit,6,Hindi (Devanagari),0,True
गिफ्ट रु 41722,personal_employee_benefit,6,Hindi (Devanagari),0,True
मोबाइल रु 7270,personal_employee_benefit,6,Hindi (Devanagari),0,True
गिफ्ट रु 47186,personal_employee_benefit,6,Hindi (Devanagari),0,True
गिफ्ट रु 2124,personal_employee_benefit,6,Hindi (Devanagari),0,True
वर्दी रु 6986,personal_employee_benefit,6,Hindi (Devanagari),0,True
इंटरनेट रु 20602,personal_employee_benefit,6,Hindi (Devanagari),0,True
भत्ता रु 38767,personal_employee_benefit,6,Hindi (Devanagari),0,True
कर्मचारी कल्याण रु 4659,personal_employee_benefit,6,Hindi (Devanagari),0,True
कर्मचारी कल्याण रु 35648,personal_employee_benefit,6,Hindi (Devanagari),0,True
बोनस रु 1983,personal_employee_benefit,6,Hindi (Devanagari),0,True
गिफ्ट रु 26449,personal_employee_benefit,6,Hindi (Devanagari),0,True
बोनस रु 28793,personal_employee_benefit,6,Hindi (Devanagari),0,True
कर्मचारी कल्याण रु 34598,personal_employee_benefit,6,Hindi (Devanagari),0,True
इंटरनेट रु 23077,personal_employee_benefit,6,Hindi (Devanagari),0,True
मोबाइल रु 28873,personal_employee_benefit,6,Hindi (Devanagari),0,True
इंटरनेट रु 43602,personal_employee_benefit,6,Hindi (Devanagari),0,True
गिफ्ट रु 20930,personal_employee_benefit,6,Hindi (Devanagari),0,True
इंटरनेट रु 27835,personal_employee_benefit,6,Hindi (Devanagari),0,True
भत्ता रु 49283,personal_employee_benefit,6,Hindi (Devanagari),0,True
मोबाइल रु 1921O,personal_employee_benefit,6,Hindi (Devanagari),0,True
गिफ्ट रु 8819,personal_employee_benefit,6,Hindi (Devanagari),0,True
भत्ता रु 5240,personal_employee_benefit,6,Hindi (Devanagari),0,True
भत्ता रु 223,personal_employee_benefit,6,Hindi (Devanagari),0,True
मोबाइल रु 21682,personal_employee_benefit,6,Hindi (Devanagari),0,True
वर्दी रु 19273,personal_employee_benefit,6,Hindi (Devanagari),0,True
भत्ता रु 21463,personal_employee_benefit,6,Hindi (Devanagari),0,True
travel allowance rs 44815,personal_employee_benefit,6,Transliterated Hindi,1,True
diwali gift diya rs 7020,personal_employee_benefit,6,Transliterated Hindi,1,True
uniform silwaya rs 29671,personal_employee_benefit,6,Transliterated Hindi,1,True
mobi1e bill bhara rs 49220,personal_employee_benefit,6,Transliterated Hindi,1,True
travel allowance rs 14105,personal_employee_benefit,6,Transliterated Hindi,1,True
mobile bill bhara rs 4827,personal_employee_benefit,6,Transliterated Hindi,1,True
uniform silwaya rs 34304,personal_employee_benefit,6,Transliterated Hindi,1,True
internet recharge rs 10824,personal_employee_benefit,6,Transliterated Hindi,1,True
travel allowance rs 14800,personal_employee_benefit,6,Transliterated Hindi,1,True
diwali gift diya rs 20097,personal_employee_benefit,6,Transliterated Hindi,1,True
internet recharge rs 39116,personal_employee_benefit,6,Transliterated Hindi,1,True
internet recharge rs 34410,personal_employee_benefit,6,Transliterated Hindi,1,True
diwali gift diya rs 37287,personal_employee_benefit,6,Transliterated Hindi,1,True
uniform silwaya rs 21053,personal_employee_benefit,6,Transliterated Hindi,1,True
internet recharge rs 21667,personal_employee_benefit,6,Transliterated Hindi,1,True
mobile bill bhara rs 4356,personal_employee_benefit,6,Transliterated Hindi,1,True
mobile bill bhara rs 25453,personal_employee_benefit,6,Transliterated Hindi,1,True
travel allowance rs 47809,personal_employee_benefit,6,Transliterated Hindi,1,True
uniform silwaya rs 47931,personal_employee_benefit,6,Transliterated Hindi,1,True
mobile bill bhara rs 6732,personal_employee_benefit,6,Transliterated Hindi,1,True
uniform silwaya rs 10752,personal_employee_benefit,6,Transliterated Hindi,1,True
uniform silwaya rs 108,personal_employee_benefit,6,Transliterated Hindi,1,True
diwali gift diya rs 46874,personal_employee_benefit,6,Transliterated Hindi,1,True
diwali gift diya rs 18867,personal_employee_benefit,6,Transliterated Hindi,1,True
uniform silwaya rs 28753,personal_employee_benefit,6,Transliterated Hindi,1,True
mobile bill bhara rs 250,personal_employee_benefit,6,Transliterated Hindi,1,True
mobile bill bhara rs 26568,personal_employee_benefit,6,Transliterated Hindi,1,True
mobile bill bhara rs 32406,personal_employee_benefit,6,Transliterated Hindi,1,True
internet recharge rs 31971,personal_employee_benefit,6,Transliterated Hindi,1,True
diwali gift diya rs 24785,personal_employee_benefit,6,Transliterated Hindi,1,True
travel allowance rs 17703,personal_employee_benefit,6,Transliterated Hindi,1,True
travel allowance rs 44108,personal_employee_benefit,6,Transliterated Hindi,1,True
mobile bill bhara rs 6944,personal_employee_benefit,6,Transliterated Hindi,1,True
internet recharge rs 39989,personal_employee_benefit,6,Transliterated Hindi,1,True
diwali gift diya rs 34521,personal_employee_benefit,6,Transliterated Hindi,1,True
uniform silwaya rs 1461,personal_employee_benefit,6,Transliterated Hindi,1,True
diwali gift diya rs 3248,personal_employee_benefit,6,Transliterated Hindi,1,True
diwali gift diya rs 22036,personal_employee_benefit,6,Transliterated Hindi,1,True
diwali gift diya rs 15277,personal_employee_benefit,6,Transliterated Hindi,1,True
uniform silwaya rs 10735,personal_employee_benefit,6,Transliterated Hindi,1,True
mobile bill bhara rs 31214,personal_employee_benefit,6,Transliterated Hindi,1,True
diwa1i gift diya rs 40511,personal_employee_benefit,6,Transliterated Hindi,1,True
mobile bill bhara rs 17244,personal_employee_benefit,6,Transliterated Hindi,1,True
uniform silwaya rs l8400,personal_employee_benefit,6,Transliterated Hindi,1,True
diwali gift diya rs 35460,personal_employee_benefit,6,Transliterated Hindi,1,True
uniform silwaya rs 37440,personal_employee_benefit,6,Transliterated Hindi,1,True
diwali gift diya rs 44251,personal_employee_benefit,6,Transliterated Hindi,1,True
travel allowance rs 49171,personal_employee_benefit,6,Transliterated Hindi,1,True
internet recharge rs 23380,personal_employee_benefit,6,Transliterated Hindi,1,True
mobile bill bhara rs 41521,personal_employee_benefit,6,Transliterated Hindi,1,True
uniform silwaya rs 8004,personal_employee_benefit,6,Transliterated Hindi,1,True
uniform silwaya rs 2545,personal_employee_benefit,6,Transliterated Hindi,1,True
diwali gift diya rs 15113,personal_employee_benefit,6,Transliterated Hindi,1,True
diwali gift diya rs 16270,personal_employee_benefit,6,Transliterated Hindi,1,True
diwali gift diya rs 38713,personal_employee_benefit,6,Transliterated Hindi,1,True
internet recharge rs 34629,personal_employee_benefit,6,Transliterated Hindi,1,True
diwali gift diya rs 5286,personal_employee_benefit,6,Transliterated Hindi,1,True
diwali gift diya rs 39936,personal_employee_benefit,6,Transliterated Hindi,1,True
travel allowance rs 48618,personal_employee_benefit,6,Transliterated Hindi,1,True
uniform silwaya rs 8196,personal_employee_benefit,6,Transliterated Hindi,1,True
diwali gift diya rs 48465,personal_employee_benefit,6,Transliterated Hindi,1,True
uniform silwaya rs 41825,personal_employee_benefit,6,Transliterated Hindi,1,True
diwali gift diya rs 880,personal_employee_benefit,6,Transliterated Hindi,1,True
mobile bill bhara rs 37940,personal_employee_benefit,6,Transliterated Hindi,1,True
uniform silwaya rs 36014,personal_employee_benefit,6,Transliterated Hindi,1,True
internet recharge rs 25303,personal_employee_benefit,6,Transliterated Hindi,1,True
internet recharge rs 26041,personal_employee_benefit,6,Transliterated Hindi,1,True
internet recharge rs 4077,personal_employee_benefit,6,Transliterated Hindi,1,True
diwali gift diya rs 36397,personal_employee_benefit,6,Transliterated Hindi,1,True
mobile bill bhara rs 660,personal_employee_benefit,6,Transliterated Hindi,1,True
travel allowance rs 49818,personal_employee_benefit,6,Transliterated Hindi,1,True
mobile bill bhara rs 21066,personal_employee_benefit,6,Transliterated Hindi,1,True
travel allowance rs 41600,personal_employee_benefit,6,Transliterated Hindi,1,True
travel allowance rs 39568,personal_employee_benefit,6,Transliterated Hindi,1,True
mobile bill bhara rs 22806,personal_employee_benefit,6,Transliterated Hindi,1,True
uniform silwaya rs 899,personal_employee_benefit,6,Transliterated Hindi,1,True
uniform silwaya rs 10429,personal_employee_benefit,6,Transliterated Hindi,1,True
travel allowance rs 22240,personal_employee_benefit,6,Transliterated Hindi,1,True
travel allowance rs 42909,personal_employee_benefit,6,Transliterated Hindi,1,True
mobile bill bhara rs 26032,personal_employee_benefit,6,Transliterated Hindi,1,True
internet recharge rs 4473,personal_employee_benefit,6,Transliterated Hindi,1,True
travel allowance rs 5900,personal_employee_benefit,6,Transliterated Hindi,1,True
travel allowance rs 46482,personal_employee_benefit,6,Transliterated Hindi,1,True
uniform silwaya rs 22313,personal_employee_benefit,6,Transliterated Hindi,1,True
diwali gift diya rs 24564,personal_employee_benefit,6,Transliterated Hindi,1,True
mobile bill bhara rs 36019,personal_employee_benefit,6,Transliterated Hindi,1,True
internet recharge rs 47491,personal_employee_benefit,6,Transliterated Hindi,1,True
internet recharge rs 1430,personal_employee_benefit,6,Transliterated Hindi,1,True
internet recharge rs 21205,personal_employee_benefit,6,Transliterated Hindi,1,True
diwali gift diya rs 12943,personal_employee_benefit,6,Transliterated Hindi,1,True
mobile bill bhara rs 5559,personal_employee_benefit,6,Transliterated Hindi,1,True
travel allowance rs 15851,personal_employee_benefit,6,Transliterated Hindi,1,True
travel allowance rs 20456,personal_employee_benefit,6,Transliterated Hindi,1,True
diwali gift diya rs 48570,personal_employee_benefit,6,Transliterated Hindi,1,True
diwali gift diya rs 43945,personal_employee_benefit,6,Transliterated Hindi,1,True
mobile bill bhara rs 14923,personal_employee_benefit,6,Transliterated Hindi,1,True
uniform silwaya rs 13190,personal_employee_benefit,6,Transliterated Hindi,1,True
mobile bill bhara rs 45905,personal_employee_benefit,6,Transliterated Hindi,1,True
travel allowance rs 46217,personal_employee_benefit,6,Transliterated Hindi,1,True
uniform silwaya rs 37154,personal_employee_benefit,6,Transliterated Hindi,1,True
travel allowance rs 21998,personal_employee_benefit,6,Transliterated Hindi,1,True
mobile bill bhara rs 25984,personal_employee_benefit,6,Transliterated Hindi,1,True
uniform silwaya rs 11445,personal_employee_benefit,6,Transliterated Hindi,1,True
uniform silwaya rs 47754,personal_employee_benefit,6,Transliterated Hindi,1,True
travel allowance rs 27885,personal_employee_benefit,6,Transliterated Hindi,1,True
uniform silwaya rs 30887,personal_employee_benefit,6,Transliterated Hindi,1,True
uniform silwaya rs 11505,personal_employee_benefit,6,Transliterated Hindi,1,True
diwali gift diya rs 45867,personal_employee_benefit,6,Transliterated Hindi,1,True
internet recharge rs 16453,personal_employee_benefit,6,Transliterated Hindi,1,True
internet recharge rs 37133,personal_employee_benefit,6,Transliterated Hindi,1,True
travel allowance rs 39687,personal_employee_benefit,6,Transliterated Hindi,1,True
diwali gift diya rs 14835,personal_employee_benefit,6,Transliterated Hindi,1,True
travel allowance rs 11641,personal_employee_benefit,6,Transliterated Hindi,1,True
travel allowance rs 48182,personal_employee_benefit,6,Transliterated Hindi,1,True
internet recharge rs 39272,personal_employee_benefit,6,Transliterated Hindi,1,True
internet recharge rs 10355,personal_employee_benefit,6,Transliterated Hindi,1,True
uniform silwaya rs 15060,personal_employee_benefit,6,Transliterated Hindi,1,True
mobile bill bhara rs 5538,personal_employee_benefit,6,Transliterated Hindi,1,True
mobile bill bhara rs 12836,personal_employee_benefit,6,Transliterated Hindi,1,True
internet recharge rs 38893,personal_employee_benefit,6,Transliterated Hindi,1,True
uniform silwaya rs 43106,personal_employee_benefit,6,Transliterated Hindi,1,True
uniform silwaya rs 31855,personal_employee_benefit,6,Transliterated Hindi,1,True
internet recharge rs 22594,personal_employee_benefit,6,Transliterated Hindi,1,True
internet recharge rs 14339,personal_employee_benefit,6,Transliterated Hindi,1,True
internet recharge rs 11432,personal_employee_benefit,6,Transliterated Hindi,1,True
diwali gift diya rs 46661,personal_employee_benefit,6,Transliterated Hindi,1,True
travel allowance rs 31093,personal_employee_benefit,6,Transliterated Hindi,1,True
diwali gift diya rs 27255,personal_employee_benefit,6,Transliterated Hindi,1,True
diwali gift diya rs 20073,personal_employee_benefit,6,Transliterated Hindi,1,True
diwali gift diya rs 43141,personal_employee_benefit,6,Transliterated Hindi,1,True
internet recharge rs 3394,personal_employee_benefit,6,Transliterated Hindi,1,True
uniform silwaya rs 5884,personal_employee_benefit,6,Transliterated Hindi,1,True
travel allowance rs 32181,personal_employee_benefit,6,Transliterated Hindi,1,True
internet recharge rs 5395,personal_employee_benefit,6,Transliterated Hindi,1,True
diwali gift diya rs 30657,personal_employee_benefit,6,Transliterated Hindi,1,True
travel allowance rs 5486,personal_employee_benefit,6,Transliterated Hindi,1,True
internet recharge rs 38371,personal_employee_benefit,6,Transliterated Hindi,1,True
internet recharge rs 42894,personal_employee_benefit,6,Transliterated Hindi,1,True
uniform silwaya rs 5292,personal_employee_benefit,6,Transliterated Hindi,1,True
uniform si1waya rs 38006,personal_employee_benefit,6,Transliterated Hindi,1,True
internet recharge rs 44207,personal_employee_benefit,6,Transliterated Hindi,1,True
uniform silwaya rs 35522,personal_employee_benefit,6,Transliterated Hindi,1,True
uniform silwaya rs 32485,personal_employee_benefit,6,Transliterated Hindi,1,True
internet recharge rs 47771,personal_employee_benefit,6,Transliterated Hindi,1,True
uniform silwaya rs 39509,personal_employee_benefit,6,Transliterated Hindi,1,True
internet recharge rs 27733,personal_employee_benefit,6,Transliterated Hindi,1,True
diwali gift diya rs 23125,personal_employee_benefit,6,Transliterated Hindi,1,True
internet recharge rs 13044,personal_employee_benefit,6,Transliterated Hindi,1,True
diwali gift diya rs 49070,personal_employee_benefit,6,Transliterated Hindi,1,True
internet recharge rs 31443,personal_employee_benefit,6,Transliterated Hindi,1,True
mobile bill bhara rs 11833,personal_employee_benefit,6,Transliterated Hindi,1,True
internet recharge rs 39710,personal_employee_benefit,6,Transliterated Hindi,1,True
mobile bill bhara rs 39627,personal_employee_benefit,6,Transliterated Hindi,1,True
mobile bill bhara rs 482,personal_employee_benefit,6,Transliterated Hindi,1,True
travel allowance rs 7196,personal_employee_benefit,6,Transliterated Hindi,1,True
diwali gift diya rs 18466,personal_employee_benefit,6,Transliterated Hindi,1,True
travel allowance rs 25808,personal_employee_benefit,6,Transliterated Hindi,1,True
uniform silwaya rs 40599,personal_employee_benefit,6,Transliterated Hindi,1,True
diwali gift diya rs 47292,personal_employee_benefit,6,Transliterated Hindi,1,True
internet recharge rs 16626,personal_employee_benefit,6,Transliterated Hindi,1,True
uniform silwaya rs 21702,personal_employee_benefit,6,Transliterated Hindi,1,True
diwali gift diya rs 18248,personal_employee_benefit,6,Transliterated Hindi,1,True
internet recharge rs 49168,personal_employee_benefit,6,Transliterated Hindi,1,True
diwali gift diya rs 14440,personal_employee_benefit,6,Transliterated Hindi,1,True
diwali gift diya rs 2451,personal_employee_benefit,6,Transliterated Hindi,1,True
uniform silwaya rs 43936,personal_employee_benefit,6,Transliterated Hindi,1,True
diwali gift diya rs 8998,personal_employee_benefit,6,Transliterated Hindi,1,True
travel al1owance rs 27252,personal_employee_benefit,6,Transliterated Hindi,1,True
diwali gift diya rs 22989,personal_employee_benefit,6,Transliterated Hindi,1,True
travel allowance rs 23674,personal_employee_benefit,6,Transliterated Hindi,1,True
mobile bill bhara rs 45777,personal_employee_benefit,6,Transliterated Hindi,1,True
internet recharge rs 44310,personal_employee_benefit,6,Transliterated Hindi,1,True
mobile bill bhara rs 24448,personal_employee_benefit,6,Transliterated Hindi,1,True
internet recharge rs 26009,personal_employee_benefit,6,Transliterated Hindi,1,True
travel allowance rs 36748,personal_employee_benefit,6,Transliterated Hindi,1,True
mobile bill bhara rs 45780,personal_employee_benefit,6,Transliterated Hindi,1,True
mobile bill bhara rs 9254,personal_employee_benefit,6,Transliterated Hindi,1,True
diwali gift diya rs 35548,personal_employee_benefit,6,Transliterated Hindi,1,True
mobile bill bhara rs 21514,personal_employee_benefit,6,Transliterated Hindi,1,True
uniform silwaya rs 31576,personal_employee_benefit,6,Transliterated Hindi,1,True
uniform silwaya rs 43913,personal_employee_benefit,6,Transliterated Hindi,1,True
uniform silwaya rs 24491,personal_employee_benefit,6,Transliterated Hindi,1,True
travel allowance rs 44095,personal_employee_benefit,6,Transliterated Hindi,1,True
internet recharge rs 38076,personal_employee_benefit,6,Transliterated Hindi,1,True
internet recharge rs 15983,personal_employee_benefit,6,Transliterated Hindi,1,True
uniform silwaya rs 21944,personal_employee_benefit,6,Transliterated Hindi,1,True
uniform silwaya rs 47036,personal_employee_benefit,6,Transliterated Hindi,1,True
uniform silwaya rs 28185,personal_employee_benefit,6,Transliterated Hindi,1,True
travel allowance rs 34421,personal_employee_benefit,6,Transliterated Hindi,1,True
travel allowance rs 36036,personal_employee_benefit,6,Transliterated Hindi,1,True
internet recharge rs 15256,personal_employee_benefit,6,Transliterated Hindi,1,True
uniform silwaya rs 26602,personal_employee_benefit,6,Transliterated Hindi,1,True
mobile bill bhara rs 23681,personal_employee_benefit,6,Transliterated Hindi,1,True
uniform silwaya rs 13465,personal_employee_benefit,6,Transliterated Hindi,1,True
internet recharge rs 32299,personal_employee_benefit,6,Transliterated Hindi,1,True
travel allowance rs 30207,personal_employee_benefit,6,Transliterated Hindi,1,True
mobile bill bhara rs 19023,personal_employee_benefit,6,Transliterated Hindi,1,True
diwali gift diya rs 34820,personal_employee_benefit,6,Transliterated Hindi,1,True
uniform silwaya rs 3150,personal_employee_benefit,6,Transliterated Hindi,1,True
diwali gift diya rs 28385,personal_employee_benefit,6,Transliterated Hindi,1,True
diwali gift diya rs 31993,personal_employee_benefit,6,Transliterated Hindi,1,True
travel allowance rs 29687,personal_employee_benefit,6,Transliterated Hindi,1,True
mobile bill bhara rs 16397,personal_employee_benefit,6,Transliterated Hindi,1,True
diwali gift diya rs 15585,personal_employee_benefit,6,Transliterated Hindi,1,True
uniform silwaya rs 2926,personal_employee_benefit,6,Transliterated Hindi,1,True
travel allowance rs 36709,personal_employee_benefit,6,Transliterated Hindi,1,True
mobile bill bhara rs 12406,personal_employee_benefit,6,Transliterated Hindi,1,True
travel allowance rs 11241,personal_employee_benefit,6,Transliterated Hindi,1,True
diwali gift diya rs 40474,personal_employee_benefit,6,Transliterated Hindi,1,True
diwali gift diya rs 37916,personal_employee_benefit,6,Transliterated Hindi,1,True
diwali gift diya rs 43693,personal_employee_benefit,6,Transliterated Hindi,1,True
mobile bill bhara rs 49385,personal_employee_benefit,6,Transliterated Hindi,1,True
uniform silwaya rs 11307,personal_employee_benefit,6,Transliterated Hindi,1,True
mobile bill bhara rs 47096,personal_employee_benefit,6,Transliterated Hindi,1,True
diwali gift diya rs 23929,personal_employee_benefit,6,Transliterated Hindi,1,True
internet recharge rs 40940,personal_employee_benefit,6,Transliterated Hindi,1,True
internet recharge rs 13794,personal_employee_benefit,6,Transliterated Hindi,1,True
internet recharge rs 1B880,personal_employee_benefit,6,Transliterated Hindi,1,True
diwali gift diya rs 31419,personal_employee_benefit,6,Transliterated Hindi,1,True
travel allowance rs 31591,personal_employee_benefit,6,Transliterated Hindi,1,True
diwali gift diya rs 49027,personal_employee_benefit,6,Transliterated Hindi,1,True
uniform silwaya rs 47254,personal_employee_benefit,6,Transliterated Hindi,1,True
diwali gift diya rs 16670,personal_employee_benefit,6,Transliterated Hindi,1,True
internet recharge rs 2502,personal_employee_benefit,6,Transliterated Hindi,1,True
uniform silwaya rs 23577,personal_employee_benefit,6,Transliterated Hindi,1,True
diwali gift diya rs 25026,personal_employee_benefit,6,Transliterated Hindi,1,True
mobile bill bhara rs 2127,personal_employee_benefit,6,Transliterated Hindi,1,True
mobile bill bhara rs 31167,personal_employee_benefit,6,Transliterated Hindi,1,True
internet recharge rs 10582,personal_employee_benefit,6,Transliterated Hindi,1,True
uniform silwaya rs 35117,personal_employee_benefit,6,Transliterated Hindi,1,True
uniform silwaya rs 13554,personal_employee_benefit,6,Transliterated Hindi,1,True
travel allowance rs 48639,personal_employee_benefit,6,Transliterated Hindi,1,True
mobile bill bhara rs 47453,personal_employee_benefit,6,Transliterated Hindi,1,True
diwali gift diya rs 31751,personal_employee_benefit,6,Transliterated Hindi,1,True
travel allowance rs 11424,personal_employee_benefit,6,Transliterated Hindi,1,True
internet recharge rs 18339,personal_employee_benefit,6,Transliterated Hindi,1,True
travel allowance rs 47306,personal_employee_benefit,6,Transliterated Hindi,1,True
travel allowance rs 35828,personal_employee_benefit,6,Transliterated Hindi,1,True
uniform silwaya rs 35482,personal_employee_benefit,6,Transliterated Hindi,1,True
internet recharge rs 26737,personal_employee_benefit,6,Transliterated Hindi,1,True
internet recharge rs 19745,personal_employee_benefit,6,Transliterated Hindi,1,True
travel allowance rs 2539,personal_employee_benefit,6,Transliterated Hindi,1,True
travel allowance rs 31449,personal_employee_benefit,6,Transliterated Hindi,1,True
internet recharge rs 22430,personal_employee_benefit,6,Transliterated Hindi,1,True
internet recharge rs 29750,personal_employee_benefit,6,Transliterated Hindi,1,True
uniform silwaya rs 9958,personal_employee_benefit,6,Transliterated Hindi,1,True
uniform silwaya rs 10828,personal_employee_benefit,6,Transliterated Hindi,1,True
mobile bill bhara rs 36129,personal_employee_benefit,6,Transliterated Hindi,1,True
travel allowance rs 42253,personal_employee_benefit,6,Transliterated Hindi,1,True
mobile bill bhara rs 46759,personal_employee_benefit,6,Transliterated Hindi,1,True
ગિફ્ટ રૂ 42406,personal_employee_benefit,6,Gujarati,2,True
ગિફ્ટ રૂ 9144,personal_employee_benefit,6,Gujarati,2,True
કર્મચારી કલ્યાણ રૂ 34378,personal_employee_benefit,6,Gujarati,2,True
ગિફ્ટ રૂ 8916,personal_employee_benefit,6,Gujarati,2,True
ઇન્ટરનેટ રૂ 25165,personal_employee_benefit,6,Gujarati,2,True
ગણવેશ રૂ 9462,personal_employee_benefit,6,Gujarati,2,True
કર્મચારી કલ્યાણ રૂ 25829,personal_employee_benefit,6,Gujarati,2,True
કર્મચારી કલ્યાણ રૂ 38117,personal_employee_benefit,6,Gujarati,2,True
મોબાઇલ રૂ 19463,personal_employee_benefit,6,Gujarati,2,True
ઇન્ટરનેટ રૂ 8116,personal_employee_benefit,6,Gujarati,2,True
કર્મચારી કલ્યાણ રૂ 26148,personal_employee_benefit,6,Gujarati,2,True
ગણવેશ રૂ 34252,personal_employee_benefit,6,Gujarati,2,True
ગિફ્ટ રૂ 10576,personal_employee_benefit,6,Gujarati,2,True
મોબાઇલ રૂ 28422,personal_employee_benefit,6,Gujarati,2,True
મોબાઇલ રૂ 8613,personal_employee_benefit,6,Gujarati,2,True
ગિફ્ટ રૂ 42402,personal_employee_benefit,6,Gujarati,2,True
ગણવેશ રૂ 34038,personal_employee_benefit,6,Gujarati,2,True
ગણવેશ રૂ 3864,personal_employee_benefit,6,Gujarati,2,True
મોબાઇલ રૂ 33847,personal_employee_benefit,6,Gujarati,2,True
મોબાઇલ રૂ 5870,personal_employee_benefit,6,Gujarati,2,True
ગિફ્ટ રૂ 36570,personal_employee_benefit,6,Gujarati,2,True
ઇન્ટરનેટ રૂ 11198,personal_employee_benefit,6,Gujarati,2,True
મોબાઇલ રૂ 45729,personal_employee_benefit,6,Gujarati,2,True
ગિફ્ટ રૂ 27459,personal_employee_benefit,6,Gujarati,2,True
ભથ્થું રૂ 45809,personal_employee_benefit,6,Gujarati,2,True
મોબાઇલ રૂ 40996,personal_employee_benefit,6,Gujarati,2,True
ભથ્થું રૂ 22683,personal_employee_benefit,6,Gujarati,2,True
ભથ્થું રૂ 27621,personal_employee_benefit,6,Gujarati,2,True
ઇન્ટરનેટ રૂ 46879,personal_employee_benefit,6,Gujarati,2,True
ગિફ્ટ રૂ 702,personal_employee_benefit,6,Gujarati,2,True
ગણવેશ રૂ 45704,personal_employee_benefit,6,Gujarati,2,True
ઇન્ટરનેટ રૂ 31514,personal_employee_benefit,6,Gujarati,2,True
કર્મચારી કલ્યાણ રૂ 10958,personal_employee_benefit,6,Gujarati,2,True
ભથ્થું રૂ 40739,personal_employee_benefit,6,Gujarati,2,True
મોબાઇલ રૂ 9398,personal_employee_benefit,6,Gujarati,2,True
કર્મચારી કલ્યાણ રૂ 45085,personal_employee_benefit,6,Gujarati,2,True
ગણવેશ રૂ 36367,personal_employee_benefit,6,Gujarati,2,True
મોબાઇલ રૂ 16386,personal_employee_benefit,6,Gujarati,2,True
ગિફ્ટ રૂ 9214,personal_employee_benefit,6,Gujarati,2,True
ઇન્ટરનેટ રૂ 4213,personal_employee_benefit,6,Gujarati,2,True
ગણવેશ રૂ 7279,personal_employee_benefit,6,Gujarati,2,True
કર્મચારી કલ્યાણ રૂ 36095,personal_employee_benefit,6,Gujarati,2,True
ભથ્થું રૂ 37513,personal_employee_benefit,6,Gujarati,2,True
ગિફ્ટ રૂ 37772,personal_employee_benefit,6,Gujarati,2,True
કર્મચારી કલ્યાણ રૂ 16354,personal_employee_benefit,6,Gujarati,2,True
મોબાઇલ રૂ 15463,personal_employee_benefit,6,Gujarati,2,True
ગણવેશ રૂ 4602,personal_employee_benefit,6,Gujarati,2,True
મોબાઇલ રૂ 42053,personal_employee_benefit,6,Gujarati,2,True
ગણવેશ રૂ 46077,personal_employee_benefit,6,Gujarati,2,True
ગણવેશ રૂ 12977,personal_employee_benefit,6,Gujarati,2,True
ગણવેશ રૂ 46236,personal_employee_benefit,6,Gujarati,2,True
ગણવેશ રૂ 43441,personal_employee_benefit,6,Gujarati,2,True
કર્મચારી કલ્યાણ રૂ 15489,personal_employee_benefit,6,Gujarati,2,True
ગણવેશ રૂ 29312,personal_employee_benefit,6,Gujarati,2,True
મોબાઇલ રૂ 12268,personal_employee_benefit,6,Gujarati,2,True
કર્મચારી કલ્યાણ રૂ 28764,personal_employee_benefit,6,Gujarati,2,True
ઇન્ટરનેટ રૂ 30926,personal_employee_benefit,6,Gujarati,2,True
કર્મચારી કલ્યાણ રૂ 13858,personal_employee_benefit,6,Gujarati,2,True
ઇન્ટરનેટ રૂ 45454,personal_employee_benefit,6,Gujarati,2,True
કર્મચારી કલ્યાણ રૂ 45845,personal_employee_benefit,6,Gujarati,2,True
મોબાઇલ રૂ 13933,personal_employee_benefit,6,Gujarati,2,True
ગિફ્ટ રૂ 21058,personal_employee_benefit,6,Gujarati,2,True
કર્મચારી કલ્યાણ રૂ 15947,personal_employee_benefit,6,Gujarati,2,True
ઇન્ટરનેટ રૂ 6522,personal_employee_benefit,6,Gujarati,2,True
ગિફ્ટ રૂ 42553,personal_employee_benefit,6,Gujarati,2,True
ગિફ્ટ રૂ 9605,personal_employee_benefit,6,Gujarati,2,True
મોબાઇલ રૂ 23638,personal_employee_benefit,6,Gujarati,2,True
ગિફ્ટ રૂ 23691,personal_employee_benefit,6,Gujarati,2,True
કર્મચારી કલ્યાણ રૂ 41101,personal_employee_benefit,6,Gujarati,2,True
મોબાઇલ રૂ 9761,personal_employee_benefit,6,Gujarati,2,True
મોબાઇલ રૂ 47670,personal_employee_benefit,6,Gujarati,2,True
કર્મચારી કલ્યાણ રૂ 7826,personal_employee_benefit,6,Gujarati,2,True
ગણવેશ રૂ 17364,personal_employee_benefit,6,Gujarati,2,True
ભથ્થું રૂ 19490,personal_employee_benefit,6,Gujarati,2,True
ભથ્થું રૂ 8682,personal_employee_benefit,6,Gujarati,2,True
મોબાઇલ રૂ 13630,personal_employee_benefit,6,Gujarati,2,True
ભથ્થું રૂ 12869,personal_employee_benefit,6,Gujarati,2,True
ગિફ્ટ રૂ 48820,personal_employee_benefit,6,Gujarati,2,True
ઇન્ટરનેટ રૂ 27887,personal_employee_benefit,6,Gujarati,2,True
ગણવેશ રૂ 2239B,personal_employee_benefit,6,Gujarati,2,True
કર્મચારી કલ્યાણ રૂ 31557,personal_employee_benefit,6,Gujarati,2,True
મોબાઇલ રૂ 7043,personal_employee_benefit,6,Gujarati,2,True
કર્મચારી કલ્યાણ રૂ 24190,personal_employee_benefit,6,Gujarati,2,True
કર્મચારી કલ્યાણ રૂ 21085,personal_employee_benefit,6,Gujarati,2,True
ગિફ્ટ રૂ 27724,personal_employee_benefit,6,Gujarati,2,True
ઇન્ટરનેટ રૂ 115O7,personal_employee_benefit,6,Gujarati,2,True
ભથ્થું રૂ 37724,personal_employee_benefit,6,Gujarati,2,True
કર્મચારી કલ્યાણ રૂ 36628,personal_employee_benefit,6,Gujarati,2,True
ગિફ્ટ રૂ 46142,personal_employee_benefit,6,Gujarati,2,True
ગિફ્ટ રૂ 1952,personal_employee_benefit,6,Gujarati,2,True
ભથ્થું રૂ 21210,personal_employee_benefit,6,Gujarati,2,True
ભથ્થું રૂ 12421,personal_employee_benefit,6,Gujarati,2,True
ઇન્ટરનેટ રૂ 5990,personal_employee_benefit,6,Gujarati,2,True
ઇન્ટરનેટ રૂ 34491,personal_employee_benefit,6,Gujarati,2,True
ગિફ્ટ રૂ 6945,personal_employee_benefit,6,Gujarati,2,True
ગણવેશ રૂ 5495,personal_employee_benefit,6,Gujarati,2,True
મોબાઇલ રૂ 13507,personal_employee_benefit,6,Gujarati,2,True
ગિફ્ટ રૂ 12286,personal_employee_benefit,6,Gujarati,2,True
ગણવેશ રૂ 15626,personal_employee_benefit,6,Gujarati,2,True
કર્મચારી કલ્યાણ રૂ 19737,personal_employee_benefit,6,Gujarati,2,True
ગિફ્ટ રૂ 33111,personal_employee_benefit,6,Gujarati,2,True
કર્મચારી કલ્યાણ રૂ 24174,personal_employee_benefit,6,Gujarati,2,True
ઇન્ટરનેટ રૂ 23865,personal_employee_benefit,6,Gujarati,2,True
ગિફ્ટ રૂ 32810,personal_employee_benefit,6,Gujarati,2,True
ઇન્ટરનેટ રૂ 38894,personal_employee_benefit,6,Gujarati,2,True
ભથ્થું રૂ 29042,personal_employee_benefit,6,Gujarati,2,True
ગણવેશ રૂ 46590,personal_employee_benefit,6,Gujarati,2,True
ભથ્થું રૂ 28579,personal_employee_benefit,6,Gujarati,2,True
ભથ્થું રૂ 33516,personal_employee_benefit,6,Gujarati,2,True
ગિફ્ટ રૂ 11610,personal_employee_benefit,6,Gujarati,2,True
ઇન્ટરનેટ રૂ 37585,personal_employee_benefit,6,Gujarati,2,True
ગણવેશ રૂ 33946,personal_employee_benefit,6,Gujarati,2,True
ઇન્ટરનેટ રૂ 23975,personal_employee_benefit,6,Gujarati,2,True
ગણવેશ રૂ 41369,personal_employee_benefit,6,Gujarati,2,True
ગણવેશ રૂ 35794,personal_employee_benefit,6,Gujarati,2,True
ઇન્ટરનેટ રૂ 29995,personal_employee_benefit,6,Gujarati,2,True
ગણવેશ રૂ 30852,personal_employee_benefit,6,Gujarati,2,True
ભથ્થું રૂ 5660,personal_employee_benefit,6,Gujarati,2,True
ભથ્થું રૂ 32281,personal_employee_benefit,6,Gujarati,2,True
ઇન્ટરનેટ રૂ 31073,personal_employee_benefit,6,Gujarati,2,True
ગિફ્ટ રૂ 10240,personal_employee_benefit,6,Gujarati,2,True
ગિફ્ટ રૂ 31208,personal_employee_benefit,6,Gujarati,2,True
ઇન્ટરનેટ રૂ 2039,personal_employee_benefit,6,Gujarati,2,True
મોબાઇલ રૂ 18676,personal_employee_benefit,6,Gujarati,2,True
ગણવેશ રૂ 21440,personal_employee_benefit,6,Gujarati,2,True
ઇન્ટરનેટ રૂ 1382,personal_employee_benefit,6,Gujarati,2,True
મોબાઇલ રૂ 31828,personal_employee_benefit,6,Gujarati,2,True
ગિફ્ટ રૂ 29664,personal_employee_benefit,6,Gujarati,2,True
ભથ્થું રૂ 48116,personal_employee_benefit,6,Gujarati,2,True
કર્મચારી કલ્યાણ રૂ 39458,personal_employee_benefit,6,Gujarati,2,True
ગિફ્ટ રૂ 31364,personal_employee_benefit,6,Gujarati,2,True
ઇન્ટરનેટ રૂ 22972,personal_employee_benefit,6,Gujarati,2,True
ઇન્ટરનેટ રૂ 19291,personal_employee_benefit,6,Gujarati,2,True
ગણવેશ રૂ 49876,personal_employee_benefit,6,Gujarati,2,True
ઇન્ટરનેટ રૂ 11044,personal_employee_benefit,6,Gujarati,2,True
કર્મચારી કલ્યાણ રૂ 29840,personal_employee_benefit,6,Gujarati,2,True
ઇન્ટરનેટ રૂ 9655,personal_employee_benefit,6,Gujarati,2,True
કર્મચારી કલ્યાણ રૂ 5577,personal_employee_benefit,6,Gujarati,2,True
મોબાઇલ રૂ 19668,personal_employee_benefit,6,Gujarati,2,True
ઇન્ટરનેટ રૂ 36764,personal_employee_benefit,6,Gujarati,2,True
કર્મચારી કલ્યાણ રૂ 21169,personal_employee_benefit,6,Gujarati,2,True
મોબાઇલ રૂ 27513,personal_employee_benefit,6,Gujarati,2,True
ગણવેશ રૂ 27245,personal_employee_benefit,6,Gujarati,2,True
ગિફ્ટ રૂ 29590,personal_employee_benefit,6,Gujarati,2,True
ઇન્ટરનેટ રૂ 13527,personal_employee_benefit,6,Gujarati,2,True
મોબાઇલ રૂ 23657,personal_employee_benefit,6,Gujarati,2,True
ભથ્થું રૂ 4343,personal_employee_benefit,6,Gujarati,2,True
મોબાઇલ રૂ 11928,personal_employee_benefit,6,Gujarati,2,True
મોબાઇલ રૂ 44303,personal_employee_benefit,6,Gujarati,2,True
ભથ્થું રૂ 30720,personal_employee_benefit,6,Gujarati,2,True
ગણવેશ રૂ 10240,personal_employee_benefit,6,Gujarati,2,True
ભથ્થું રૂ 48276,personal_employee_benefit,6,Gujarati,2,True
ઇન્ટરનેટ રૂ 10798,personal_employee_benefit,6,Gujarati,2,True
ગિફ્ટ રૂ 31739,personal_employee_benefit,6,Gujarati,2,True
કર્મચારી કલ્યાણ રૂ 17358,personal_employee_benefit,6,Gujarati,2,True
કર્મચારી કલ્યાણ રૂ 9927,personal_employee_benefit,6,Gujarati,2,True
કર્મચારી કલ્યાણ રૂ 43230,personal_employee_benefit,6,Gujarati,2,True
મોબાઇલ રૂ 6367,personal_employee_benefit,6,Gujarati,2,True
ગણવેશ રૂ 20097,personal_employee_benefit,6,Gujarati,2,True
ભથ્થું રૂ 5158,personal_employee_benefit,6,Gujarati,2,True
ભથ્થું રૂ 34513,personal_employee_benefit,6,Gujarati,2,True
ઇન્ટરનેટ રૂ 2702,personal_employee_benefit,6,Gujarati,2,True
ઇન્ટરનેટ રૂ 31499,personal_employee_benefit,6,Gujarati,2,True
ગણવેશ રૂ 42468,personal_employee_benefit,6,Gujarati,2,True
ગણવેશ રૂ 16250,personal_employee_benefit,6,Gujarati,2,True
ગિફ્ટ રૂ 17976,personal_employee_benefit,6,Gujarati,2,True
ગણવેશ રૂ 16035,personal_employee_benefit,6,Gujarati,2,True
મોબાઇલ રૂ 4887,personal_employee_benefit,6,Gujarati,2,True
મોબાઇલ રૂ 21272,personal_employee_benefit,6,Gujarati,2,True
ગિફ્ટ રૂ 16534,personal_employee_benefit,6,Gujarati,2,True
ગણવેશ રૂ 21894,personal_employee_benefit,6,Gujarati,2,True
કર્મચારી કલ્યાણ રૂ 17119,personal_employee_benefit,6,Gujarati,2,True
ઇન્ટરનેટ રૂ 34174,personal_employee_benefit,6,Gujarati,2,True
કર્મચારી કલ્યાણ રૂ 42501,personal_employee_benefit,6,Gujarati,2,True
મોબાઇલ રૂ 2351,personal_employee_benefit,6,Gujarati,2,True
ગણવેશ રૂ 14386,personal_employee_benefit,6,Gujarati,2,True
ગિફ્ટ રૂ 1881,personal_employee_benefit,6,Gujarati,2,True
ગણવેશ રૂ 17496,personal_employee_benefit,6,Gujarati,2,True
ગિફ્ટ રૂ 16194,personal_employee_benefit,6,Gujarati,2,True
ગણવેશ રૂ 3162,personal_employee_benefit,6,Gujarati,2,True
મોબાઇલ રૂ 13210,personal_employee_benefit,6,Gujarati,2,True
ભથ્થું રૂ 5893,personal_employee_benefit,6,Gujarati,2,True
ગણવેશ રૂ 48145,personal_employee_benefit,6,Gujarati,2,True
ઇન્ટરનેટ રૂ 36937,personal_employee_benefit,6,Gujarati,2,True
મોબાઇલ રૂ 34845,personal_employee_benefit,6,Gujarati,2,True
ઇન્ટરનેટ રૂ 30541,personal_employee_benefit,6,Gujarati,2,True
કર્મચારી કલ્યાણ રૂ 3253,personal_employee_benefit,6,Gujarati,2,True
ગિફ્ટ રૂ 31650,personal_employee_benefit,6,Gujarati,2,True
કર્મચારી કલ્યાણ રૂ 29934,personal_employee_benefit,6,Gujarati,2,True
ભથ્થું રૂ 43392,personal_employee_benefit,6,Gujarati,2,True
કર્મચારી કલ્યાણ રૂ 39365,personal_employee_benefit,6,Gujarati,2,True
કર્મચારી કલ્યાણ રૂ 43776,personal_employee_benefit,6,Gujarati,2,True
ગણવેશ રૂ 22265,personal_employee_benefit,6,Gujarati,2,True
ગણવેશ રૂ 40552,personal_employee_benefit,6,Gujarati,2,True
ભથ્થું રૂ 17220,personal_employee_benefit,6,Gujarati,2,True
ગિફ્ટ રૂ 5134,personal_employee_benefit,6,Gujarati,2,True
ભથ્થું રૂ 19866,personal_employee_benefit,6,Gujarati,2,True
ગિફ્ટ રૂ 2770,personal_employee_benefit,6,Gujarati,2,True
ઇન્ટરનેટ રૂ 4161,personal_employee_benefit,6,Gujarati,2,True
કર્મચારી કલ્યાણ રૂ 47505,personal_employee_benefit,6,Gujarati,2,True
મોબાઇલ રૂ 6973,personal_employee_benefit,6,Gujarati,2,True
મોબાઇલ રૂ 39836,personal_employee_benefit,6,Gujarati,2,True
ગણવેશ રૂ 10239,personal_employee_benefit,6,Gujarati,2,True
કર્મચારી કલ્યાણ રૂ 22134,personal_employee_benefit,6,Gujarati,2,True
ગણવેશ રૂ 20368,personal_employee_benefit,6,Gujarati,2,True
ગિફ્ટ રૂ 20091,personal_employee_benefit,6,Gujarati,2,True
મોબાઇલ રૂ 40397,personal_employee_benefit,6,Gujarati,2,True
ઇન્ટરનેટ રૂ 12886,personal_employee_benefit,6,Gujarati,2,True
ભથ્થું રૂ 10321,personal_employee_benefit,6,Gujarati,2,True
ગિફ્ટ રૂ 21267,personal_employee_benefit,6,Gujarati,2,True
ગિફ્ટ રૂ 33549,personal_employee_benefit,6,Gujarati,2,True
ગિફ્ટ રૂ 20254,personal_employee_benefit,6,Gujarati,2,True
ઇન્ટરનેટ રૂ 12764,personal_employee_benefit,6,Gujarati,2,True
મોબાઇલ રૂ 10400,personal_employee_benefit,6,Gujarati,2,True
ઇન્ટરનેટ રૂ 42729,personal_employee_benefit,6,Gujarati,2,True
ભથ્થું રૂ 11212,personal_employee_benefit,6,Gujarati,2,True
ગિફ્ટ રૂ 39070,personal_employee_benefit,6,Gujarati,2,True
ઇન્ટરનેટ રૂ 39667,personal_employee_benefit,6,Gujarati,2,True
મોબાઇલ રૂ 28105,personal_employee_benefit,6,Gujarati,2,True
ઇન્ટરનેટ રૂ 21804,personal_employee_benefit,6,Gujarati,2,True
ઇન્ટરનેટ રૂ 6799,personal_employee_benefit,6,Gujarati,2,True
ઇન્ટરનેટ રૂ 46482,personal_employee_benefit,6,Gujarati,2,True
ગિફ્ટ રૂ 46212,personal_employee_benefit,6,Gujarati,2,True
ગિફ્ટ રૂ 4794,personal_employee_benefit,6,Gujarati,2,True
કર્મચારી કલ્યાણ રૂ 28887,personal_employee_benefit,6,Gujarati,2,True
મોબાઇલ રૂ 15365,personal_employee_benefit,6,Gujarati,2,True
કર્મચારી કલ્યાણ રૂ 4702,personal_employee_benefit,6,Gujarati,2,True
ભથ્થું રૂ 33239,personal_employee_benefit,6,Gujarati,2,True
કર્મચારી કલ્યાણ રૂ 9891,personal_employee_benefit,6,Gujarati,2,True
ગિફ્ટ રૂ 32143,personal_employee_benefit,6,Gujarati,2,True
કર્મચારી કલ્યાણ રૂ 36408,personal_employee_benefit,6,Gujarati,2,True
ઇન્ટરનેટ રૂ 35554,personal_employee_benefit,6,Gujarati,2,True
મોબાઇલ રૂ 25248,personal_employee_benefit,6,Gujarati,2,True
ભથ્થું રૂ 28961,personal_employee_benefit,6,Gujarati,2,True
ગિફ્ટ રૂ 44330,personal_employee_benefit,6,Gujarati,2,True
ગિફ્ટ રૂ 16284,personal_employee_benefit,6,Gujarati,2,True
ભથ્થું રૂ 38930,personal_employee_benefit,6,Gujarati,2,True
ભથ્થું રૂ 435,personal_employee_benefit,6,Gujarati,2,True
કર્મચારી કલ્યાણ રૂ 12614,personal_employee_benefit,6,Gujarati,2,True
ગિફ્ટ રૂ 3123,personal_employee_benefit,6,Gujarati,2,True
ગિફ્ટ રૂ 33687,personal_employee_benefit,6,Gujarati,2,True
ઇન્ટરનેટ રૂ 45747,personal_employee_benefit,6,Gujarati,2,True
મોબાઇલ રૂ 48500,personal_employee_benefit,6,Gujarati,2,True
ભથ્થું રૂ 12850,personal_employee_benefit,6,Gujarati,2,True
ગણવેશ રૂ 39098,personal_employee_benefit,6,Gujarati,2,True
કર્મચારી કલ્યાણ રૂ 49305,personal_employee_benefit,6,Gujarati,2,True
કર્મચારી કલ્યાણ રૂ 5697,personal_employee_benefit,6,Gujarati,2,True
ગિફ્ટ રૂ 24298,personal_employee_benefit,6,Gujarati,2,True
ઇન્ટરનેટ રૂ 14226,personal_employee_benefit,6,Gujarati,2,True
ગિફ્ટ રૂ 20712,personal_employee_benefit,6,Gujarati,2,True
Club fees reimbursement employee Rs 108765,personal_employee_benefit,6,Code-mixed Hindi-English,3,True
Employee welfare fund contribution,personal_employee_benefit,6,Code-mixed Hindi-English,3,True
Mobile phone personal bill reimbursement,personal_employee_benefit,6,Code-mixed Hindi-English,3,True
Marriage gift for employee,personal_employee_benefit,6,Code-mixed Hindi-English,3,True
Birthday gift for team member Rs 31568,personal_employee_benefit,6,Code-mixed Hindi-English,3,True
Home internet bill reimbursement,personal_employee_benefit,6,Code-mixed Hindi-English,3,True
Travel allowance October month,personal_employee_benefit,6,Code-mixed Hindi-English,3,True
Leave travel concession Rs 24799,personal_employee_benefit,6,Code-mixed Hindi-English,3,True
Team building retreat expenses,personal_employee_benefit,6,Code-mixed Hindi-English,3,True
LTA claim for 2026,personal_employee_benefit,6,Code-mixed Hindi-English,3,True
Medical reimbursement employee,personal_employee_benefit,6,Code-mixed Hindi-English,3,True
Travel allowance November month Rs 31301,personal_employee_benefit,6,Code-mixed Hindi-English,3,True
Club fees reimbursement employee Rs 448568,personal_employee_benefit,6,Code-mixed Hindi-English,3,True
Newspaper subscription home delivery,personal_employee_benefit,6,Code-mixed Hindi-English,3,True
Education allowance for staff children Rs 248856,personal_employee_benefit,6,Code-mixed Hindi-English,3,True
Club fees reimbursement employee,personal_employee_benefit,6,Code-mixed Hindi-English,3,True
Relocation allowance for transfer,personal_employee_benefit,6,Code-mixed Hindi-English,3,True
Club fees reimbursement employee Rs 287253,personal_employee_benefit,6,Code-mixed Hindi-English,3,True
Vehicle fuel reimbursement,personal_employee_benefit,6,Code-mixed Hindi-English,3,True
Leave travel concession,personal_employee_benefit,6,Code-mixed Hindi-English,3,True
Uniform stitching for 13 employees,personal_employee_benefit,6,Code-mixed Hindi-English,3,True
Employee engagement activity,personal_employee_benefit,6,Code-mixed Hindi-English,3,True
LTA claim for 2026 Rs 40984,personal_employee_benefit,6,Code-mixed Hindi-English,3,True
Birthday gift for team member Rs 366968,personal_employee_benefit,6,Code-mixed Hindi-English,3,True
Festiva1 bonus advance,personal_employee_benefit,6,Code-mixed Hindi-English,3,True
Birthday gift for team member,personal_employee_benefit,6,Code-mixed Hindi-English,3,True
Transport allowance monthly,personal_employee_benefit,6,Code-mixed Hindi-English,3,True
Medical reimbursement employee Rs 11822,personal_employee_benefit,6,Code-mixed Hindi-English,3,True
Travel allowance March month,personal_employee_benefit,6,Code-mixed Hindi-English,3,True
Education a1lowance for staff chi1dren,personal_employee_benefit,6,Code-mixed Hindi-English,3,True
Housing rent a1lowance admin Rs 452389,personal_employee_benefit,6,Code-mixed Hindi-English,3,True
Team building retreat expenses Rs 350124,personal_employee_benefit,6,Code-mixed Hindi-English,3,True
Leave travel concession Rs 1344,personal_employee_benefit,6,Code-mixed Hindi-English,3,True
Festival bonus advance,personal_employee_benefit,6,Code-mixed Hindi-English,3,True
Gift voucher for employee recognition Rs 295613,personal_employee_benefit,6,Code-mixed Hindi-English,3,True
Medical reimbursement employee Rs 388073,personal_employee_benefit,6,Code-mixed Hindi-English,3,True
Uniform stitching for 38 employees,personal_employee_benefit,6,Code-mixed Hindi-English,3,True
Mobile handset personal Rs 403779,personal_employee_benefit,6,Code-mixed Hindi-English,3,True
Festival bonus advance Rs 2271,personal_employee_benefit,6,Code-mixed Hindi-English,3,True
Leave travel concession Rs 121953,personal_employee_benefit,6,Code-mixed Hindi-English,3,True
Children school fees reimbursement Rs 33993,personal_employee_benefit,6,Code-mixed Hindi-English,3,True
Team building retreat expenses Rs 42730,personal_employee_benefit,6,Code-mixed Hindi-English,3,True
Children school fees reimbursement,personal_employee_benefit,6,Code-mixed Hindi-English,3,True
Mobile handset personal,personal_employee_benefit,6,Code-mixed Hindi-English,3,True
Gift voucher for employee recognition Rs 9879,personal_employee_benefit,6,Code-mixed Hindi-English,3,True
Medical reimbursement employee Rs 153364,personal_employee_benefit,6,Code-mixed Hindi-English,3,True
Uniform stitching for 8 employees,personal_employee_benefit,6,Code-mixed Hindi-English,3,True
Housing rent allowance admin Rs 201431,personal_employee_benefit,6,Code-mixed Hindi-English,3,True
Marriage gift for employee Rs 122493,personal_employee_benefit,6,Code-mixed Hindi-English,3,True
Uniform stitching for 6 employees,personal_employee_benefit,6,Code-mixed Hindi-English,3,True
Transport allowance monthly Rs 38545,personal_employee_benefit,6,Code-mixed Hindi-English,3,True
Mobile phone personal bill reimbursement Rs 25890,personal_employee_benefit,6,Code-mixed Hindi-English,3,True
Mobile phone personal bill reimbursement Rs 12B62S,personal_employee_benefit,6,Code-mixed Hindi-English,3,True
Uniform stitching for 18 employees,personal_employee_benefit,6,Code-mixed Hindi-English,3,True
Diwali gifts for all staff members Rs 138526,personal_employee_benefit,6,Code-mixed Hindi-English,3,True
Vehicle fuel reimbursement Rs 27371,personal_employee_benefit,6,Code-mixed Hindi-English,3,True
Travel allowance April month,personal_employee_benefit,6,Code-mixed Hindi-English,3,True
Home internet bill reimbursement Rs 210785,personal_employee_benefit,6,Code-mixed Hindi-English,3,True
Mobile handset personal Rs 39023,personal_employee_benefit,6,Code-mixed Hindi-English,3,True
Travel allowance July month Rs 10704,personal_employee_benefit,6,Code-mixed Hindi-English,3,True
Food coupon for employee,personal_employee_benefit,6,Code-mixed Hindi-English,3,True
Transport allowance monthly Rs 22018,personal_employee_benefit,6,Code-mixed Hindi-English,3,True
Medical reimbursement employee Rs 393062,personal_employee_benefit,6,Code-mixed Hindi-English,3,True
LTA claim for 2024,personal_employee_benefit,6,Code-mixed Hindi-English,3,True
Mobile handset personal Rs 18384,personal_employee_benefit,6,Code-mixed Hindi-English,3,True
Gift voucher for employee recognition,personal_employee_benefit,6,Code-mixed Hindi-English,3,True
LTA claim for 2024 Rs 122620,personal_employee_benefit,6,Code-mixed Hindi-English,3,True
Newspaper subscription home delivery Rs 26574,personal_employee_benefit,6,Code-mixed Hindi-English,3,True
Gift voucher for employee recognition Rs 15974,personal_employee_benefit,6,Code-mixed Hindi-English,3,True
Uniform stitching for 32 employees,personal_employee_benefit,6,Code-mixed Hindi-English,3,True
Newspaper subscription home delivery Rs 49021,personal_employee_benefit,6,Code-mixed Hindi-English,3,True
Education allowance for staff children,personal_employee_benefit,6,Code-mixed Hindi-English,3,True
Uniform stitching for 41 employees Rs 38519,personal_employee_benefit,6,Code-mixed Hindi-English,3,True
Diwali gifts for all staff members Rs 28535,personal_employee_benefit,6,Code-mixed Hindi-English,3,True
Travel allowance January month Rs 10353,personal_employee_benefit,6,Code-mixed Hindi-English,3,True
Employee welfare fund contribution Rs 32233,personal_employee_benefit,6,Code-mixed Hindi-English,3,True
Marriage gift for employee Rs 466119,personal_employee_benefit,6,Code-mixed Hindi-English,3,True
Mobile phone personal bill reimbursement Rs 431327,personal_employee_benefit,6,Code-mixed Hindi-English,3,True
Home internet bill reimbursement Rs 14442,personal_employee_benefit,6,Code-mixed Hindi-English,3,True
Mobi1e handset personal,personal_employee_benefit,6,Code-mixed Hindi-English,3,True
Mobile handset personal Rs 9858,personal_employee_benefit,6,Code-mixed Hindi-English,3,True
Gift voucher for employee recognition Rs 16960,personal_employee_benefit,6,Code-mixed Hindi-English,3,True
Gift voucher for employee recognition Rs 41446,personal_employee_benefit,6,Code-mixed Hindi-English,3,True
Diwali gifts for all staff members,personal_employee_benefit,6,Code-mixed Hindi-English,3,True
LTA claim for 2026 Rs 44700,personal_employee_benefit,6,Code-mixed Hindi-English,3,True
Festival bonus advance Rs 34848,personal_employee_benefit,6,Code-mixed Hindi-English,3,True
Travel allowance April month Rs 39476,personal_employee_benefit,6,Code-mixed Hindi-English,3,True
Birthday gift for team member Rs 28901,personal_employee_benefit,6,Code-mixed Hindi-English,3,True
Medical reimbursement employee Rs 388297,personal_employee_benefit,6,Code-mixed Hindi-English,3,True
Travel allowance June month,personal_employee_benefit,6,Code-mixed Hindi-English,3,True
Vehicle fuel reimbursement Rs 7842,personal_employee_benefit,6,Code-mixed Hindi-English,3,True
Housing rent allowance admin Rs 336744,personal_employee_benefit,6,Code-mixed Hindi-English,3,True
Mobile phone personal bill reimbursement Rs 24974,personal_employee_benefit,6,Code-mixed Hindi-English,3,True
Team building retreat expenses Rs 317709,personal_employee_benefit,6,Code-mixed Hindi-English,3,True
Birthday gift for team member Rs 43133,personal_employee_benefit,6,Code-mixed Hindi-English,3,True
Employee engagement activity Rs 324416,personal_employee_benefit,6,Code-mixed Hindi-English,3,True
Mobile phone personal bill reimbursement Rs 92238,personal_employee_benefit,6,Code-mixed Hindi-English,3,True
Transport allowance monthly Rs 42571,personal_employee_benefit,6,Code-mixed Hindi-English,3,True
Housing rent allowance admin Rs 16424,personal_employee_benefit,6,Code-mixed Hindi-English,3,True
Employee welfare fund contribution Rs 227409,personal_employee_benefit,6,Code-mixed Hindi-English,3,True
Newspaper subscription home delivery Rs 36309,personal_employee_benefit,6,Code-mixed Hindi-English,3,True
Travel allowance February month Rs 355654,personal_employee_benefit,6,Code-mixed Hindi-English,3,True
Leave travel concession Rs 162343,personal_employee_benefit,6,Code-mixed Hindi-English,3,True
Club fees reimbursement employee Rs 291405,personal_employee_benefit,6,Code-mixed Hindi-English,3,True
LTA claim for 2025,personal_employee_benefit,6,Code-mixed Hindi-English,3,True
Team building retreat expenses Rs 480265,personal_employee_benefit,6,Code-mixed Hindi-English,3,True
Mobile handset personal Rs 31057,personal_employee_benefit,6,Code-mixed Hindi-English,3,True
Newspaper subscription home delivery Rs 369163,personal_employee_benefit,6,Code-mixed Hindi-English,3,True
Diwali gifts for all staff members Rs 357545,personal_employee_benefit,6,Code-mixed Hindi-English,3,True
LTA claim for 2025 Rs 29701,personal_employee_benefit,6,Code-mixed Hindi-English,3,True
Children school fees reimbursement Rs 14350,personal_employee_benefit,6,Code-mixed Hindi-English,3,True
Diwali gifts for all staff members Rs 114563,personal_employee_benefit,6,Code-mixed Hindi-English,3,True
Food coupon for employee Rs 436294,personal_employee_benefit,6,Code-mixed Hindi-English,3,True
Birthday gift for team member Rs 14933,personal_employee_benefit,6,Code-mixed Hindi-English,3,True
Housing rent allowance admin Rs 31764,personal_employee_benefit,6,Code-mixed Hindi-English,3,True
Leave travel concession Rs 7601,personal_employee_benefit,6,Code-mixed Hindi-English,3,True
Diwali gifts for all staff members Rs 13953,personal_employee_benefit,6,Code-mixed Hindi-English,3,True
Mobile handset personal Rs 27113,personal_employee_benefit,6,Code-mixed Hindi-English,3,True
Transport allowance monthly Rs 205457,personal_employee_benefit,6,Code-mixed Hindi-English,3,True
Home internet bill reimbursement Rs 71207,personal_employee_benefit,6,Code-mixed Hindi-English,3,True
Uniform stitching for 43 employees,personal_employee_benefit,6,Code-mixed Hindi-English,3,True
Uniform stitching for 11 employees Rs 17380,personal_employee_benefit,6,Code-mixed Hindi-English,3,True
Marriage gift for employee Rs 42453,personal_employee_benefit,6,Code-mixed Hindi-English,3,True
Children school fees reimbursement Rs 202516,personal_employee_benefit,6,Code-mixed Hindi-English,3,True
Club fees reimbursement employee Rs 16960,personal_employee_benefit,6,Code-mixed Hindi-English,3,True
Food coupon for employee Rs 6117,personal_employee_benefit,6,Code-mixed Hindi-English,3,True
Housing rent allowance admin,personal_employee_benefit,6,Code-mixed Hindi-English,3,True
Education allowance for staff children Rs 461788,personal_employee_benefit,6,Code-mixed Hindi-English,3,True
Travel allowance December month,personal_employee_benefit,6,Code-mixed Hindi-English,3,True
Employee engagement activity Rs 4638,personal_employee_benefit,6,Code-mixed Hindi-English,3,True
Medical reimbursement employee Rs 405550,personal_employee_benefit,6,Code-mixed Hindi-English,3,True
Uniform stitching for 46 employees Rs 156601,personal_employee_benefit,6,Code-mixed Hindi-English,3,True
Diwali gifts for all staff members Rs 38511,personal_employee_benefit,6,Code-mixed Hindi-English,3,True
Uniform stitching for 42 employees Rs 423616,personal_employee_benefit,6,Code-mixed Hindi-English,3,True
Employee engagement activity Rs 20082,personal_employee_benefit,6,Code-mixed Hindi-English,3,True
Employee engagement activity Rs 381541,personal_employee_benefit,6,Code-mixed Hindi-English,3,True
Marriage gift for employee Rs 37133,personal_employee_benefit,6,Code-mixed Hindi-English,3,True
Vehicle fuel reimbursement Rs 245682,personal_employee_benefit,6,Code-mixed Hindi-English,3,True
Newspaper subscription home delivery Rs 8408,personal_employee_benefit,6,Code-mixed Hindi-English,3,True
Mobile handset personal Rs 2455,personal_employee_benefit,6,Code-mixed Hindi-English,3,True
LTA claim for 2026 Rs 12323,personal_employee_benefit,6,Code-mixed Hindi-English,3,True
Employee welfare fund contribution Rs 47766,personal_employee_benefit,6,Code-mixed Hindi-English,3,True
Birthday gift for team member Rs 52944,personal_employee_benefit,6,Code-mixed Hindi-English,3,True
Leave travel concession Rs 59046,personal_employee_benefit,6,Code-mixed Hindi-English,3,True
Transport allowance monthly Rs 368564,personal_employee_benefit,6,Code-mixed Hindi-English,3,True
Food coupon for emp1oyee Rs 363673,personal_employee_benefit,6,Code-mixed Hindi-English,3,True
Travel allowance November month,personal_employee_benefit,6,Code-mixed Hindi-English,3,True
LTA claim for 2024 Rs 24189,personal_employee_benefit,6,Code-mixed Hindi-English,3,True
Housing rent allowance admin Rs 28056,personal_employee_benefit,6,Code-mixed Hindi-English,3,True
